Language,original,english,czech,german,russian,polish,hungarian,italian,spanish,french,chinese,japanese,portuguese,chinesesimp
str_action_predatorspawn,Your activities have attracted some company...,Your activities have attracted some company...,Tvoje počínání přilákalo nezvané hosty...,Deine Aktivitäten haben ungebetene Gäste angelockt...,Ваши действия привлекли незваных гостей…,Twoje działania zwabiły nieproszonych gości...,Tevékenységed hívatlan vendégeket vonzott...,Le tue attività hanno attirato ospiti indesiderati...,Tus actividades han atraído visitas no deseadas...,Vos activités ont attiré de la compagnie...,你的活動引來了不速之客...,あなたの行動が招かれざる客を引き寄せた...,Suas atividades atraíram visitas indesejadas...,你的活动引来了不速之客...
str_action_treasurecatch,Something heavy comes up with your line...,Something heavy comes up with your line...,Tvůj vlasec vytahuje z vody něco těžkého...,Mit deiner Schnur kommt etwas Schweres herauf...,Ваша леска вытягивает что-то тяжёлое…,Twoja żyłka wyciąga z wody coś ciężkiego...,A zsinórod valami nehezet húz fel...,La tua lenza tira su qualcosa di pesante...,Tu sedal saca algo pesado del agua...,Votre ligne remonte quelque chose de lourd...,有個沉重的東西隨你的釣線一起被拉了上來……,釣り糸と一緒に何か重いものが上がってきた……,A sua linha puxa algo pesado...,有个沉重的东西随你的钓线一起被拉了上来……
str_action_digbugs,Dig bugs!,Dig bugs!,Vykopat hmyz!,Insekten ausgraben!,Накопать насекомых!,Wykop robaki!,Ásd a bogarakat!,Scava per prendere insetti!,¡Desenterrar bichos!,Déterrer des insectes !,挖蟲子！,虫を掘る！,Desenterrar insetos!,挖虫子！
str_action_gatherminnows,Gather Minnows!,Gather Minnows!,Lovit střevle!,Elritzen sammeln!,Ловить мальков!,Łów strzeble!,Csalihal gyűjtése!,Raccogli pesciolini!,¡Recoger pececillos!,Récolter des vairons !,收集小魚！,ミノーを集める！,Recolher os peixinhos!,收集小鱼！
str_action_spearfishing,Spear fish!,Spear fish!,Lovit ryby oštěpem!,Mit dem Speer fischen!,Бить рыбу копьём!,Łów ryby włócznią!,Halászat lándzsával!,Pesca con la lancia!,¡Pescar con lanza!,Pêcher à la lance !,用矛捕魚！,槍で魚を突く！,Pescar com lança!,用矛捕鱼！
str_clothes_bluefishinggloves,Blue Fishing Gloves,Blue Fishing Gloves,Modré rybářské rukavice,Blaue Angelhandschuhe,Синие рыболовные перчатки,Niebieskie rękawice wędkarskie,Kék horgászkesztyű,Guanti da pesca blu,Guantes de pesca azules,Gants de pêche bleus,藍色釣魚手套,ブルーのフィッシンググローブ,Luvas de pesca azuis,蓝色钓鱼手套
str_clothes_bluefishinghat,Blue Fishing Hat,Blue Fishing Hat,Modrá rybářská kšiltovka,Blaue Angelkappe,Синяя рыболовная бейсболка,Niebieska czapka wędkarska z daszkiem,Kék horgászsapka,Cappellino da pesca blu,Gorra de pesca azul,Casquette de pêche bleue,藍色釣魚帽,ブルーのフィッシングキャップ,Boné de pesca azul,蓝色钓鱼帽
str_clothes_bluefishingshirt,Blue Fishing Shirt,Blue Fishing Shirt,Modré rybářské tričko,Blaues Angel-T-Shirt,Синяя рыболовная футболка,Niebieska koszulka wędkarska,Kék horgászpóló,Maglietta da pesca blu,Camiseta de pesca azul,T-shirt de pêche bleu,藍色釣魚衫,ブルーのフィッシングTシャツ,T-shirt de pesca azul,蓝色钓鱼衫
str_clothes_greenfishinghat,Green Fishing Hat,Green Fishing Hat,Zelená rybářská kšiltovka,Grüne Angelkappe,Зелёная рыболовная бейсболка,Zielona czapka wędkarska z daszkiem,Zöld horgászsapka,Cappellino da pesca verde,Gorra de pesca verde,Casquette de pêche verte,綠色釣魚帽,グリーンのフィッシングキャップ,Boné de pesca verde,绿色钓鱼帽
str_clothes_greenfishingshirt,Green Fishing Shirt,Green Fishing Shirt,Zelené rybářské tričko,Grünes Angel-T-Shirt,Зелёная рыболовная футболка,Zielona koszulka wędkarska,Zöld horgászpóló,Maglietta da pesca verde,Camiseta de pesca verde,T-shirt de pêche vert,綠色釣魚衫,グリーンのフィッシングTシャツ,T-shirt de pesca verde,绿色钓鱼衫
str_clothes_orangefishinggloves,Orange Fishing Gloves,Orange Fishing Gloves,Oranžové rybářské rukavice,Orange Angelhandschuhe,Оранжевые рыболовные перчатки,Pomarańczowe rękawice wędkarskie,Narancssárga horgászkesztyű,Guanti da pesca arancioni,Guantes de pesca naranja,Gants de pêche orange,橙色釣魚手套,オレンジのフィッシンググローブ,Luvas de pesca laranja,橙色钓鱼手套
str_clothes_purplefishinghat,Purple Fishing Hat,Purple Fishing Hat,Fialová rybářská kšiltovka,Lila Angelkappe,Фиолетовая рыболовная бейсболка,Fioletowa czapka wędkarska z daszkiem,Lila horgászsapka,Cappellino da pesca viola,Gorra de pesca morada,Casquette de pêche violette,紫色釣魚帽,パープルのフィッシングキャップ,Boné de pesca roxo,紫色钓鱼帽
str_clothes_purplefishingshirt,Purple Fishing Shirt,Purple Fishing Shirt,Fialové rybářské tričko,Lila Angel-T-Shirt,Фиолетовая рыболовная футболка,Fioletowa koszulka wędkarska,Lila horgászpóló,Maglietta da pesca viola,Camiseta de pesca morada,T-shirt de pêche violet,紫色釣魚衫,パープルのフィッシングTシャツ,T-shirt de pesca roxa,紫色钓鱼衫
str_clothes_redfishinghat,Red Fishing Hat,Red Fishing Hat,Červená rybářská kšiltovka,Rote Angelkappe,Красная рыболовная бейсболка,Czerwona czapka wędkarska z daszkiem,Piros horgászsapka,Cappellino da pesca rosso,Gorra de pesca roja,Casquette de pêche rouge,紅色釣魚帽,レッドのフィッシングキャップ,Boné de pesca vermelho,红色钓鱼帽
str_clothes_redfishingshirt,Red Fishing Shirt,Red Fishing Shirt,Červené rybářské tričko,Rotes Angel-T-Shirt,Красная рыболовная футболка,Czerwona koszulka wędkarska,Piros horgászpóló,Maglietta da pesca rossa,Camiseta de pesca roja,T-shirt de pêche rouge,紅色釣魚衫,レッドのフィッシングTシャツ,T-shirt de pesca vermelha,红色钓鱼衫
str_fish_angelfish,Angelfish,Angelfish,Pomec,Kaiserfisch,Рыба-ангел,Ustniczek,Angyalhal,Pesce angelo,Pez ángel,Poisson-ange,神仙魚,エンジェルフィッシュ,Peixe-anjo,神仙鱼
str_fish_angelfish_desc,"The gray angelfish (Pomacanthus arcuatus) is a marine angelfish of the family Pomacanthidae, found in the western Atlantic from Florida and the Bahamas through the Gulf of Mexico and the Caribbean to Brazil. It lives around coral reefs and rocky bottoms, usually alone or in pairs, and grows to about 60 cm (2 ft). Its tall, flat body is gray with a dark spot on each scale, a whitish mouth and yellow on the inside of the pectoral fins. It feeds mostly on sponges, along with algae, tunicates and other small invertebrates. Marine angelfish are not related to the freshwater angelfish kept in aquariums, which is a South American cichlid.","The gray angelfish (Pomacanthus arcuatus) is a marine angelfish of the family Pomacanthidae, found in the western Atlantic from Florida and the Bahamas through the Gulf of Mexico and the Caribbean to Brazil. It lives around coral reefs and rocky bottoms, usually alone or in pairs, and grows to about 60 cm (2 ft). Its tall, flat body is gray with a dark spot on each scale, a whitish mouth and yellow on the inside of the pectoral fins. It feeds mostly on sponges, along with algae, tunicates and other small invertebrates. Marine angelfish are not related to the freshwater angelfish kept in aquariums, which is a South American cichlid.","Pomec šedý (Pomacanthus arcuatus) je mořská ryba z čeledi pomcovitých (Pomacanthidae), rozšířená v západním Atlantiku od Floridy a Baham přes Mexický záliv a Karibské moře až po Brazílii. Žije u korálových útesů a nad skalnatým dnem, obvykle jednotlivě nebo v párech, a dorůstá asi 60 cm (2 stopy). Vysoké, z boků zploštělé tělo je šedé s tmavou skvrnou na každé šupině, ústa jsou bělavá a vnitřní strana prsních ploutví je žlutá. Živí se hlavně houbovci (mořskými houbami), dále řasami, pláštěnci a dalšími drobnými bezobratlými. Mořští pomci nejsou příbuzní sladkovodní skaláře chované v akváriích, která patří mezi jihoamerické cichlidy.","Der Graue Kaiserfisch (Pomacanthus arcuatus) ist ein Kaiserfisch aus der Familie Pomacanthidae und kommt im westlichen Atlantik von Florida und den Bahamas über den Golf von Mexiko und die Karibik bis nach Brasilien vor. Er lebt an Korallenriffen und über felsigem Grund, meist allein oder paarweise, und wird etwa 60 cm (2 Fuß) lang. Sein hoher, seitlich abgeflachter Körper ist grau mit einem dunklen Fleck auf jeder Schuppe, das Maul ist weißlich und die Innenseite der Brustflossen gelb. Er frisst vor allem Schwämme, daneben Algen, Manteltiere und andere kleine Wirbellose. Mit dem Skalar aus dem Süßwasseraquarium, einem südamerikanischen Buntbarsch, sind die Kaiserfische nicht verwandt.","Серый помакант (Pomacanthus arcuatus) — морская рыба-ангел из семейства помакантовых (Pomacanthidae), обитающая в западной Атлантике от Флориды и Багамских островов через Мексиканский залив и Карибское море до Бразилии. Держится у коралловых рифов и над каменистым дном, обычно поодиночке или парами, и достигает длины около 60 см (2 фута). Высокое, сжатое с боков тело серое, с тёмным пятном на каждой чешуйке; рот беловатый, а внутренняя сторона грудных плавников жёлтая. Питается в основном губками, а также водорослями, оболочниками и другими мелкими беспозвоночными. Морские рыбы-ангелы не родственны пресноводной скалярии, которую держат в аквариумах: та относится к южноамериканским цихлидам.","Ustniczek szary (Pomacanthus arcuatus) to morska ryba z rodziny ustniczkowatych (Pomacanthidae), występująca w zachodnim Atlantyku od Florydy i Bahamów przez Zatokę Meksykańską i Morze Karaibskie po Brazylię. Żyje przy rafach koralowych i nad skalistym dnem, zwykle pojedynczo lub w parach, i dorasta do około 60 cm (2 stóp). Wysokie, bocznie spłaszczone ciało jest szare, z ciemną plamką na każdej łusce, pyszczek jest białawy, a wewnętrzna strona płetw piersiowych żółta. Żywi się głównie gąbkami, a także glonami, osłonicami i innymi drobnymi bezkręgowcami. Morskie ustniczki nie są spokrewnione ze słodkowodnym skalarem hodowanym w akwariach, który jest południowoamerykańską pielęgnicą.","A szürke császárhal (Pomacanthus arcuatus) a császárhalfélék (Pomacanthidae) családjába tartozó tengeri angyalhal, amely a nyugati Atlanti-óceánban él Floridától és a Bahama-szigetektől a Mexikói-öblön és a Karib-tengeren át Brazíliáig. Korallzátonyok környékén és sziklás aljzat fölött tartózkodik, többnyire magányosan vagy párban, és mintegy 60 cm (2 láb) hosszúra nő. Magas, oldalról lapított teste szürke, minden pikkelyén sötét folttal; szája fehéres, mellúszóinak belső oldala sárga. Főként szivacsokkal táplálkozik, emellett algákat, zsákállatokat és más apró gerincteleneket is eszik. A tengeri angyalhalak nem rokonai az akváriumokban tartott édesvízi skalárnak, amely dél-amerikai bölcsőszájú hal.","Il pesce angelo grigio (Pomacanthus arcuatus) è un pesce angelo marino della famiglia Pomacanthidae, diffuso nell'Atlantico occidentale dalla Florida e dalle Bahamas, attraverso il Golfo del Messico e il Mar dei Caraibi, fino al Brasile. Vive presso le barriere coralline e sui fondali rocciosi, di solito da solo o in coppia, e raggiunge circa 60 cm (2 piedi) di lunghezza. Il corpo, alto e compresso lateralmente, è grigio con una macchia scura su ogni scaglia; la bocca è biancastra e l'interno delle pinne pettorali è giallo. Si nutre soprattutto di spugne, ma anche di alghe, tunicati e altri piccoli invertebrati. I pesci angelo marini non sono imparentati con lo scalare d'acqua dolce allevato negli acquari, che è un ciclide sudamericano.","El pez ángel gris (Pomacanthus arcuatus) es un pez ángel marino de la familia Pomacanthidae que habita en el Atlántico occidental, desde Florida y las Bahamas, pasando por el golfo de México y el mar Caribe, hasta Brasil. Vive en arrecifes de coral y fondos rocosos, normalmente solo o en parejas, y alcanza unos 60 cm (2 pies) de longitud. Su cuerpo, alto y comprimido lateralmente, es gris con una mancha oscura en cada escama; la boca es blanquecina y la cara interna de las aletas pectorales es amarilla. Se alimenta sobre todo de esponjas, además de algas, tunicados y otros pequeños invertebrados. Los peces ángel marinos no están emparentados con el escalar de agua dulce que se tiene en los acuarios, un cíclido sudamericano.","Le poisson-ange gris (Pomacanthus arcuatus) est un poisson-ange marin de la famille des Pomacanthidae, présent dans l'Atlantique ouest, de la Floride et des Bahamas jusqu'au Brésil en passant par le golfe du Mexique et la mer des Caraïbes. Il vit près des récifs coralliens et au-dessus des fonds rocheux, généralement seul ou en couple, et atteint environ 60 cm (2 ft). Son corps haut et aplati latéralement est gris, avec une tache sombre sur chaque écaille ; la bouche est blanchâtre et la face interne des nageoires pectorales est jaune. Il se nourrit surtout d'éponges, mais aussi d'algues, de tuniciers et d'autres petits invertébrés. Les poissons-anges marins ne sont pas apparentés au scalaire d'eau douce élevé en aquarium, qui est un cichlidé sud-américain.",弓紋刺蓋魚（Pomacanthus arcuatus），俗稱灰神仙，是蓋刺魚科（Pomacanthidae）的一種海水神仙魚，分佈於西大西洋，從佛羅里達州和巴哈馬經墨西哥灣、加勒比海一直到巴西。它棲息在珊瑚礁和岩礁附近，通常單獨或成對活動，體長可達約 60 公分（2 英尺）。它的身體高而側扁，呈灰色，每片鱗片上都有一個深色斑點，嘴部偏白，胸鰭內側為黃色。它主要以海綿為食，也吃藻類、被囊動物和其他小型無脊椎動物。海水神仙魚與水族箱中飼養的淡水神仙魚並無親緣關係，後者是一種南美洲的慈鯛。,グレイエンゼル（Pomacanthus arcuatus）は、キンチャクダイ科（Pomacanthidae）に属する海水性のエンゼルフィッシュで、西大西洋のフロリダやバハマからメキシコ湾、カリブ海を経てブラジルまで分布する。サンゴ礁や岩場の周辺に、たいてい単独かペアですみ、全長は約60cm（2フィート）に達する。体高が高く側扁した体は灰色で、鱗の一枚一枚に暗色の斑点があり、口のまわりは白っぽく、胸びれの内側は黄色い。主に海綿を食べるほか、藻類やホヤ類などの小型無脊椎動物も食べる。海水性のエンゼルフィッシュは、水槽で飼われる淡水のエンゼルフィッシュとは近縁ではない。後者は南アメリカ産のシクリッドである。,"O peixe-anjo-cinzento (Pomacanthus arcuatus) é um peixe-anjo marinho da família Pomacanthidae, que vive no Atlântico ocidental, desde a Flórida e as Baamas, passando pelo golfo do México e pelo mar das Caraíbas, até ao Brasil. Vive junto a recifes de coral e fundos rochosos, geralmente sozinho ou aos pares, e atinge cerca de 60 cm (2 pés) de comprimento. O corpo, alto e achatado lateralmente, é cinzento, com uma mancha escura em cada escama; a boca é esbranquiçada e a face interna das barbatanas peitorais é amarela. Alimenta-se sobretudo de esponjas, mas também de algas, tunicados e outros pequenos invertebrados. Os peixes-anjo marinhos não são aparentados com o escalar de água doce mantido em aquários, que é um ciclídeo sul-americano.",弓纹刺盖鱼（Pomacanthus arcuatus），俗称灰神仙，是盖刺鱼科（Pomacanthidae）的一种海水神仙鱼，分布于西大西洋，从佛罗里达州和巴哈马经墨西哥湾、加勒比海一直到巴西。它栖息在珊瑚礁和岩礁附近，通常单独或成对活动，体长可达约 60 公分（2 英尺）。它的身体高而侧扁，呈灰色，每片鳞片上都有一个深色斑点，嘴部偏白，胸鳍内侧为黄色。它主要以海绵为食，也吃藻类、被囊动物和其他小型无脊椎动物。海水神仙鱼与水族箱中饲养的淡水神仙鱼并无亲缘关系，后者是一种南美洲的慈鲷。
str_fish_angelfish_fillet,Angelfish Fillet,Angelfish Fillet,Filet z pomce,Kaiserfischfilet,Филе рыбы-ангела,Filet z ustniczka,Angyalhal filé,Filetto di pesce angelo,Filete de pez ángel,Filet de poisson-ange,神仙魚片,エンジェルフィッシュ・フィレ,Filete de peixe-anjo,神仙鱼片
str_fish_angelshark,Angel Shark,Angel Shark,Polorejnok,Engelshai,Акула-ангел,Raszpla,Angyalcápa,Squalo angelo,Angelote,Ange de mer,天使鯊,エンジェルシャーク,Tubarão-anjo,天使鲨
str_fish_angelshark_desc,"Squatina squatina, the angelshark or monkfish, is a species of shark in the family Squatinidae, that were once widespread in the coastal waters of the northeastern Atlantic Ocean.","Squatina squatina, the angelshark or monkfish, is a species of shark in the family Squatinidae, that were once widespread in the coastal waters of the northeastern Atlantic Ocean.","Squatina squatina, polorejnok (anglicky ""angelshark"" nebo ""monkfish""), je druh žraloka z čeledi polorejnokovitých (Squatinidae), který byl kdysi hojně rozšířen v pobřežních vodách severovýchodního Atlantiku.","Squatina squatina, der Engelshai, im Englischen auch ""monkfish"" genannt, ist eine Haiart aus der Familie Squatinidae, die einst in den Küstengewässern des nordöstlichen Atlantiks weit verbreitet war.","Squatina squatina, акула-ангел (в английском также ""monkfish""), — вид акул семейства Squatinidae, некогда широко распространённый в прибрежных водах северо-восточной части Атлантического океана.","Squatina squatina, czyli raszpla, zwana też aniołem morskim lub po angielsku ""monkfish"", to gatunek rekina z rodziny raszplowatych (Squatinidae), niegdyś szeroko rozpowszechniony w przybrzeżnych wodach północno-wschodniego Oceanu Atlantyckiego.","A Squatina squatina, vagyis az angyalcápa (angolul ""monkfish"" néven is ismert) a Squatinidae családba tartozó cápafaj, amely egykor széles körben elterjedt volt az Atlanti-óceán északkeleti részének part menti vizeiben.","Squatina squatina, lo squalo angelo o squadro, è una specie di squalo della famiglia Squatinidae un tempo diffusa nelle acque costiere dell'Oceano Atlantico nord-orientale.","Squatina squatina, el angelote (en inglés también ""monkfish""), es una especie de tiburón de la familia Squatinidae que antaño estuvo muy extendida por las aguas costeras del noreste del océano Atlántico.","Squatina squatina, l'ange de mer, aussi appelé ""monkfish"" en anglais, est une espèce de requin de la famille des Squatinidae, autrefois répandue dans les eaux côtières du nord-est de l'océan Atlantique.",Squatina squatina，即天使鯊，英文又稱「monkfish」，是扁鯊科（Squatinidae）的一種鯊魚，曾廣泛分佈於東北大西洋的沿岸水域。,エンジェルシャーク（Squatina squatina）は、英語では「モンクフィッシュ」とも呼ばれる、カスザメ科（Squatinidae）のサメの一種で、かつては大西洋北東部の沿岸海域に広く分布していた。,"Squatina squatina, o tubarão-anjo (em inglês também ""monkfish""), é uma espécie de tubarão da família Squatinidae que outrora esteve amplamente distribuída nas águas costeiras do nordeste do Oceano Atlântico.",Squatina squatina，即天使鲨，英文又称「monkfish」，是扁鲨科（Squatinidae）的一种鲨鱼，曾广泛分布于东北大西洋的沿岸水域。
str_fish_angelshark_fillet,Angel Shark Fillet,Angel Shark Fillet,Filet z polorejnoka,Engelshai-Filet,Филе акулы-ангела,Filet z raszpli,Angyalcápa filé,Filetto di squalo angelo,Filete de angelote,Filet d'ange de mer,天使鯊魚片,エンジェルシャーク・フィレ,Filete de tubarão-anjo,天使鲨鱼片
str_fish_asianseabass,Asian Seabass,Asian Seabass,Barramundi,Asiatischer Wolfsbarsch,Азиатский сибас,Barramundi,Ázsiai tengeri sügér,Spigola asiatica,Lubina asiática,Barramundi,尖吻鱸,バラマンディ,Robalo asiático,尖吻鲈
str_fish_asianseabass_desc,"The barramundi or Asian sea bass, is a species of catadromous fish in the family Latidae of the order Perciformes. The species is widely distributed in the Indo-West Pacific region from South Asia to Papua New Guinea and Northern Australia.","The barramundi or Asian sea bass, is a species of catadromous fish in the family Latidae of the order Perciformes. The species is widely distributed in the Indo-West Pacific region from South Asia to Papua New Guinea and Northern Australia.","Barramundi neboli lates stříbřitý (anglicky též ""Asian sea bass"") je druh katadromní ryby z čeledi Latidae řádu ostnoploutvých (Perciformes). Tento druh je široce rozšířen v oblasti Indického oceánu a západního Tichomoří, od jižní Asie po Papuu Novou Guineu a severní Austrálii.",Der Barramundi oder Asiatische Wolfsbarsch ist eine katadrome Fischart aus der Familie Latidae der Ordnung Perciformes. Die Art ist im indo-westpazifischen Raum von Südasien bis Papua-Neuguinea und Nordaustralien weit verbreitet.,"Баррамунди, или азиатский сибас, — вид катадромных рыб семейства Latidae отряда Perciformes. Вид широко распространён в Индо-Западной Пацифике — от Южной Азии до Папуа — Новой Гвинеи и северной Австралии.","Barramundi (ang. także ""Asian sea bass"") to gatunek ryby katadromicznej z rodziny Latidae z rzędu okoniokształtnych (Perciformes). Gatunek ten jest szeroko rozpowszechniony w zachodniej części Indo-Pacyfiku, od Azji Południowej po Papuę-Nową Gwineę i północną Australię.","A barramundi vagy ázsiai tengeri sügér a sügéralakúak (Perciformes) rendjébe, a Latidae családba tartozó katadrom halfaj. A faj széles körben elterjedt az Indiai-óceán és a Csendes-óceán nyugati részének térségében, Dél-Ázsiától Pápua Új-Guineáig és Észak-Ausztráliáig.","Il barramundi, o spigola asiatica, è una specie di pesce catadromo della famiglia Latidae, ordine Perciformes. La specie è ampiamente diffusa nell'Indo-Pacifico occidentale, dall'Asia meridionale alla Papua Nuova Guinea e all'Australia settentrionale.","El barramundi o lubina asiática es una especie de pez catádromo de la familia Latidae, del orden Perciformes. La especie está ampliamente distribuida por la región del Indopacífico occidental, desde el sur de Asia hasta Papúa Nueva Guinea y el norte de Australia.","Le barramundi ou loup de mer asiatique est une espèce de poisson catadrome de la famille des Latidae, dans l'ordre des Perciformes. L'espèce est largement répandue dans l'Indo-Pacifique occidental, de l'Asie du Sud à la Papouasie-Nouvelle-Guinée et au nord de l'Australie.",尖吻鱸（英文稱「barramundi」或「Asian sea bass」）是鱸形目（Perciformes）尖吻鱸科（Latidae）的一種降河洄游魚類。該物種廣泛分佈於印度-西太平洋地區，從南亞一直延伸到巴布亞新幾內亞和澳大利亞北部。,バラマンディ、またはアジアン・シーバスは、スズキ目（Perciformes）アカメ科（Latidae）に属する降河回遊魚の一種である。本種は南アジアからパプアニューギニア、オーストラリア北部にかけてのインド・西太平洋域に広く分布する。,"O barramundi ou robalo asiático é uma espécie de peixe catádromo da família Latidae, da ordem Perciformes. A espécie está amplamente distribuída na região do Indo-Pacífico Ocidental, desde o sul da Ásia até à Papua-Nova Guiné e ao norte da Austrália.",尖吻鲈（英文称「barramundi」或「Asian sea bass」）是鲈形目（Perciformes）尖吻鲈科（Latidae）的一种降河洄游鱼类。该物种广泛分布于印度-西太平洋地区，从南亚一直延伸到巴布亚新几内亚和澳大利亚北部。
str_fish_asianseabass_fillet,Asian Seabass Fillet,Asian Seabass Fillet,Filet z barramundi,Asiatisches Wolfsbarschfilet,Филе азиатского сибаса,Filet z barramundi,Ázsiai tengeri sügér filé,Filetto di spigola asiatica,Filete de lubina asiática,Filet de barramundi,尖吻鱸魚片,バラマンディのフィレ,Filete de robalo asiático,尖吻鲈鱼片
str_fish_atlanticbluemarlin,Atlantic Blue Marlin,Atlantic Blue Marlin,Modrý marlín atlantský,Atlantischer Blauer Marlin,Атлантический голубой марлин,Błękitny marlin atlantycki,Atlanti kék marlin,Marlin blu dell'Atlantico,Aguja azul del Atlántico,Marlin bleu de l'Atlantique,大西洋藍槍魚,アトランティック・ブルーマーリン,Espadim azul do Atlântico,大西洋蓝枪鱼
str_fish_atlanticbluemarlin_desc,"The Atlantic blue marlin (Makaira nigricans) is a species of marlin endemic to the Atlantic Ocean. It is closely related to, and usually considered conspecific with, the Indo-Pacific blue marlin, then simply called blue marlin. Some authorities consider both species distinct. Blue marlin are distributed throughout the tropical and subtropical waters of the Atlantic Ocean. It is a bluewater fish that spends the majority of its life in the open sea far from land.","The Atlantic blue marlin (Makaira nigricans) is a species of marlin endemic to the Atlantic Ocean. It is closely related to, and usually considered conspecific with, the Indo-Pacific blue marlin, then simply called blue marlin. Some authorities consider both species distinct. Blue marlin are distributed throughout the tropical and subtropical waters of the Atlantic Ocean. It is a bluewater fish that spends the majority of its life in the open sea far from land.","Modrý marlín atlantský (Makaira nigricans) je druh marlína endemický pro Atlantský oceán. Je blízce příbuzný s indopacifickým modrým marlínem a obvykle je s ním považován za jeden druh, který se pak nazývá jednoduše marlín modrý. Někteří odborníci považují oba druhy za samostatné. Modří marlíni se vyskytují v tropických a subtropických vodách celého Atlantského oceánu. Je to oceánská ryba, která tráví většinu života na otevřeném moři daleko od pevniny.","Der Atlantische Blaue Marlin (Makaira nigricans) ist eine im Atlantischen Ozean endemische Marlinart. Er ist eng mit dem Indopazifischen Blauen Marlin verwandt und wird meist als dieselbe Art angesehen, die dann einfach Blauer Marlin heißt. Manche Fachleute betrachten beide als getrennte Arten. Blaue Marline sind in den tropischen und subtropischen Gewässern des gesamten Atlantiks verbreitet. Er ist ein Hochseefisch, der den größten Teil seines Lebens im offenen Meer fernab vom Land verbringt.","Атлантический голубой марлин (Makaira nigricans) — вид марлинов, эндемичный для Атлантического океана. Он близкородствен индо-тихоокеанскому голубому марлину и обычно считается с ним одним видом, который в таком случае называют просто голубым марлином. Некоторые специалисты считают эти виды самостоятельными. Голубой марлин распространён в тропических и субтропических водах всего Атлантического океана. Это рыба открытого океана, которая проводит большую часть жизни в открытом море вдали от суши.","Błękitny marlin atlantycki (Makaira nigricans) to gatunek marlina endemiczny dla Oceanu Atlantyckiego. Jest blisko spokrewniony z indopacyficznym marlinem błękitnym i zwykle uznawany za ten sam gatunek, nazywany wówczas po prostu marlinem błękitnym. Niektórzy specjaliści uważają oba gatunki za odrębne. Marliny błękitne występują w tropikalnych i subtropikalnych wodach całego Oceanu Atlantyckiego. Jest to ryba pełnomorska, która większość życia spędza na otwartym morzu, z dala od lądu.","Az atlanti kék marlin (Makaira nigricans) az Atlanti-óceánban endemikus marlinfaj. Közeli rokona az indo-csendes-óceáni kék marlinnak, és általában egy fajnak tekintik vele; ilyenkor egyszerűen kék marlinnak nevezik. Egyes szakértők a kettőt külön fajnak tartják. A kék marlin az Atlanti-óceán trópusi és szubtrópusi vizeiben mindenütt előfordul. Nyílt óceáni hal, amely élete nagy részét a nyílt tengeren, a szárazföldtől távol tölti.","Il marlin blu dell'Atlantico (Makaira nigricans) è una specie di marlin endemica dell'Oceano Atlantico. È strettamente imparentato con il marlin blu indo-pacifico, con il quale è di solito considerato un'unica specie, chiamata in questo caso semplicemente marlin blu. Alcuni autori considerano le due specie distinte. Il marlin blu è diffuso in tutte le acque tropicali e subtropicali dell'Oceano Atlantico. È un pesce d'alto mare che trascorre la maggior parte della vita in mare aperto, lontano dalla terraferma.","La aguja azul del Atlántico (Makaira nigricans) es una especie de marlín endémica del océano Atlántico. Está estrechamente emparentada con la aguja azul del Indopacífico, con la que normalmente se considera una misma especie, que en ese caso se denomina simplemente aguja azul. Algunas autoridades consideran que ambas son especies distintas. La aguja azul se distribuye por las aguas tropicales y subtropicales de todo el océano Atlántico. Es un pez oceánico que pasa la mayor parte de su vida en mar abierto, lejos de tierra.","Le marlin bleu de l'Atlantique (Makaira nigricans) est une espèce de marlin endémique de l'océan Atlantique. Il est étroitement apparenté au marlin bleu de l'Indo-Pacifique, avec lequel il est généralement considéré comme conspécifique ; l'espèce est alors simplement appelée marlin bleu. Certaines autorités considèrent toutefois les deux espèces comme distinctes. Le marlin bleu est présent dans toutes les eaux tropicales et subtropicales de l'océan Atlantique. C'est un poisson du grand large, qui passe la majeure partie de sa vie en haute mer, loin des terres.",大西洋藍槍魚（Makaira nigricans）是大西洋特有的一種槍魚。它與印度太平洋藍槍魚親緣關係密切，通常被視為同一物種，此時兩者便統稱為藍槍魚。也有部分學者認為兩者是不同的物種。大西洋藍槍魚分佈於大西洋各地的熱帶和亞熱帶水域。它是一種遠洋魚類，一生大部分時間都在遠離陸地的開闊海域中度過。,アトランティック・ブルーマーリン（Makaira nigricans）は、大西洋固有のカジキの一種である。インド太平洋に分布するクロカジキと近縁で、通常はこれと同種とみなされ、その場合は単に「ブルーマーリン」と呼ばれる。両者を別種とする専門家もいる。ブルーマーリンは大西洋の熱帯・亜熱帯海域の全域に分布する。陸地から遠く離れた外洋で一生の大半を過ごす外洋性の魚である。,"O espadim azul do Atlântico (Makaira nigricans) é uma espécie de espadim endémica do Oceano Atlântico. É estreitamente aparentado com o espadim azul do Indo-Pacífico e geralmente considerado da mesma espécie, que nesse caso se designa simplesmente por espadim azul. Algumas autoridades consideram as duas espécies distintas. O espadim azul distribui-se por todas as águas tropicais e subtropicais do Oceano Atlântico. É um peixe de águas oceânicas que passa a maior parte da vida em mar aberto, longe de terra.",大西洋蓝枪鱼（Makaira nigricans）是大西洋特有的一种枪鱼。它与印度太平洋蓝枪鱼亲缘关系密切，通常被视为同一物种，此时两者便统称为蓝枪鱼。也有部分学者认为两者是不同的物种。大西洋蓝枪鱼分布于大西洋各地的热带和亚热带水域。它是一种远洋鱼类，一生大部分时间都在远离陆地的开阔海域中度过。
str_fish_atlanticbluemarlin_fillet,Atlantic Blue Marlin Fillet,Atlantic Blue Marlin Fillet,Filet z modrého marlína atlantského,Filet vom Atlantischen Blauen Marlin,Филе атлантического голубого марлина,Filet z błękitnego marlina atlantyckiego,Atlanti kék marlin filé,Filetto di marlin blu dell'Atlantico,Filete de aguja azul del Atlántico,Filet de marlin bleu de l'Atlantique,大西洋藍槍魚片,アトランティック・ブルーマーリン・フィレ,Filete de espadim azul do Atlântico,大西洋蓝枪鱼片
str_fish_atlanticsailfish,Atlantic Sailfish,Atlantic Sailfish,Plachetník atlantský,Atlantischer Segelfisch,Атлантический парусник,Żaglica atlantycka,Atlanti vitorláshal,Pesce vela dell'Atlantico,Pez vela del Atlántico,Voilier de l'Atlantique,大西洋旗魚,アトランティック・セイルフィッシュ,Agulhão-vela do Atlântico,大西洋旗鱼
str_fish_atlanticsailfish_desc,"The Atlantic sailfish (Istiophorus albicans) is a species of marine fish in the family Istiophoridae of the order Istiophoriformes. It is found in the Atlantic Ocean and the Caribbean Sea, except for large areas of the central North Atlantic and the central South Atlantic, from the surface to depths of 200 m (656 ft). The Atlantic sailfish is related to the marlin.

Tests in the 1920s estimated that the Atlantic sailfish was capable of short sprints of up to 111 kilometres per hour (69 mph); however, more conservative estimates of 37 to 55 kilometres per hour (23 to 34 mph) are more widely accepted. More recent studies even suggest sailfish do not exceed swimming speeds of 36 km/h (22 mph).","The Atlantic sailfish (Istiophorus albicans) is a species of marine fish in the family Istiophoridae of the order Istiophoriformes. It is found in the Atlantic Ocean and the Caribbean Sea, except for large areas of the central North Atlantic and the central South Atlantic, from the surface to depths of 200 m (656 ft). The Atlantic sailfish is related to the marlin.

Tests in the 1920s estimated that the Atlantic sailfish was capable of short sprints of up to 111 kilometres per hour (69 mph); however, more conservative estimates of 37 to 55 kilometres per hour (23 to 34 mph) are more widely accepted. More recent studies even suggest sailfish do not exceed swimming speeds of 36 km/h (22 mph).","Plachetník atlantský (Istiophorus albicans) je druh mořské ryby z čeledi plachetníkovitých (Istiophoridae) řádu mečounů (Istiophoriformes). Vyskytuje se v Atlantském oceánu a Karibském moři, s výjimkou rozsáhlých oblastí ve střední části severního a jižního Atlantiku, od hladiny až do hloubky 200 m (656 stop). Plachetník atlantský je příbuzný s marlíny.

Testy provedené ve 20. letech 20. století odhadly, že plachetník atlantský dokáže při krátkých sprintech dosáhnout rychlosti až 111 kilometrů za hodinu (69 mph); obecněji jsou však přijímány konzervativnější odhady 37 až 55 kilometrů za hodinu (23 až 34 mph). Novější studie dokonce naznačují, že plachetníci nepřekračují rychlost plavání 36 km/h (22 mph).","Der Atlantische Segelfisch (Istiophorus albicans) ist eine Meeresfischart aus der Familie Istiophoridae in der Ordnung Istiophoriformes. Er kommt im Atlantik und in der Karibik vor, mit Ausnahme großer Gebiete im zentralen Nordatlantik und im zentralen Südatlantik, und lebt von der Oberfläche bis in Tiefen von 200 m (656 Fuß). Der Atlantische Segelfisch ist mit dem Marlin verwandt.

Bei Tests in den 1920er-Jahren schätzte man, dass der Atlantische Segelfisch kurze Sprints mit bis zu 111 Kilometern pro Stunde (69 mph) schaffen kann; weithin anerkannt sind jedoch vorsichtigere Schätzungen von 37 bis 55 Kilometern pro Stunde (23 bis 34 mph). Neuere Studien legen sogar nahe, dass Segelfische nicht schneller als 36 km/h (22 mph) schwimmen.","Атлантический парусник (Istiophorus albicans) — вид морских рыб семейства Istiophoridae отряда Istiophoriformes. Встречается в Атлантическом океане и Карибском море, за исключением обширных районов в центральной части Северной и Южной Атлантики, от поверхности до глубины 200 м (656 футов). Атлантический парусник — родственник марлинов.

По оценкам, сделанным в ходе испытаний 1920-х годов, атлантический парусник способен на коротких рывках развивать скорость до 111 километров в час (69 миль в час), однако более общепринятыми считаются осторожные оценки — от 37 до 55 километров в час (от 23 до 34 миль в час). Более поздние исследования и вовсе указывают на то, что рыбы-парусники не плавают быстрее 36 км/ч (22 мили в час).","Żaglica atlantycka (Istiophorus albicans) to gatunek ryby morskiej z rodziny żaglicowatych (Istiophoridae) z rzędu Istiophoriformes. Występuje w Oceanie Atlantyckim i Morzu Karaibskim, z wyjątkiem dużych obszarów środkowej części północnego i południowego Atlantyku, od powierzchni do głębokości 200 m (656 stóp). Żaglica atlantycka jest spokrewniona z marlinami.

Na podstawie testów przeprowadzonych w latach 20. XX wieku oszacowano, że żaglica atlantycka potrafi rozwijać w krótkich zrywach prędkość do 111 kilometrów na godzinę (69 mph); powszechniej akceptowane są jednak ostrożniejsze szacunki, od 37 do 55 kilometrów na godzinę (od 23 do 34 mph). Nowsze badania sugerują wręcz, że żaglice nie przekraczają prędkości 36 km/h (22 mph).","Az atlanti vitorláshal (Istiophorus albicans) az Istiophoriformes rend Istiophoridae családjába tartozó tengeri halfaj. Az Atlanti-óceánban és a Karib-tengerben fordul elő, kivéve az Atlanti-óceán északi és déli középső részének nagy területeit, a felszíntől 200 m (656 láb) mélységig. Az atlanti vitorláshal a marlinok rokona.

Az 1920-as években végzett mérések alapján úgy becsülték, hogy az atlanti vitorláshal rövid sprintekben akár 111 km/h (69 mérföld/óra) sebességre is képes; szélesebb körben azonban a 37-55 km/h (23-34 mérföld/óra) közötti, óvatosabb becslések elfogadottak. Újabb vizsgálatok szerint pedig a vitorláshalak úszási sebessége még a 36 km/h-t (22 mérföld/óra) sem haladja meg.","Il pesce vela atlantico (Istiophorus albicans) è una specie di pesce marino della famiglia Istiophoridae dell'ordine Istiophoriformes. Si trova nell'Oceano Atlantico e nel Mar dei Caraibi, ad eccezione di vaste aree dell'Atlantico settentrionale centrale e dell'Atlantico meridionale centrale, dalla superficie fino a profondità di 200 m (656 ft). Il pesce vela dell'Atlantico è imparentato con il marlin.

I test condotti negli anni '20 stimavano che il pesce vela dell'Atlantico fosse in grado di compiere brevi sprint fino a 111 chilometri orari (69 mph); tuttavia, stime più conservative di 37-55 chilometri orari (23-34 mph) sono più ampiamente accettate. Studi più recenti suggeriscono addirittura che i pesci vela non superino velocità di nuoto di 36 km/h (22 mph).","El pez vela del Atlántico (Istiophorus albicans) es una especie de pez marino de la familia Istiophoridae, del orden Istiophoriformes. Se encuentra en el océano Atlántico y el mar Caribe, excepto en amplias zonas del centro del Atlántico Norte y del centro del Atlántico Sur, desde la superficie hasta profundidades de 200 m (656 pies). El pez vela del Atlántico está emparentado con los marlines.

Unas pruebas realizadas en la década de 1920 estimaron que el pez vela del Atlántico era capaz de alcanzar, en breves arrancadas, hasta 111 kilómetros por hora (69 mph); sin embargo, gozan de mayor aceptación estimaciones más conservadoras, de 37 a 55 kilómetros por hora (23 a 34 mph). Estudios más recientes sugieren incluso que el pez vela no supera velocidades de nado de 36 km/h (22 mph).","Le voilier de l'Atlantique (Istiophorus albicans) est une espèce de poisson marin de la famille des Istiophoridae, dans l'ordre des Istiophoriformes. On le trouve dans l'océan Atlantique et la mer des Caraïbes, à l'exception de vastes zones du centre de l'Atlantique Nord et du centre de l'Atlantique Sud, de la surface jusqu'à 200 m (656 ft) de profondeur. Le voilier de l'Atlantique est apparenté au marlin.

Des tests réalisés dans les années 1920 ont estimé que le voilier de l'Atlantique était capable de courtes pointes de vitesse allant jusqu'à 111 kilomètres par heure (69 mph) ; toutefois, des estimations plus prudentes, de 37 à 55 kilomètres par heure (23 à 34 mph), sont plus largement admises. Des études plus récentes suggèrent même que les voiliers ne dépassent pas une vitesse de nage de 36 km/h (22 mph).","大西洋旗魚（Istiophorus albicans）是旗魚目（Istiophoriformes）旗魚科（Istiophoridae）的一種海洋魚類。它分佈於大西洋和加勒比海，但北大西洋中部和南大西洋中部的大片海域除外，棲息深度從海面直到 200 米（656 英尺）。大西洋旗魚與槍魚有親緣關係。

根據 1920 年代的測試估計，大西洋旗魚能以最高每小時 111 公里（每小時 69 英里）的速度短距離衝刺；不過，較保守的估計值每小時 37 至 55 公里（每小時 23 至 34 英里）更廣為接受。更近期的研究甚至認為，旗魚的游泳速度不會超過每小時 36 公里（每小時 22 英里）。","アトランティック・セイルフィッシュ（Istiophorus albicans）は、カジキ目（Istiophoriformes）マカジキ科（Istiophoridae）に属する海水魚の一種である。北大西洋中央部と南大西洋中央部の広い海域を除く大西洋とカリブ海に分布し、表層から水深200m（656フィート）までに生息する。アトランティック・セイルフィッシュはマーリン類と近縁である。

1920年代に行われた試験では、アトランティック・セイルフィッシュは短距離なら最高で時速111キロメートル（時速69マイル）の速さで泳げると推定されたが、より控えめな時速37～55キロメートル（時速23～34マイル）という推定値の方が広く受け入れられている。さらに最近の研究では、セイルフィッシュの遊泳速度は時速36km（時速22マイル）を超えないとする見方さえある。","O agulhão-vela do Atlântico (Istiophorus albicans) é uma espécie de peixe marinho da família Istiophoridae, da ordem Istiophoriformes. Encontra-se no Oceano Atlântico e no Mar das Caraíbas, exceto em grandes áreas do centro do Atlântico Norte e do centro do Atlântico Sul, desde a superfície até 200 m (656 pés) de profundidade. O agulhão-vela do Atlântico é aparentado com o espadim.

Testes realizados na década de 1920 estimaram que o agulhão-vela do Atlântico era capaz de atingir até 111 quilómetros por hora (69 mph) em curtas explosões de velocidade; no entanto, as estimativas mais conservadoras, de 37 a 55 quilómetros por hora (23 a 34 mph), são mais amplamente aceites. Estudos mais recentes sugerem mesmo que os agulhões-vela não ultrapassam velocidades de natação de 36 km/h (22 mph).","大西洋旗鱼（Istiophorus albicans）是旗鱼目（Istiophoriformes）旗鱼科（Istiophoridae）的一种海洋鱼类。它分布于大西洋和加勒比海，但北大西洋中部和南大西洋中部的大片海域除外，栖息深度从海面直到 200 米（656 英尺）。大西洋旗鱼与枪鱼有亲缘关系。

根据 1920 年代的测试估计，大西洋旗鱼能以最高每小时 111 公里（每小时 69 英里）的速度短距离冲刺；不过，较保守的估计值每小时 37 至 55 公里（每小时 23 至 34 英里）更广为接受。更近期的研究甚至认为，旗鱼的游泳速度不会超过每小时 36 公里（每小时 22 英里）。"
str_fish_atlanticsailfish_fillet,Atlantic Sailfish Fillet,Atlantic Sailfish Fillet,Filet z plachetníka atlantského,Filet vom Atlantischen Segelfisch,Филе атлантического парусника,Filet z żaglicy atlantyckiej,Atlanti vitorláshal filé,Filetto di pesce vela dell'Atlantico,Filete de pez vela del Atlántico,Filet de voilier de l'Atlantique,大西洋旗魚片,アトランティック・セイルフィッシュ・フィレ,Filete de agulhão-vela do Atlântico,大西洋旗鱼片
str_fish_spottedbass,Spotted Bass,Spotted Bass,Okounek tmavoskvrnný,Gefleckter Schwarzbarsch,Пятнистый чёрный окунь,Bass plamisty,Foltos sügér,Black bass maculato,Lobina manchada,Achigan tacheté,斑點黑鱸,スポッテッドバス,Achigã-malhado,斑点黑鲈
str_fish_spottedbass_desc,"The spotted bass (Micropterus punctulatus), also called spotty, or spots in various fishing communities, is a species of North American freshwater fish belonging to the sunfish family (Centrarchidae) of the order Centrarchiformes. It is noted for the rows of dark spots below the lateral line, which give it its common name. One of the black basses, it is native to the Mississippi River basin and across the Gulf states, from central Texas through the Florida panhandle. Its native range extends into the western Mid-Atlantic states and it has been introduced into western North Carolina and Virginia. It has also been introduced to southern Africa, where it has become established in some isolated waters as an invasive species.","The spotted bass (Micropterus punctulatus), also called spotty, or spots in various fishing communities, is a species of North American freshwater fish belonging to the sunfish family (Centrarchidae) of the order Centrarchiformes. It is noted for the rows of dark spots below the lateral line, which give it its common name. One of the black basses, it is native to the Mississippi River basin and across the Gulf states, from central Texas through the Florida panhandle. Its native range extends into the western Mid-Atlantic states and it has been introduced into western North Carolina and Virginia. It has also been introduced to southern Africa, where it has become established in some isolated waters as an invasive species.","Okounek tmavoskvrnný (Micropterus punctulatus), v různých rybářských komunitách zvaný také ""spotty"" nebo ""spots"", je severoamerická sladkovodní ryba z čeledi okounkovitých (Centrarchidae) řádu Centrarchiformes. Je nápadný řadami tmavých skvrn pod postranní čárou, podle nichž dostal své jméno. Patří mezi okounky rodu Micropterus a je původní v povodí Mississippi a ve státech při Mexickém zálivu, od středního Texasu po floridský výběžek. Jeho původní areál zasahuje i do západní části středoatlantských států. Byl vysazen v západní Severní Karolíně a ve Virginii a také v jižní Africe, kde se v některých izolovaných vodách usadil jako invazní druh.","Der Gefleckte Schwarzbarsch (Micropterus punctulatus), unter Anglern auch „Spotty“ oder „Spots“ genannt, ist ein nordamerikanischer Süßwasserfisch aus der Familie der Sonnenbarsche (Centrarchidae) in der Ordnung Centrarchiformes. Auffällig sind die Reihen dunkler Flecken unterhalb der Seitenlinie, denen er seinen Namen verdankt. Als einer der Schwarzbarsche stammt er aus dem Einzugsgebiet des Mississippi und den Golfstaaten, von Zentraltexas bis zum Florida Panhandle. Sein natürliches Verbreitungsgebiet reicht bis in die westlichen Mittelatlantikstaaten; im Westen North Carolinas und in Virginia wurde er eingeführt. Auch im südlichen Afrika wurde er ausgesetzt und hat sich dort in einigen isolierten Gewässern als invasive Art etabliert.","Пятнистый чёрный окунь (Micropterus punctulatus), которого рыболовы также называют «спотти» или «спотс», — североамериканская пресноводная рыба из семейства центрарховых (Centrarchidae) отряда Centrarchiformes. Его отличают ряды тёмных пятен ниже боковой линии, давшие ему название. Один из чёрных окуней, он происходит из бассейна Миссисипи и штатов побережья Мексиканского залива — от центрального Техаса до Флоридского выступа. Его естественный ареал заходит в западные среднеатлантические штаты, а в западную часть Северной Каролины и в Виргинию он был завезён. Его также завезли на юг Африки, где он прижился в некоторых изолированных водоёмах как инвазивный вид.","Bass plamisty (Micropterus punctulatus), w różnych środowiskach wędkarskich nazywany też ""spotty"" lub ""spots"", to gatunek północnoamerykańskiej ryby słodkowodnej z rodziny bassowatych (Centrarchidae) z rzędu Centrarchiformes. Wyróżniają go rzędy ciemnych plam poniżej linii bocznej, od których pochodzi jego nazwa zwyczajowa. Należy do czarnych bassów i pochodzi z dorzecza Missisipi oraz stanów nad Zatoką Meksykańską, od środkowego Teksasu po północno-zachodnią Florydę. Jego naturalny zasięg obejmuje też zachodnią część stanów środkowoatlantyckich; ponadto wprowadzono go do zachodniej Karoliny Północnej i Wirginii. Introdukowano go również w południowej Afryce, gdzie w niektórych izolowanych zbiornikach zadomowił się jako gatunek inwazyjny.","A foltos sügér (Micropterus punctulatus), amelyet egyes horgászközösségekben ""spotty"" vagy ""spots"" néven is emlegetnek, a Centrarchiformes rend díszsügérfélék (Centrarchidae) családjába tartozó észak-amerikai édesvízi halfaj. Jellegzetesek az oldalvonala alatti sötét foltsorok, innen kapta a nevét. A feketesügérek egyike; őshonos a Mississippi vízgyűjtőjében és a Mexikói-öböl menti államokban, Közép-Texastól Florida északnyugati nyúlványáig. Természetes elterjedési területe a közép-atlanti államok nyugati részéig ér, Észak-Karolina nyugati részére és Virginiába pedig betelepítették. Afrika déli részére is betelepítették, ahol néhány elszigetelt vízben invazív fajként meghonosodott.","Il black bass maculato (Micropterus punctulatus), chiamato in varie comunità di pescatori anche ""spotty"" o ""spots"", è una specie di pesce d'acqua dolce nordamericano della famiglia dei centrarchidi (Centrarchidae), ordine Centrarchiformes. È noto per le file di macchie scure sotto la linea laterale, da cui deriva il suo nome comune. È uno dei black bass ed è originario del bacino del fiume Mississippi e degli stati del Golfo, dal Texas centrale al Panhandle della Florida. Il suo areale naturale si estende fino alla parte occidentale degli stati medio-atlantici ed è stato introdotto nella Carolina del Nord occidentale e in Virginia. È stato introdotto anche nell'Africa meridionale, dove si è insediato come specie invasiva in alcune acque isolate.","La lobina manchada (Micropterus punctulatus), también llamada ""spotty"" o ""spots"" en diversas comunidades de pescadores, es una especie de pez de agua dulce norteamericano de la familia de los peces sol (Centrarchidae), del orden Centrarchiformes. Destaca por las hileras de manchas oscuras situadas bajo la línea lateral, que le dan su nombre común. Es una de las lobinas y es originaria de la cuenca del río Misisipi y de los estados del golfo de México, desde el centro de Texas hasta el Panhandle de Florida. Su área de distribución nativa se extiende hasta el oeste de los estados del Atlántico Medio, y se ha introducido en el oeste de Carolina del Norte y en Virginia. También se ha introducido en el sur de África, donde se ha establecido como especie invasora en algunas aguas aisladas.","L'achigan tacheté (Micropterus punctulatus), aussi appelé ""spotty"" ou ""spots"" dans divers milieux de pêche, est une espèce de poisson d'eau douce nord-américain de la famille des centrarchidés (Centrarchidae), dans l'ordre des Centrarchiformes. Il se distingue par les rangées de taches sombres situées sous sa ligne latérale, qui lui valent son nom commun. C'est l'un des achigans ; il est originaire du bassin du Mississippi et des États du golfe du Mexique, du centre du Texas jusqu'au Panhandle de Floride. Son aire de répartition naturelle s'étend jusque dans l'ouest de la région médio-atlantique, et il a été introduit dans l'ouest de la Caroline du Nord et en Virginie. Il a également été introduit en Afrique australe, où il s'est établi dans quelques plans d'eau isolés en tant qu'espèce envahissante.",斑點黑鱸（Micropterus punctulatus）在各地釣友間又稱「spotty」或「spots」，是一種北美淡水魚，屬於棘臀魚目（Centrarchiformes）的太陽魚科（Centrarchidae）。它以側線下方一排排的深色斑點為特徵，其俗名也由此而來。它是黑鱸類的一員，原產於密西西比河流域及墨西哥灣沿岸各州，範圍從得克薩斯州中部一直延伸到佛羅里達狹長地帶。它的原生分佈範圍延伸至中大西洋各州的西部，並已被引入北卡羅來納州西部和弗吉尼亞州。它也被引入非洲南部，並已在當地一些孤立的水域中定居，成為入侵物種。,スポッテッドバス（Micropterus punctulatus）は、各地の釣り人の間で「スポッティ」や「スポッツ」とも呼ばれる北アメリカの淡水魚の一種で、サンフィッシュ目（Centrarchiformes）サンフィッシュ科（Centrarchidae）に属する。側線の下に並ぶ暗色の斑点の列が特徴で、これが名前の由来となっている。ブラックバス類の一種で、ミシシッピ川流域と、テキサス州中部からフロリダ・パンハンドルにかけてのメキシコ湾岸の各州を原産とする。自然分布域は中部大西洋岸諸州の西部にまで及び、ノースカロライナ州西部とバージニア州にも移入されている。南部アフリカにも移入されており、一部の孤立した水域に侵略的外来種として定着している。,"O achigã-malhado (Micropterus punctulatus), também chamado ""spotty"" ou ""spots"" em várias comunidades de pescadores, é uma espécie de peixe de água doce norte-americano da família dos peixes-sol (Centrarchidae), da ordem Centrarchiformes. Destaca-se pelas fileiras de manchas escuras abaixo da linha lateral, que lhe dão o nome comum. É um dos achigãs e é nativo da bacia do rio Mississippi e dos estados do Golfo, desde o centro do Texas até ao Panhandle da Flórida. A sua área de distribuição nativa estende-se à parte ocidental dos estados do Médio Atlântico, e foi introduzido no oeste da Carolina do Norte e na Virgínia. Foi também introduzido no sul de África, onde se estabeleceu em algumas águas isoladas como espécie invasora.",斑点黑鲈（Micropterus punctulatus）在各地钓友间又称「spotty」或「spots」，是一种北美淡水鱼，属于棘臀鱼目（Centrarchiformes）的太阳鱼科（Centrarchidae）。它以侧线下方一排排的深色斑点为特征，其俗名也由此而来。它是黑鲈类的一员，原产于密西西比河流域及墨西哥湾沿岸各州，范围从得克萨斯州中部一直延伸到佛罗里达狭长地带。它的原生分布范围延伸至中大西洋各州的西部，并已被引入北卡罗来纳州西部和弗吉尼亚州。它也被引入非洲南部，并已在当地一些孤立的水域中定居，成为入侵物种。
str_fish_spottedbass_fillet,Spotted Bass Fillet,Spotted Bass Fillet,Filet z okounka tmavoskvrnného,Filet vom Gefleckten Schwarzbarsch,Филе пятнистого чёрного окуня,Filet z bassa plamistego,Foltos sügér filé,Filetto di black bass maculato,Filete de lobina manchada,Filet d'achigan tacheté,斑點黑鱸魚片,スポッテッドバスのフィレ,Filete de achigã-malhado,斑点黑鲈鱼片
str_fish_blackdevilsnail,Black Devil Snail,Black Devil Snail,Černý ďábelský šnek,Schwarze Teufelsschnecke,Улитка «Чёрный дьявол»,Ślimak Czarny Diabeł,Fekete ördögcsiga,Lumaca del diavolo nero,Caracol diablo negro,Faunus ater,黑魔鬼螺,ブラック・デビル・スネイル,Caracol-diabo-negro,黑魔鬼螺
str_fish_blackdevilsnail_desc,This snail lives in slightly brackish water. It has also been reported from freshwater. It is the only pachychilid species that lives in brackish water; the other species in the family are freshwater snails.,This snail lives in slightly brackish water. It has also been reported from freshwater. It is the only pachychilid species that lives in brackish water; the other species in the family are freshwater snails.,"Tento plž žije v mírně brakické vodě. Byl zaznamenán i ve sladké vodě. Je to jediný druh z čeledi Pachychilidae, který žije v brakické vodě; ostatní druhy této čeledi jsou sladkovodní plži.","Diese Schnecke lebt in leicht brackigem Wasser. Sie wurde auch im Süßwasser nachgewiesen. Sie ist die einzige Art der Familie Pachychilidae, die im Brackwasser lebt; die übrigen Arten der Familie sind Süßwasserschnecken.","Эта улитка обитает в слегка солоноватой воде. Сообщалось также, что она обитает в пресной воде. Это единственный вид пахихилид, обитающий в солоноватой воде; остальные виды семейства - пресноводные улитки.",Ślimak ten żyje w lekko słonawej wodzie. Odnotowano go również w wodach słodkich. Jest to jedyny gatunek z rodziny Pachychilidae żyjący w wodach słonawych; pozostałe gatunki z tej rodziny to ślimaki słodkowodne.,Ez a csiga enyhén brakkos vízben él. Előfordulását édesvízből is jelezték már. Ez az egyetlen brakkvízben élő faj a Pachychilidae családban; a család többi faja édesvízi csiga.,Questa lumaca vive in acque leggermente salmastre. È stata segnalata anche in acqua dolce. È l'unica specie della famiglia Pachychilidae che vive in acque salmastre; le altre specie della famiglia sono lumache d'acqua dolce.,Este caracol vive en aguas ligeramente salobres. También se ha registrado en agua dulce. Es la única especie de la familia Pachychilidae que vive en aguas salobres; las demás especies de la familia son caracoles de agua dulce.,Cet escargot vit en eau légèrement saumâtre. Il a également été signalé en eau douce. C'est la seule espèce de pachychilidé à vivre en eau saumâtre ; les autres espèces de la famille sont des escargots d'eau douce.,這種螺生活在略帶鹹味的半鹹水中。也有報告指出它出現在淡水中。它是唯一生活在半鹹水中的厚唇螺科物種，該科的其他物種都是淡水螺。,この巻貝は、わずかに塩分を含む汽水域に生息する。淡水からの報告もある。Pachychilidae科で汽水域に生息する唯一の種であり、同科のほかの種は淡水生の巻貝である。,Este caracol vive em água ligeiramente salobra. Também foi registado em água doce. É a única espécie da família Pachychilidae que vive em água salobra; as restantes espécies da família são caracóis de água doce.,这种螺生活在略带咸味的半咸水中。也有报告指出它出现在淡水中。它是唯一生活在半咸水中的厚唇螺科物种，该科的其他物种都是淡水螺。
str_fish_bloodclam,Blood Clam,Blood Clam,Návka zrnitá,Blutmuschel,Кровавый моллюск,Krwawy małż,Vérkagyló,Vongola sanguigna,Almeja de sangre,Arche granuleuse,血蛤,ハイガイ,Amêijoa de sangue,血蛤
str_fish_bloodclam_desc,"Tegillarca granosa (also known as Anadara granosa) is a species of ark clam known as the blood cockle or blood clam due to the red haemoglobin liquid inside the soft tissues. It is found throughout the Indo-Pacific region from the eastern coast of South Africa northwards and eastwards to Southeast Asia, Australia, Polynesia, and up to northern Japan. It lives mainly in the intertidal zone at one to two metres water depth, burrowed down into sand or mud. Adult size is about 5 to 6 cm long and 4 to 5 cm wide.

The meat of this bivalve is served steamed, boiled, roasted, or traditionally raw.","Tegillarca granosa (also known as Anadara granosa) is a species of ark clam known as the blood cockle or blood clam due to the red haemoglobin liquid inside the soft tissues. It is found throughout the Indo-Pacific region from the eastern coast of South Africa northwards and eastwards to Southeast Asia, Australia, Polynesia, and up to northern Japan. It lives mainly in the intertidal zone at one to two metres water depth, burrowed down into sand or mud. Adult size is about 5 to 6 cm long and 4 to 5 cm wide.

The meat of this bivalve is served steamed, boiled, roasted, or traditionally raw.","Tegillarca granosa (též Anadara granosa), česky návka zrnitá, je druh mlže z čeledi návkovitých (Arcidae), kterému se kvůli červené tekutině s hemoglobinem v měkkých tkáních anglicky říká ""blood cockle"" nebo ""blood clam"". Vyskytuje se v celé indopacifické oblasti, od východního pobřeží Jihoafrické republiky na sever a na východ až po jihovýchodní Asii, Austrálii, Polynésii a severní Japonsko. Žije převážně v přílivové zóně v hloubce jednoho až dvou metrů, kde se zahrabává do písku nebo bahna. Dospělí jedinci měří asi 5 až 6 cm na délku a 4 až 5 cm na šířku.

Maso tohoto mlže se podává dušené v páře, vařené, pečené nebo tradičně syrové.","Tegillarca granosa (auch als Anadara granosa bekannt) ist eine Archenmuschelart, die wegen der roten, hämoglobinhaltigen Flüssigkeit in ihrem Weichkörper Blutmuschel genannt wird. Sie ist im gesamten Indopazifik verbreitet, von der Ostküste Südafrikas nord- und ostwärts bis nach Südostasien, Australien und Polynesien und hinauf bis ins nördliche Japan. Sie lebt vorwiegend in der Gezeitenzone in ein bis zwei Metern Wassertiefe, eingegraben in Sand oder Schlamm. Ausgewachsene Tiere sind etwa 5 bis 6 cm lang und 4 bis 5 cm breit.

Das Fleisch dieser Muschel wird gedämpft, gekocht, geröstet oder traditionell roh serviert.","Tegillarca granosa (также известный как Anadara granosa) — вид моллюсков из семейства арок, который называют кровавым моллюском (в английском ""blood cockle"" или ""blood clam"") из-за красной жидкости с гемоглобином в мягких тканях. Он распространён в Индо-Тихоокеанском регионе — от восточного побережья Южной Африки на север и восток до Юго-Восточной Азии, Австралии, Полинезии и вплоть до северной Японии. Обитает в основном в приливно-отливной зоне на глубине от одного до двух метров, зарывшись в песок или ил. Взрослые особи достигают примерно 5–6 см в длину и 4–5 см в ширину.

Мясо этого двустворчатого моллюска подают приготовленным на пару, варёным, запечённым или, по традиции, сырым.","Tegillarca granosa (znana również jako Anadara granosa) to gatunek małża z rodziny arkowatych, nazywany krwawym małżem (ang. ""blood cockle"" lub ""blood clam"") ze względu na czerwony płyn zawierający hemoglobinę, obecny w jego tkankach miękkich. Występuje w całym regionie Indo-Pacyfiku, od wschodniego wybrzeża Afryki Południowej na północ i wschód po Azję Południowo-Wschodnią, Australię, Polinezję i aż po północną Japonię. Żyje głównie w strefie pływów, na głębokości od jednego do dwóch metrów, zagrzebany w piasku lub mule. Dorosłe osobniki mają około 5-6 cm długości i 4-5 cm szerokości.

Mięso tego małża podaje się gotowane na parze, gotowane w wodzie, pieczone lub, tradycyjnie, na surowo.","A Tegillarca granosa (más néven Anadara granosa) egy bárkakagylófaj, amelyet lágy testrészeiben található vörös, hemoglobintartalmú folyadéka miatt vérkagylónak neveznek. Az egész indo-csendes-óceáni térségben megtalálható, Dél-Afrika keleti partjaitól északra és keletre Délkelet-Ázsiáig, Ausztráliáig, Polinéziáig és egészen Japán északi részéig. Főként az árapályzónában él, egy-két méter mély vízben, homokba vagy iszapba beásva. A kifejlett példányok körülbelül 5-6 cm hosszúak és 4-5 cm szélesek.

Ennek a kéthéjú kagylónak a húsát párolva, főzve, sütve vagy hagyományosan nyersen tálalják.","Tegillarca granosa (nota anche come Anadara granosa) è una specie di bivalve della famiglia Arcidae conosciuta come vongola sanguigna (in inglese ""blood cockle"" o ""blood clam"") per il liquido rosso ricco di emoglobina presente nei tessuti molli. È diffusa in tutta la regione indo-pacifica, dalla costa orientale del Sudafrica verso nord e verso est fino al Sud-est asiatico, all'Australia, alla Polinesia e fino al Giappone settentrionale. Vive soprattutto nella zona intertidale, a una profondità di uno o due metri, infossata nella sabbia o nel fango. Gli adulti misurano circa 5-6 cm di lunghezza e 4-5 cm di larghezza.

La carne di questo bivalve viene servita al vapore, bollita, arrostita o, secondo la tradizione, cruda.","Tegillarca granosa (también conocida como Anadara granosa) es una especie de almeja de la familia Arcidae conocida como almeja de sangre (en inglés ""blood cockle"" o ""blood clam"") por el líquido rojo con hemoglobina que contienen sus tejidos blandos. Se encuentra en toda la región indopacífica, desde la costa oriental de Sudáfrica hacia el norte y el este hasta el sudeste asiático, Australia, Polinesia y el norte de Japón. Vive principalmente en la zona intermareal, a una profundidad de uno a dos metros, enterrada en la arena o el fango. Los adultos miden unos 5 a 6 cm de largo y 4 a 5 cm de ancho.

La carne de este bivalvo se sirve al vapor, hervida, asada o, tradicionalmente, cruda.","Tegillarca granosa (également appelée Anadara granosa) est une espèce d'arche, l'arche granuleuse, appelée en anglais ""blood cockle"" ou ""blood clam"" en raison du liquide rouge, riche en hémoglobine, que contiennent ses tissus mous. On la trouve dans toute la région indo-pacifique, depuis la côte est de l'Afrique du Sud, vers le nord et l'est, jusqu'en Asie du Sud-Est, en Australie, en Polynésie et jusqu'au nord du Japon. Elle vit principalement dans la zone intertidale, par un à deux mètres de fond, enfouie dans le sable ou la vase. À l'âge adulte, elle mesure environ 5 à 6 cm de long et 4 à 5 cm de large.

La chair de ce bivalve se consomme cuite à la vapeur, bouillie, rôtie ou, traditionnellement, crue.","Tegillarca granosa（又名 Anadara granosa）是一種蚶，由於軟組織內含有紅色的血紅蛋白液體，因而被稱為血蚶或血蛤。它分佈於整個印度-太平洋地區，從南非東岸向北、向東延伸至東南亞、澳大利亞、波利尼西亞，北至日本北部。它主要生活在水深一至兩米的潮間帶，潛藏在沙或泥中。成體長約 5 至 6 公分，寬約 4 至 5 公分。

這種雙殼貝類的肉可以清蒸、水煮、燒烤，傳統上也會生食。","ハイガイ（Tegillarca granosa、別名Anadara granosa）はフネガイ科の二枚貝の一種で、軟組織の中に赤いヘモグロビンを含む液体があることから、英語では「ブラッドコックル」や「ブラッドクラム」と呼ばれる。南アフリカ東岸から北と東へ、東南アジア、オーストラリア、ポリネシアを経て日本北部に至るまで、インド太平洋域の全域に分布する。主に水深1～2メートルの潮間帯に生息し、砂や泥の中に潜っている。成貝の大きさは長さ約5～6cm、幅約4～5cmである。

この二枚貝の身は、蒸す、茹でる、焼くなどして供されるほか、伝統的には生でも食べられる。","Tegillarca granosa (também conhecida como Anadara granosa) é uma espécie de bivalve da família Arcidae, conhecida como amêijoa de sangue (em inglês ""blood cockle"" ou ""blood clam"") devido ao líquido vermelho com hemoglobina que existe no interior dos tecidos moles. Encontra-se em toda a região do Indo-Pacífico, desde a costa oriental da África do Sul, para norte e para leste, até ao Sudeste Asiático, à Austrália, à Polinésia e ao norte do Japão. Vive sobretudo na zona entremarés, a um ou dois metros de profundidade, enterrada na areia ou na lama. Os adultos medem cerca de 5 a 6 cm de comprimento e 4 a 5 cm de largura.

A carne deste bivalve é servida ao vapor, cozida, assada ou, tradicionalmente, crua.","Tegillarca granosa（又名 Anadara granosa）是一种蚶，由于软组织内含有红色的血红蛋白液体，因而被称为血蚶或血蛤。它分布于整个印度-太平洋地区，从南非东岸向北、向东延伸至东南亚、澳大利亚、波利尼西亚，北至日本北部。它主要生活在水深一至两米的潮间带，潜藏在沙或泥中。成体长约 5 至 6 公分，宽约 4 至 5 公分。

这种双壳贝类的肉可以清蒸、水煮、烧烤，传统上也会生食。"
str_fish_bluegill,Bluegill,Bluegill,Slunečnice velkoploutvá,Blauer Sonnenbarsch,Синежаберный солнечник,Bass niebieski,Kékkopoltyús naphal,Persico sole blu,Pez sol de agallas azules,Crapet arlequin,藍鰓太陽魚,ブルーギル,Peixe-sol-azul,蓝鳃太阳鱼
str_fish_bluegill_desc,"The bluegill (Lepomis macrochirus), sometimes referred to as ""bream"", ""brim"", ""sunny"", or, as is common in Texas, ""copper nose"", is a species of North American freshwater fish, native to and commonly found in streams, rivers, lakes, ponds and wetlands east of the Rocky Mountains. It is the type species of the genus Lepomis (true sunfish), from the family Centrarchidae (sunfishes, crappies and black basses) in the order Centrarchiformes. Bluegills can grow up to 16 in (41 cm) long and about 4.5 lb (2.0 kg). While their color can vary from population to population, they typically have a very distinctive coloring, with deep blue and purple on the face and gill cover, dark olive-colored bands down the side, and a fiery orange to yellow belly. They are omnivorous and will consume anything they can fit in their mouth, but mostly feed on small aquatic insects and baitfishes. The fish are important prey for bass, other larger sunfish, northern pike and muskellunge, walleye, trout, herons, kingfishers, snapping turtles and otters, and play a key role within the food chain of its freshwater ecosystem.","The bluegill (Lepomis macrochirus), sometimes referred to as ""bream"", ""brim"", ""sunny"", or, as is common in Texas, ""copper nose"", is a species of North American freshwater fish, native to and commonly found in streams, rivers, lakes, ponds and wetlands east of the Rocky Mountains. It is the type species of the genus Lepomis (true sunfish), from the family Centrarchidae (sunfishes, crappies and black basses) in the order Centrarchiformes. Bluegills can grow up to 16 in (41 cm) long and about 4.5 lb (2.0 kg). While their color can vary from population to population, they typically have a very distinctive coloring, with deep blue and purple on the face and gill cover, dark olive-colored bands down the side, and a fiery orange to yellow belly. They are omnivorous and will consume anything they can fit in their mouth, but mostly feed on small aquatic insects and baitfishes. The fish are important prey for bass, other larger sunfish, northern pike and muskellunge, walleye, trout, herons, kingfishers, snapping turtles and otters, and play a key role within the food chain of its freshwater ecosystem.","Slunečnice velkoploutvá (Lepomis macrochirus), v angličtině někdy nazývaná ""bream"", ""brim"", ""sunny"" nebo, jak je běžné v Texasu, ""copper nose"", je severoamerická sladkovodní ryba, která je původní a hojná v potocích, řekách, jezerech, rybnících a mokřadech východně od Skalistých hor. Je typovým druhem rodu Lepomis (slunečnice) z čeledi okounkovitých (Centrarchidae; slunečnice a okounci rodů Pomoxis a Micropterus) řádu Centrarchiformes. Slunečnice velkoploutvé mohou dorůst délky až 16 palců (41 cm) a hmotnosti asi 4,5 libry (2,0 kg). Jejich zbarvení se sice mezi populacemi liší, obvykle je však velmi výrazné: sytě modrá a fialová barva na hlavě a skřelích, tmavé olivové pruhy na bocích a ohnivě oranžové až žluté břicho. Jsou všežravé a pozřou cokoli, co se jim vejde do tlamy, většinou se však živí drobným vodním hmyzem a malými rybkami. Tyto ryby jsou důležitou kořistí okounků, dalších větších slunečnic, štik obecných a štik muskalung, candátů amerických, pstruhů, volavek, ledňáčků, kajmanek a vyder a hrají klíčovou roli v potravním řetězci svého sladkovodního ekosystému.","Der Blaue Sonnenbarsch (Lepomis macrochirus), im Englischen manchmal auch ""bream"", ""brim"", ""sunny"" oder, wie in Texas üblich, ""copper nose"" genannt, ist eine nordamerikanische Süßwasserfischart, die östlich der Rocky Mountains in Bächen, Flüssen, Seen, Teichen und Feuchtgebieten heimisch und häufig anzutreffen ist. Er ist die Typusart der Gattung Lepomis (Echte Sonnenbarsche) aus der Familie Centrarchidae (Sonnenbarsche, Crappies und Schwarzbarsche) in der Ordnung Centrarchiformes. Blaue Sonnenbarsche können bis zu 16 Zoll (41 cm) lang und etwa 4,5 lb (2,0 kg) schwer werden. Ihre Färbung kann zwar von Population zu Population variieren, ist aber meist sehr charakteristisch: tiefes Blau und Violett an Kopf und Kiemendeckel, dunkle olivfarbene Bänder an den Flanken und ein feurig orangefarbener bis gelber Bauch. Sie sind Allesfresser und fressen alles, was in ihr Maul passt, ernähren sich aber vor allem von kleinen Wasserinsekten und Futterfischen. Die Fische sind wichtige Beute für Schwarzbarsche, andere größere Sonnenbarsche, Hechte und Muskellunges, Glasaugenbarsche, Forellen, Reiher, Eisvögel, Schnappschildkröten und Otter und spielen eine Schlüsselrolle in der Nahrungskette ihres Süßwasser-Ökosystems.","Синежаберный солнечник (Lepomis macrochirus), которого в английском иногда называют ""bream"", ""brim"", ""sunny"" или, как принято в Техасе, ""copper nose"", — вид североамериканских пресноводных рыб, который в природе обитает и часто встречается в ручьях, реках, озёрах, прудах и на заболоченных территориях к востоку от Скалистых гор. Это типовой вид рода Lepomis (настоящие солнечники) из семейства Centrarchidae (солнечники, краппи и чёрные окуни) отряда Centrarchiformes. Синежаберные солнечники могут достигать 16 дюймов (41 см) в длину и около 4,5 фунта (2,0 кг) веса. Хотя окраска может различаться от популяции к популяции, обычно она весьма характерна: насыщенные синие и фиолетовые тона на морде и жаберной крышке, тёмные оливковые полосы на боках и брюхо от огненно-оранжевого до жёлтого цвета. Эти рыбы всеядны и едят всё, что помещается в рот, но питаются в основном мелкими водными насекомыми и мелкой рыбой. Они служат важной добычей для чёрных окуней, других, более крупных солнечников, щуки и маскинонга, светлопёрого судака, форели, цапель, зимородков, каймановых черепах и выдр и играют ключевую роль в пищевой цепи своей пресноводной экосистемы.","Bass niebieski (Lepomis macrochirus), nazywany czasem po angielsku ""bream"", ""brim"", ""sunny"" lub, jak to często bywa w Teksasie, ""copper nose"", to gatunek północnoamerykańskiej ryby słodkowodnej, który naturalnie i powszechnie występuje w strumieniach, rzekach, jeziorach, stawach i na mokradłach na wschód od Gór Skalistych. Jest gatunkiem typowym rodzaju Lepomis (słonecznice) z rodziny bassowatych (Centrarchidae, obejmującej słonecznice, ""crappie"" i czarne bassy) z rzędu Centrarchiformes. Bassy niebieskie mogą dorastać do 16 cali (41 cm) długości i ważyć około 4,5 funta (2,0 kg). Choć ich ubarwienie bywa różne w zależności od populacji, zwykle jest bardzo charakterystyczne: głęboki niebieski i fioletowy kolor na głowie i pokrywie skrzelowej, ciemnooliwkowe pręgi na bokach oraz brzuch od ognistopomarańczowego po żółty. Są wszystkożerne i zjedzą wszystko, co zmieści im się w pysku, ale żywią się głównie małymi owadami wodnymi i drobnymi rybkami. Ryby te są ważnym pokarmem dla bassów, innych większych słonecznic, szczupaków i maskinongów, sandaczy amerykańskich, pstrągów, czapli, zimorodków, żółwi jaszczurowatych i wydr, a w łańcuchu pokarmowym swojego słodkowodnego ekosystemu odgrywają kluczową rolę.","A kékkopoltyús naphal (Lepomis macrochirus), amelyet angolul néha ""bream"", ""brim"", ""sunny"", Texasban pedig gyakran ""copper nose"" néven is emlegetnek, észak-amerikai édesvízi halfaj, amely a Sziklás-hegységtől keletre fekvő patakokban, folyókban, tavakban, kisebb tavakban és vizes élőhelyeken őshonos és gyakori. A Lepomis nemnek (valódi naphalak) a típusfaja; a nemet a Centrarchiformes rend díszsügérfélék (Centrarchidae) családjába sorolják, amelybe a naphalak, a Pomoxis-fajok és a feketesügérek tartoznak. A kékkopoltyús naphal akár 16 hüvelyk (41 cm) hosszúra és körülbelül 4,5 font (2,0 kg) tömegűre is megnőhet. Bár színezete populációnként eltérő lehet, általában igen jellegzetes: arca és kopoltyúfedője mélykék és lila, oldalán sötét olajzöld sávok húzódnak lefelé, hasa pedig tüzes narancssárgától sárgáig terjedő színű. Mindenevő, bármit megeszik, ami a szájába fér, de főként apró vízi rovarokkal és csalihalakkal táplálkozik. Fontos zsákmányállat a feketesügérek, más nagyobb naphalak, a csuka és a muskellunge, az amerikai süllő, a pisztrángok, a gémek, a jégmadarak, az aligátorteknősök és a vidrák számára, és kulcsszerepet játszik édesvízi ökoszisztémájának táplálékláncában.","Il persico sole blu (Lepomis macrochirus), talvolta chiamato in inglese ""bream"", ""brim"", ""sunny"" o, come è comune in Texas, ""copper nose"", è una specie di pesce d'acqua dolce nordamericana, originaria dei ruscelli, dei fiumi, dei laghi, degli stagni e delle zone umide a est delle Montagne Rocciose, dove è molto comune. È la specie tipo del genere Lepomis (i veri persici sole), della famiglia Centrarchidae (persici sole, crappie e black bass), ordine Centrarchiformes. Il persico sole blu può raggiungere i 16 pollici (41 cm) di lunghezza e un peso di circa 4,5 libbre (2,0 kg). Sebbene la colorazione possa variare da una popolazione all'altra, di solito è molto caratteristica, con blu intenso e viola sul muso e sull'opercolo, bande scure color oliva lungo i fianchi e un ventre dall'arancione fuoco al giallo. È onnivoro e mangia qualsiasi cosa gli entri in bocca, ma si nutre soprattutto di piccoli insetti acquatici e di pesci foraggio. È una preda importante per black bass, altri persici sole più grandi, lucci e muskellunge, lucioperche americane, trote, aironi, martin pescatori, tartarughe azzannatrici e lontre, e svolge un ruolo chiave nella catena alimentare del suo ecosistema d'acqua dolce.","El pez sol de agallas azules (Lepomis macrochirus), al que a veces se llama en inglés ""bream"", ""brim"", ""sunny"" o, como es habitual en Texas, ""copper nose"", es una especie de pez de agua dulce norteamericano, originaria de los arroyos, ríos, lagos, estanques y humedales situados al este de las Montañas Rocosas, donde es muy común. Es la especie tipo del género Lepomis (peces sol verdaderos), de la familia Centrarchidae (peces sol, ""crappies"" y lobinas), del orden Centrarchiformes. Puede alcanzar hasta 16 pulgadas (41 cm) de longitud y unas 4,5 libras (2,0 kg) de peso. Aunque su color puede variar de una población a otra, suele tener una coloración muy característica, con azul intenso y morado en la cara y el opérculo, bandas de color oliva oscuro en los costados y un vientre de naranja encendido a amarillo. Es omnívoro y come cualquier cosa que le quepa en la boca, pero se alimenta sobre todo de pequeños insectos acuáticos y de pececillos. Es una presa importante para las lobinas, otros peces sol de mayor tamaño, el lucio y el muskellunge, la lucioperca americana, las truchas, las garzas, los martines pescadores, las tortugas mordedoras y las nutrias, y desempeña un papel clave en la cadena alimentaria de su ecosistema de agua dulce.","Le crapet arlequin (Lepomis macrochirus), parfois appelé ""bream"", ""brim"", ""sunny"" ou, comme c'est courant au Texas, ""copper nose"", est une espèce de poisson d'eau douce d'Amérique du Nord, originaire des ruisseaux, rivières, lacs, étangs et milieux humides situés à l'est des montagnes Rocheuses, où il est commun. C'est l'espèce type du genre Lepomis (crapets proprement dits), de la famille des Centrarchidae (crapets, mariganes et achigans), dans l'ordre des Centrarchiformes. Le crapet arlequin peut mesurer jusqu'à 16 in (41 cm) et peser environ 4,5 lb (2,0 kg). Si sa couleur peut varier d'une population à l'autre, il présente généralement une coloration très caractéristique, avec du bleu profond et du violet sur la face et l'opercule, des bandes vert olive foncé sur les flancs et un ventre allant de l'orange vif au jaune. Omnivore, il mange tout ce qui peut tenir dans sa bouche, mais se nourrit surtout de petits insectes aquatiques et de poissons-fourrage. Ce poisson est une proie importante pour les achigans, d'autres crapets plus grands, le grand brochet et le maskinongé, le doré jaune, les truites, les hérons, les martins-pêcheurs, les tortues serpentines et les loutres, et il joue un rôle clé dans la chaîne alimentaire de son écosystème d'eau douce.",藍鰓太陽魚（Lepomis macrochirus）有時也被稱為「bream」、「brim」、「sunny」，在得克薩斯州則常被稱為「copper nose」。它是一種北美淡水魚，原產並常見於落基山脈以東的溪流、河流、湖泊、池塘和濕地。它是棘臀魚目（Centrarchiformes）棘臀魚科（Centrarchidae，包括太陽魚、莓鱸和黑鱸）中太陽魚屬（Lepomis，即真太陽魚）的模式種。藍鰓太陽魚體長可達 16 英寸（41 公分），體重約 4.5 磅（2.0 公斤）。雖然不同種群的體色可能有所差異，但它們通常具有非常獨特的體色：臉部和鰓蓋呈深藍色和紫色，體側有深橄欖色的條帶，腹部則是火紅的橙色至黃色。它們是雜食性魚類，凡是能塞進嘴裡的東西都會吃，但主要以小型水生昆蟲和餌料魚為食。這種魚是鱸魚、其他較大型的太陽魚、白斑狗魚和北美狗魚、玻璃梭鱸、鱒魚、蒼鷺、翠鳥、鱷龜和水獺的重要獵物，在其淡水生態系統的食物鏈中扮演關鍵角色。,ブルーギル（Lepomis macrochirus）は、「ブリーム」「ブリム」「サニー」、またテキサス州でよく使われる「コッパーノーズ」などとも呼ばれる北アメリカの淡水魚の一種で、ロッキー山脈以東の小川、河川、湖、池、湿地を原産とし、そこで普通に見られる。サンフィッシュ目（Centrarchiformes）サンフィッシュ科（Centrarchidae、サンフィッシュ類・クラッピー類・ブラックバス類を含む）のLepomis属（狭義のサンフィッシュ類）のタイプ種である。ブルーギルは体長16インチ（41cm）、体重約4.5ポンド（2.0kg）にまで成長する。体色は個体群によって異なるものの、一般にはとても特徴的な色彩をしており、顔とえらぶたは濃い青と紫、体側には暗いオリーブ色の帯が並び、腹部は燃えるようなオレンジ色から黄色である。雑食性で、口に入るものなら何でも食べるが、主に小型の水生昆虫や小魚を捕食する。バス、ほかの大型のサンフィッシュ類、ノーザン・パイクやマスケロンジ、ウォールアイ、マス類、サギ、カワセミ、カミツキガメ、カワウソにとって重要な餌であり、淡水生態系の食物連鎖において重要な役割を果たしている。,"O peixe-sol-azul (Lepomis macrochirus), por vezes chamado ""bream"", ""brim"", ""sunny"" ou, como é comum no Texas, ""copper nose"", é uma espécie de peixe de água doce da América do Norte, nativa de riachos, rios, lagos, lagoas e zonas húmidas a leste das Montanhas Rochosas, onde é comum. É a espécie-tipo do género Lepomis (peixes-sol verdadeiros), da família Centrarchidae (peixes-sol, ""crappies"" e achigãs), da ordem Centrarchiformes. O peixe-sol-azul pode atingir 16 pol. (41 cm) de comprimento e cerca de 4,5 lb (2,0 kg) de peso. Embora a cor possa variar de população para população, tem normalmente uma coloração muito característica, com azul intenso e roxo na face e no opérculo, faixas escuras cor de azeitona ao longo dos flancos e um ventre que vai do laranja vivo ao amarelo. É omnívoro e come tudo o que lhe caiba na boca, mas alimenta-se sobretudo de pequenos insetos aquáticos e de peixes-isco. Estes peixes são presas importantes de achigãs, outros peixes-sol maiores, lúcios e muskellunges, olhos-de-vidro, trutas, garças, martins-pescadores, tartarugas-mordedoras e lontras, e desempenham um papel fundamental na cadeia alimentar do seu ecossistema de água doce.",蓝鳃太阳鱼（Lepomis macrochirus）有时也被称为「bream」、「brim」、「sunny」，在得克萨斯州则常被称为「copper nose」。它是一种北美淡水鱼，原产并常见于落基山脉以东的溪流、河流、湖泊、池塘和湿地。它是棘臀鱼目（Centrarchiformes）棘臀鱼科（Centrarchidae，包括太阳鱼、莓鲈和黑鲈）中太阳鱼属（Lepomis，即真太阳鱼）的模式种。蓝鳃太阳鱼体长可达 16 英寸（41 公分），体重约 4.5 磅（2.0 公斤）。虽然不同种群的体色可能有所差异，但它们通常具有非常独特的体色：脸部和鳃盖呈深蓝色和紫色，体侧有深橄榄色的条带，腹部则是火红的橙色至黄色。它们是杂食性鱼类，凡是能塞进嘴里的东西都会吃，但主要以小型水生昆虫和饵料鱼为食。这种鱼是鲈鱼、其他较大型的太阳鱼、白斑狗鱼和北美狗鱼、玻璃梭鲈、鳟鱼、苍鹭、翠鸟、鳄龟和水獭的重要猎物，在其淡水生态系统的食物链中扮演关键角色。
str_fish_bluegill_fillet,Bluegill Fillet,Bluegill Fillet,Filet ze slunečnice velkoploutvé,Filet vom Blauen Sonnenbarsch,Филе синежаберного солнечника,Filet z bassa niebieskiego,Kékkopoltyús naphal filé,Filetto di persico sole blu,Filete de pez sol de agallas azules,Filet de crapet arlequin,藍鰓太陽魚片,ブルーギル・フィレ,Filete de peixe-sol-azul,蓝鳃太阳鱼片
str_fish_bluejellyfish,Blue Jellyfish,Blue Jellyfish,Talířovka Lamarckova,Blaue Qualle,Голубая медуза,Niebieska meduza,Kék medúza,Medusa blu,Medusa azul,Méduse bleue,藍色水母,ヒトダマクラゲ,Medusa azul,蓝色水母
str_fish_bluejellyfish_desc,"Cyanea lamarckii, also known as the blue jellyfish or bluefire jellyfish, is a species of jellyfish in the family Cyaneidae.

Blue jellyfish age can be identified by color of their bell. They tend to be pale in appearance when young, but mature to have a brightly purple-blue (some yellow) colored bell. Although it is similar to the lion's mane jellyfish, the blue jellyfish is not as large, and has a translucent bell.","Cyanea lamarckii, also known as the blue jellyfish or bluefire jellyfish, is a species of jellyfish in the family Cyaneidae.

Blue jellyfish age can be identified by color of their bell. They tend to be pale in appearance when young, but mature to have a brightly purple-blue (some yellow) colored bell. Although it is similar to the lion's mane jellyfish, the blue jellyfish is not as large, and has a translucent bell.","Cyanea lamarckii, česky talířovka Lamarckova, anglicky ""blue jellyfish"" nebo ""bluefire jellyfish"", je druh medúzy z čeledi Cyaneidae.

Stáří talířovek Lamarckových lze určit podle barvy jejich zvonu. Mladé medúzy bývají bledé, v dospělosti však mají zvon zbarvený jasně fialovomodře (některé žlutě). Přestože se podobá talířovce obrovské, talířovka Lamarckova není tak velká a má průsvitný zvon.","Cyanea lamarckii, auch als Blaue Qualle oder englisch ""bluefire jellyfish"" bekannt, ist eine Quallenart aus der Familie Cyaneidae.

Das Alter der Blauen Qualle lässt sich an der Farbe ihres Schirms erkennen. Jungtiere wirken eher blass, ausgewachsene Tiere haben dagegen einen leuchtend violettblauen (manche auch einen gelben) Schirm. Obwohl sie der Gelben Haarqualle ähnelt, wird die Blaue Qualle nicht so groß und hat einen durchscheinenden Schirm.","Cyanea lamarckii, также известная как голубая медуза (в английском также ""bluefire jellyfish""), — вид медуз семейства Cyaneidae.

Возраст голубой медузы можно определить по цвету её купола. В молодости эти медузы обычно бледные, а взрослея, приобретают ярко-фиолетово-синий (у некоторых — жёлтый) купол. Хотя голубая медуза похожа на волосистую цианею (медузу ""львиная грива""), она не такая крупная и имеет полупрозрачный купол.","Cyanea lamarckii, znana jako niebieska meduza (ang. także ""bluefire jellyfish""), to gatunek meduzy z rodziny Cyaneidae.

Wiek niebieskich meduz można określić po barwie ich parasola. Młode osobniki są zwykle blade, a z wiekiem ich parasol nabiera jaskrawej fioletowoniebieskiej (niekiedy żółtej) barwy. Choć niebieska meduza przypomina bełtwę festonową, nie jest tak duża i ma półprzezroczysty parasol.","A Cyanea lamarckii, más néven kék medúza (angolul ""bluefire jellyfish"" néven is ismert), a Cyaneidae családba tartozó medúzafaj.

A kék medúza életkora a harangja színéről állapítható meg. Fiatalon általában halvány színű, kifejlett korára azonban harangja élénk liláskék (némelyiké sárga) lesz. Bár hasonlít a sarkvidéki óriásmedúzához, a kék medúza nem nő olyan nagyra, és harangja áttetsző.","Cyanea lamarckii, nota anche come medusa blu o ""bluefire jellyfish"", è una specie di medusa della famiglia Cyaneidae.

L'età della medusa blu si può riconoscere dal colore dell'ombrello. Da giovane tende ad avere un aspetto pallido, ma da adulta ha un ombrello di colore blu-viola brillante (in alcuni casi giallo). Sebbene sia simile alla medusa criniera di leone, la medusa blu non è altrettanto grande e ha un ombrello traslucido.","Cyanea lamarckii, también conocida como medusa azul (en inglés también ""bluefire jellyfish""), es una especie de medusa de la familia Cyaneidae.

La edad de las medusas azules puede identificarse por el color de su campana. Suelen tener un aspecto pálido cuando son jóvenes, pero al madurar adquieren una campana de color azul violáceo brillante (algunas, amarilla). Aunque se parece a la medusa melena de león, la medusa azul no es tan grande y tiene la campana translúcida.","Cyanea lamarckii, également appelée méduse bleue (en anglais aussi ""bluefire jellyfish""), est une espèce de méduse de la famille des Cyaneidae.

L'âge d'une méduse bleue se reconnaît à la couleur de son ombrelle. Les jeunes ont tendance à être pâles, mais à maturité leur ombrelle prend une couleur bleu violacé vif (jaune chez certaines). Bien qu'elle ressemble à la méduse à crinière de lion, la méduse bleue est moins grande et possède une ombrelle translucide.","Cyanea lamarckii 又稱藍色水母，英文亦稱「bluefire jellyfish」，是霞水母科（Cyaneidae）的一種水母。

藍色水母的年齡可以從傘部的顏色來辨別。它們幼年時外觀往往較為蒼白，成熟後傘部則會呈現鮮豔的紫藍色（有些為黃色）。雖然藍色水母與獅鬃水母相似，但體型沒有那麼大，而且傘部呈半透明。","ヒトダマクラゲ（Cyanea lamarckii）は、英語で「ブルージェリーフィッシュ」（青いクラゲ）や「ブルーファイヤージェリーフィッシュ」とも呼ばれる、ユウレイクラゲ科（Cyaneidae）のクラゲの一種である。

ヒトダマクラゲの年齢は、傘の色で見分けることができる。若いうちは淡い色をしているが、成熟すると傘が鮮やかな紫がかった青色（黄色のものもいる）になる。キタユウレイクラゲに似ているが、ヒトダマクラゲはそれほど大きくならず、傘は半透明である。","A Cyanea lamarckii, também conhecida como medusa azul ou, em inglês, ""bluefire jellyfish"", é uma espécie de medusa da família Cyaneidae.

A idade da medusa azul pode ser identificada pela cor da umbrela. Quando jovens, estas medusas tendem a ter um aspeto pálido, mas, ao amadurecerem, adquirem uma umbrela de cor azul-arroxeada viva (algumas, amarela). Embora seja semelhante à medusa-juba-de-leão, a medusa azul não é tão grande e tem uma umbrela translúcida.","Cyanea lamarckii 又称蓝色水母，英文亦称「bluefire jellyfish」，是霞水母科（Cyaneidae）的一种水母。

蓝色水母的年龄可以从伞部的颜色来辨别。它们幼年时外观往往较为苍白，成熟后伞部则会呈现鲜艳的紫蓝色（有些为黄色）。虽然蓝色水母与狮鬃水母相似，但体型没有那么大，而且伞部呈半透明。"
str_fish_bluetang,Blue Tang,Blue Tang,Bodlok pestrý,Paletten-Doktorfisch,Голубой хирург,Pokolec królewski,Palettás doktorhal,Pesce chirurgo blu,Cirujano azul,Chirurgien palette,擬刺尾鯛,ナンヨウハギ,Cirurgião-patela,拟刺尾鲷
str_fish_bluetang_desc,"Paracanthurus hepatus is a species of Indo-Pacific surgeonfish. A popular fish in marine aquaria, it is the only member of the genus Paracanthurus.","Paracanthurus hepatus is a species of Indo-Pacific surgeonfish. A popular fish in marine aquaria, it is the only member of the genus Paracanthurus.",Paracanthurus hepatus je druh indopacifického bodloka. Je oblíbenou rybou mořských akvárií a jediným zástupcem rodu Paracanthurus.,Paracanthurus hepatus ist eine Doktorfischart aus dem Indopazifik. Der in Meerwasseraquarien beliebte Fisch ist die einzige Art der Gattung Paracanthurus.,"Paracanthurus hepatus - вид индо-тихоокеанских рыб-хирургов. Популярная рыба в морских аквариумах, она является единственным представителем рода Paracanthurus.",Paracanthurus hepatus to indopacyficzny gatunek ryby z rodziny pokolcowatych. Ta popularna w akwariach morskich ryba jest jedynym przedstawicielem rodzaju Paracanthurus.,"A Paracanthurus hepatus az indo-csendes-óceáni doktorhalak egyik faja. A tengeri akváriumok népszerű hala, egyben az egyetlen faj a Paracanthurus nemben.",Il Paracanthurus hepatus è una specie di pesce chirurgo dell'Indo-Pacifico. È un pesce molto diffuso negli acquari marini ed è l'unico membro del genere Paracanthurus.,El Paracanthurus hepatus es una especie de pez cirujano del Indopacífico. Es un pez muy popular en los acuarios marinos y el único miembro del género Paracanthurus.,"Paracanthurus hepatus est une espèce de poisson-chirurgien de l'Indo-Pacifique. Poisson populaire dans les aquariums marins, il est le seul membre du genre Paracanthurus.",Paracanthurus hepatus 是一種分佈於印度-太平洋的刺尾鯛。它是海水水族箱中廣受歡迎的觀賞魚，也是擬刺尾鯛屬（Paracanthurus）的唯一成員。,ナンヨウハギ（Paracanthurus hepatus）は、インド太平洋に分布するニザダイ科の魚の一種である。海水魚の飼育で人気の高い魚で、ナンヨウハギ属（Paracanthurus）の唯一の種である。,"Paracanthurus hepatus é uma espécie de peixe-cirurgião do Indo-Pacífico. Popular em aquários marinhos, é o único membro do género Paracanthurus.",Paracanthurus hepatus 是一种分布于印度-太平洋的刺尾鲷。它是海水水族箱中广受欢迎的观赏鱼，也是拟刺尾鲷属（Paracanthurus）的唯一成员。
str_fish_bluetang_fillet,Blue Tang Fillet,Blue Tang Fillet,Filet z bodloka pestrého,Paletten-Doktorfisch-Filet,Филе голубого хирурга,Filet z pokolca królewskiego,Palettás doktorhal filé,Filetto di pesce chirurgo blu,Filete de cirujano azul,Filet de chirurgien palette,擬刺尾鯛魚片,ナンヨウハギのフィレ,Filete de cirurgião-patela,拟刺尾鲷鱼片
str_fish_bonita,Bonito,Bonito,Pelamida,Bonito,Пеламида,Pelamida,Bonitó,Palamita,Bonito,Bonite,狐鰹,ハガツオ,Bonito,狐鲣
str_fish_bonita_desc,"Bonitos are a tribe of medium-sized, ray-finned predatory fish in the family Scombridae - a family it shares with the mackerel, tuna, and Spanish mackerel tribes, and also the butterfly kingfish.","Bonitos are a tribe of medium-sized, ray-finned predatory fish in the family Scombridae - a family it shares with the mackerel, tuna, and Spanish mackerel tribes, and also the butterfly kingfish.","Pelamidy jsou tribus středně velkých dravých paprskoploutvých ryb z čeledi makrelovitých (Scombridae), kterou sdílejí s tribusy makrel a tuňáků, s tribusem Scomberomorini a také s druhem Gasterochisma melampus.","Bonitos sind eine Tribus mittelgroßer, räuberischer Strahlenflosser aus der Familie Scombridae, die sie mit den Triben der Makrelen, der Thunfische und der Spanischen Makrelen sowie mit der Schmetterlingsmakrele teilen.","Пеламиды — триба хищных лучепёрых рыб среднего размера из семейства Scombridae. Это семейство они делят с трибами скумбрий, тунцов и королевских макрелей, а также с видом Gasterochisma melampus (в английском ""butterfly kingfish"").","Pelamidy to plemię średniej wielkości drapieżnych ryb promieniopłetwych z rodziny makrelowatych (Scombridae), do której należą również plemiona makreli, tuńczyków i makreli hiszpańskich oraz Gasterochisma melampus (ang. ""butterfly kingfish"").","A bonitók közepes méretű, sugarasúszójú ragadozó halak egyik nemzetsége a makrélafélék (Scombridae) családjában; ebbe a családba tartoznak még a makrélák, a tonhalak és a Scomberomorini nemzetség tagjai, valamint a Gasterochisma melampus is.","Le palamite sono una tribù di pesci predatori di medie dimensioni, a pinne raggiate, della famiglia Scombridae, famiglia che condividono con le tribù degli sgombri, dei tonni e degli sgombri reali, oltre che con Gasterochisma melampus.","Los bonitos son una tribu de peces depredadores de aletas radiadas y tamaño medio de la familia Scombridae, familia que comparten con las tribus de las caballas, los atunes y los carites, así como con Gasterochisma melampus.","Les bonites forment une tribu de poissons prédateurs de taille moyenne, à nageoires rayonnées, de la famille des Scombridae, une famille qu'elles partagent avec les tribus des maquereaux, des thons et des thazards, ainsi qu'avec le thon papillon.",狐鰹是鯖科（Scombridae）中的一個族，由中型的掠食性輻鰭魚組成；鯖科還包括鯖族、金槍魚族和馬鮫族，以及蝶鯖。,ハガツオ類は、サバ科（Scombridae）に属する中型の条鰭類の捕食魚からなる族（ハガツオ族）で、同じサバ科にはサバ族、マグロ族、サワラ族、そしてガストロも含まれる。,"Os bonitos são uma tribo de peixes predadores de tamanho médio e barbatanas raiadas, da família Scombridae, família que partilham com as tribos das cavalas, dos atuns e das serras, e também com Gasterochisma melampus.",狐鲣是鲭科（Scombridae）中的一个族，由中型的掠食性辐鳍鱼组成；鲭科还包括鲭族、金枪鱼族和马鲛族，以及蝶鲭。
str_fish_bonita_fillet,Bonito Fillet,Bonito Fillet,Filet z pelamidy,Bonitofilet,Филе пеламиды,Filet z pelamidy,Bonitó filé,Filetto di palamita,Filete de bonito,Filet de bonite,狐鰹魚片,ハガツオのフィレ,Filete de bonito,狐鲣鱼片
str_fish_bowfin,Bowfin,Bowfin,Kaproun obecný,Kahlhecht,Ильная рыба,Miękławka,Iszaphal,Amia,Amia,Poisson-castor,弓鰭魚,アミア・カルヴァ,Amia,弓鳍鱼
str_fish_bowfin_desc,"The bowfin (Amia calva) is a ray-finned fish native to North America. Common names include mudfish, mud pike, dogfish, grindle, grinnel, swamp trout, and choupique. It is regarded as a relict, being one of only two surviving species of the Halecomorphi, a group of fish that first appeared during the Early Triassic, around 250 million years ago. The bowfin is often considered a ""living fossil"" because they have retained some morphological characteristics of their early ancestors. It is one of two species in the genus Amia, along with Amia ocellicauda, the eyespot bowfin. The closest living relatives of bowfins are gars, with the two groups being united in the clade Holostei.","The bowfin (Amia calva) is a ray-finned fish native to North America. Common names include mudfish, mud pike, dogfish, grindle, grinnel, swamp trout, and choupique. It is regarded as a relict, being one of only two surviving species of the Halecomorphi, a group of fish that first appeared during the Early Triassic, around 250 million years ago. The bowfin is often considered a ""living fossil"" because they have retained some morphological characteristics of their early ancestors. It is one of two species in the genus Amia, along with Amia ocellicauda, the eyespot bowfin. The closest living relatives of bowfins are gars, with the two groups being united in the clade Holostei.","Kaproun obecný (Amia calva) je paprskoploutvá ryba pocházející ze Severní Ameriky. Mezi jeho lidové názvy patří ""mudfish"", ""mud pike"", ""dogfish"", ""grindle"", ""grinnel"", ""swamp trout"" a ""choupique"". Je považován za relikt, protože je jedním z pouhých dvou přežívajících druhů skupiny ryb Halecomorphi, která se poprvé objevila v raném triasu, asi před 250 miliony let. Kaproun je často označován za ""živoucí fosilii"", protože si zachoval některé morfologické znaky svých dávných předků. Je jedním ze dvou druhů rodu Amia; druhým je Amia ocellicauda (anglicky ""eyespot bowfin""). Nejbližšími žijícími příbuznými kaprounů jsou kostlíni; obě skupiny jsou spojeny v kladu Holostei.","Der Kahlhecht (Amia calva) ist ein in Nordamerika heimischer Strahlenflosser. Gebräuchliche Namen sind unter anderem ""mudfish"", ""mud pike"", ""dogfish"", ""grindle"", ""grinnel"", ""swamp trout"" und ""choupique"". Er gilt als Relikt, da er eine von nur zwei überlebenden Arten der Halecomorphi ist, einer Fischgruppe, die erstmals in der frühen Trias vor rund 250 Millionen Jahren auftrat. Der Kahlhecht wird oft als ""lebendes Fossil"" bezeichnet, weil er einige morphologische Merkmale seiner frühen Vorfahren bewahrt hat. Er ist eine von zwei Arten der Gattung Amia, neben Amia ocellicauda, im Englischen ""eyespot bowfin"" genannt. Die nächsten lebenden Verwandten der Kahlhechte sind die Knochenhechte; beide Gruppen werden in der Klade Holostei zusammengefasst.","Ильная рыба (Amia calva) — лучепёрая рыба, обитающая в Северной Америке. Её народные названия — ""mudfish"", ""mud pike"", ""dogfish"", ""grindle"", ""grinnel"", ""swamp trout"" и ""choupique"". Её считают реликтом: это один из всего двух сохранившихся видов Halecomorphi — группы рыб, которая впервые появилась в раннем триасе, около 250 миллионов лет назад. Ильную рыбу часто называют ""живым ископаемым"", поскольку она сохранила некоторые морфологические черты своих далёких предков. Это один из двух видов рода Amia наряду с Amia ocellicauda (в английском ""eyespot bowfin""). Ближайшие из ныне живущих родственников ильной рыбы — панцирниковые; обе группы объединяют в кладу Holostei.","Miękławka (Amia calva) to ryba promieniopłetwa pochodząca z Ameryki Północnej. Jej nazwy zwyczajowe to m.in. ""mudfish"", ""mud pike"", ""dogfish"", ""grindle"", ""grinnel"", ""swamp trout"" i ""choupique"". Uznaje się ją za relikt, ponieważ jest jednym z zaledwie dwóch żyjących gatunków Halecomorphi, grupy ryb, która pojawiła się po raz pierwszy we wczesnym triasie, około 250 milionów lat temu. Miękławkę często uważa się za ""żywą skamieniałość"", ponieważ zachowała niektóre cechy morfologiczne swoich wczesnych przodków. Jest jednym z dwóch gatunków rodzaju Amia, obok Amia ocellicauda (ang. ""eyespot bowfin""). Najbliższymi żyjącymi krewnymi miękławek są niszczuki; obie grupy łączy się w klad Holostei.","Az iszaphal (Amia calva) Észak-Amerikában őshonos sugarasúszójú hal. Köznapi nevei közé tartozik a ""mudfish"", ""mud pike"", ""dogfish"", ""grindle"", ""grinnel"", ""swamp trout"" és ""choupique"". Reliktumfajnak tekintik, mivel a Halecomorphi csoport mindössze két ma is élő fajának egyike; ez a halcsoport a kora triászban, mintegy 250 millió évvel ezelőtt jelent meg. Az iszaphalat gyakran ""élő kövületnek"" tartják, mivel megőrizte korai őseinek néhány alaktani jellegzetességét. Egyike az Amia nembe tartozó két fajnak; a másik az Amia ocellicauda (angolul ""eyespot bowfin""). Az iszaphalak legközelebbi élő rokonai a csontoscsukák; a két csoportot a Holostei kládba sorolják.","L'amia (Amia calva) è un pesce a pinne raggiate originario del Nord America. Tra i suoi nomi comuni figurano ""mudfish"", ""mud pike"", ""dogfish"", ""grindle"", ""grinnel"", ""swamp trout"" e ""choupique"". È considerata una specie relitta, essendo una delle due sole specie sopravvissute degli Halecomorphi, un gruppo di pesci comparso per la prima volta nel Triassico inferiore, circa 250 milioni di anni fa. L'amia è spesso considerata un ""fossile vivente"" perché ha conservato alcune caratteristiche morfologiche dei suoi primi antenati. È una delle due specie del genere Amia, insieme ad Amia ocellicauda (in inglese ""eyespot bowfin""). I parenti viventi più stretti delle amie sono i lepisosteidi, e i due gruppi sono riuniti nel clade Holostei.","La amia (Amia calva) es un pez de aletas radiadas originario de Norteamérica. Entre sus nombres comunes figuran ""mudfish"", ""mud pike"", ""dogfish"", ""grindle"", ""grinnel"", ""swamp trout"" y ""choupique"". Se la considera una especie relicta, ya que es una de las dos únicas especies supervivientes de los Halecomorphi, un grupo de peces que apareció por primera vez durante el Triásico Inferior, hace unos 250 millones de años. La amia se considera a menudo un ""fósil viviente"" porque conserva algunas características morfológicas de sus primeros antepasados. Es una de las dos especies del género Amia, junto con Amia ocellicauda (en inglés ""eyespot bowfin""). Los parientes vivos más cercanos de las amias son los pejelagartos, y ambos grupos se reúnen en el clado Holostei.","Le poisson-castor (Amia calva) est un poisson à nageoires rayonnées originaire d'Amérique du Nord. Ses noms communs incluent ""mudfish"", ""mud pike"", ""dogfish"", ""grindle"", ""grinnel"", ""swamp trout"" et ""choupique"". Il est considéré comme une espèce relique, puisqu'il est l'une des deux seules espèces survivantes des Halecomorphi, un groupe de poissons apparu au début du Trias, il y a environ 250 millions d'années. Le poisson-castor est souvent qualifié de ""fossile vivant"", car il a conservé certaines caractéristiques morphologiques de ses lointains ancêtres. C'est l'une des deux espèces du genre Amia, avec Amia ocellicauda (en anglais ""eyespot bowfin""). Les plus proches parents vivants du poisson-castor sont les garpiques (lépisostés), les deux groupes étant réunis dans le clade des Holostei.",弓鰭魚（Amia calva）是一種原產於北美洲的輻鰭魚。它的英文俗名包括「mudfish」、「mud pike」、「dogfish」、「grindle」、「grinnel」、「swamp trout」和「choupique」。它被視為孑遺物種，是 Halecomorphi 僅存的兩個物種之一；這個魚類類群最早出現於約 2.5 億年前的三疊紀早期。弓鰭魚常被視為「活化石」，因為它們保留了早期祖先的一些形態特徵。它是弓鰭魚屬（Amia）的兩個物種之一，另一種是 Amia ocellicauda（英文稱「eyespot bowfin」）。與弓鰭魚親緣關係最近的現存類群是雀鱔，兩者同屬全骨魚類（Holostei）這一演化支。,"アミア・カルヴァ（Amia calva、英名ボウフィン）は、北アメリカ原産の条鰭類の魚である。通称には、マッドフィッシュ、マッドパイク、ドッグフィッシュ、グリンドル、グリネル、スワンプトラウト、シュピックなどがある。約2億5,000万年前の三畳紀前期に初めて現れた魚類のグループであるハレコモルフィ（Halecomorphi）の、わずか2種しかいない現生種の一つであることから、遺存種とみなされている。初期の祖先の形態的特徴をいくつか残しているため、しばしば「生きた化石」とされる。アミア属（Amia）の2種のうちの1種で、もう1種はアイスポット・ボウフィン（Amia ocellicauda）である。アミア類に最も近縁な現生の魚はガー類で、両グループは全骨類（Holostei）というクレードにまとめられている。","A amia (Amia calva) é um peixe de barbatanas raiadas nativo da América do Norte. Os seus nomes comuns incluem ""mudfish"", ""mud pike"", ""dogfish"", ""grindle"", ""grinnel"", ""swamp trout"" e ""choupique"". É considerada uma espécie relíquia, sendo uma das duas únicas espécies sobreviventes dos Halecomorphi, um grupo de peixes que surgiu no início do Triássico, há cerca de 250 milhões de anos. A amia é muitas vezes considerada um ""fóssil vivo"", por ter conservado algumas características morfológicas dos seus primeiros antepassados. É uma das duas espécies do género Amia, a par de Amia ocellicauda (em inglês ""eyespot bowfin""). Os parentes vivos mais próximos das amias são os lepisosteídeos, estando os dois grupos unidos no clado Holostei.",弓鳍鱼（Amia calva）是一种原产于北美洲的辐鳍鱼。它的英文俗名包括「mudfish」、「mud pike」、「dogfish」、「grindle」、「grinnel」、「swamp trout」和「choupique」。它被视为孑遗物种，是 Halecomorphi 仅存的两个物种之一；这个鱼类类群最早出现于约 2.5 亿年前的三叠纪早期。弓鳍鱼常被视为「活化石」，因为它们保留了早期祖先的一些形态特征。它是弓鳍鱼属（Amia）的两个物种之一，另一种是 Amia ocellicauda（英文称「eyespot bowfin」）。与弓鳍鱼亲缘关系最近的现存类群是雀鳝，两者同属全骨鱼类（Holostei）这一演化支。
str_fish_bowfin_fillet,Bowfin Fillet,Bowfin Fillet,Filet z kaprouna,Kahlhechtfilet,Филе ильной рыбы,Filet z miękławki,Iszaphal filé,Filetto di amia,Filete de amia,Filet de poisson-castor,弓鰭魚片,アミア・カルヴァのフィレ,Filete de amia,弓鳍鱼片
str_fish_brooktrout,Brook Trout,Brook Trout,Siven americký,Bachsaibling,Американская палия,Pstrąg źródlany,Pataki szajbling,Salmerino di fontana,Trucha de arroyo,Omble de fontaine,美洲紅點鮭,カワマス,Truta-de-riacho,美洲红点鲑
str_fish_brooktrout_desc,"The brook trout (Salvelinus fontinalis) is a species of freshwater fish in the char genus Salvelinus of the salmon family Salmonidae. It is native to Eastern North America in the United States and Canada, but has been introduced elsewhere in North America, as well as to Iceland, Europe, and Asia. In parts of its range, it is also known as the eastern brook trout, speckled trout, brook charr, squaretail, brookie or mud trout, among others. A potamodromous population in Lake Superior, as well as an anadromous population in Maine, is known as coaster trout or, simply, as coasters. The brook trout is the state fish of nine U.S. states: Michigan, New Hampshire, New Jersey, New York, North Carolina, Pennsylvania, Vermont, Virginia, and West Virginia, and the Provincial Fish of Nova Scotia in Canada.","The brook trout (Salvelinus fontinalis) is a species of freshwater fish in the char genus Salvelinus of the salmon family Salmonidae. It is native to Eastern North America in the United States and Canada, but has been introduced elsewhere in North America, as well as to Iceland, Europe, and Asia. In parts of its range, it is also known as the eastern brook trout, speckled trout, brook charr, squaretail, brookie or mud trout, among others. A potamodromous population in Lake Superior, as well as an anadromous population in Maine, is known as coaster trout or, simply, as coasters. The brook trout is the state fish of nine U.S. states: Michigan, New Hampshire, New Jersey, New York, North Carolina, Pennsylvania, Vermont, Virginia, and West Virginia, and the Provincial Fish of Nova Scotia in Canada.","Siven americký (Salvelinus fontinalis) je druh sladkovodní ryby z rodu sivenů (Salvelinus) z čeledi lososovitých (Salmonidae). Pochází z východní části Severní Ameriky ve Spojených státech a Kanadě, byl však vysazen i jinde v Severní Americe a také na Islandu, v Evropě a v Asii. V některých částech svého areálu je mimo jiné znám také jako ""eastern brook trout"", ""speckled trout"", ""brook charr"", ""squaretail"", ""brookie"" nebo ""mud trout"". Potamodromní populace v Hořejším jezeře a anadromní populace v Maine se označují jako ""coaster trout"" nebo jednoduše ""coasters"". Siven americký je státní rybou devíti států USA: Michigan, New Hampshire, New Jersey, New York, Severní Karolína, Pensylvánie, Vermont, Virginie a Západní Virginie, a provinční rybou Nového Skotska v Kanadě.","Der Bachsaibling (Salvelinus fontinalis) ist eine Süßwasserfischart aus der Saiblingsgattung Salvelinus in der Familie der Lachsfische (Salmonidae). Er ist im Osten Nordamerikas in den Vereinigten Staaten und Kanada heimisch, wurde aber auch andernorts in Nordamerika sowie in Island, Europa und Asien eingeführt. In Teilen seines Verbreitungsgebiets ist er unter anderem auch als ""eastern brook trout"", ""speckled trout"", ""brook charr"", ""squaretail"", ""brookie"" oder ""mud trout"" bekannt. Eine potamodrome Population im Oberen See sowie eine anadrome Population in Maine werden als ""coaster trout"" oder einfach als ""coasters"" bezeichnet. Der Bachsaibling ist der Staatsfisch von neun US-Bundesstaaten (Michigan, New Hampshire, New Jersey, New York, North Carolina, Pennsylvania, Vermont, Virginia und West Virginia) sowie der Provinzfisch von Nova Scotia in Kanada.","Американская палия (Salvelinus fontinalis) — вид пресноводных рыб из рода гольцов Salvelinus семейства лососёвых (Salmonidae). Её родина — восток Северной Америки (США и Канада), но она была завезена и в другие районы Северной Америки, а также в Исландию, Европу и Азию. В разных частях ареала её называют также ""eastern brook trout"", ""speckled trout"", ""brook charr"", ""squaretail"", ""brookie"", ""mud trout"" и др. Потамодромную популяцию в озере Верхнем, а также анадромную популяцию в штате Мэн называют ""coaster trout"" или просто ""coasters"". Американская палия — официальная рыба девяти штатов США: Мичигана, Нью-Гэмпшира, Нью-Джерси, Нью-Йорка, Северной Каролины, Пенсильвании, Вермонта, Виргинии и Западной Виргинии, а также провинциальная рыба Новой Шотландии в Канаде.","Pstrąg źródlany (Salvelinus fontinalis) to gatunek ryby słodkowodnej z rodzaju Salvelinus (golce) z rodziny łososiowatych (Salmonidae). Pochodzi ze wschodniej części Ameryki Północnej, ze Stanów Zjednoczonych i Kanady, ale został wprowadzony również do innych części Ameryki Północnej oraz do Islandii, Europy i Azji. W niektórych częściach zasięgu znany jest m.in. pod angielskimi nazwami ""eastern brook trout"", ""speckled trout"", ""brook charr"", ""squaretail"", ""brookie"" lub ""mud trout"". Potamodromiczna populacja z Jeziora Górnego, a także anadromiczna populacja z Maine znane są jako ""coaster trout"" lub po prostu ""coasters"". Pstrąg źródlany jest rybą stanową dziewięciu stanów USA: Michigan, New Hampshire, New Jersey, Nowy Jork, Karolina Północna, Pensylwania, Vermont, Wirginia i Wirginia Zachodnia, a także oficjalną rybą prowincji Nowa Szkocja w Kanadzie.","A pataki szajbling (Salvelinus fontinalis) a lazacfélék (Salmonidae) családjába, a szajblingok nemébe (Salvelinus) tartozó édesvízi halfaj. Észak-Amerika keleti részén, az Egyesült Államokban és Kanadában őshonos, de Észak-Amerika más részeire, valamint Izlandra, Európába és Ázsiába is betelepítették. Elterjedési területének egyes részein többek között ""eastern brook trout"", ""speckled trout"", ""brook charr"", ""squaretail"", ""brookie"" vagy ""mud trout"" néven is ismert. A Felső-tó potamodrom és a Maine állambeli anadrom populációját ""coaster trout"" vagy egyszerűen ""coaster"" néven ismerik. A pataki szajbling kilenc amerikai állam állami hala: Michigan, New Hampshire, New Jersey, New York, Észak-Karolina, Pennsylvania, Vermont, Virginia és Nyugat-Virginia; emellett a kanadai Új-Skócia tartományi hala.","Il salmerino di fontana (Salvelinus fontinalis) è una specie di pesce d'acqua dolce appartenente al genere dei salmerini, Salvelinus, della famiglia dei salmonidi, Salmonidae. È originario del Nord America orientale, negli Stati Uniti e in Canada, ma è stato introdotto in altre zone del Nord America, oltre che in Islanda, in Europa e in Asia. In alcune parti del suo areale è noto anche, tra gli altri, con i nomi inglesi ""eastern brook trout"", ""speckled trout"", ""brook charr"", ""squaretail"", ""brookie"" o ""mud trout"". Una popolazione potamodroma del Lago Superiore, così come una popolazione anadroma del Maine, è nota come ""coaster trout"" o semplicemente ""coasters"". Il salmerino di fontana è il pesce simbolo di nove stati degli Stati Uniti: Michigan, New Hampshire, New Jersey, New York, Carolina del Nord, Pennsylvania, Vermont, Virginia e Virginia Occidentale, nonché della provincia canadese della Nuova Scozia.","La trucha de arroyo (Salvelinus fontinalis) es una especie de pez de agua dulce del género Salvelinus (salvelinos), de la familia de los salmónidos (Salmonidae). Es originaria del este de Norteamérica, en Estados Unidos y Canadá, pero se ha introducido en otros lugares de Norteamérica, así como en Islandia, Europa y Asia. En algunas partes de su área de distribución también se la conoce en inglés como ""eastern brook trout"", ""speckled trout"", ""brook charr"", ""squaretail"", ""brookie"" o ""mud trout"", entre otros nombres. Una población potamódroma del lago Superior, así como una población anádroma de Maine, se conocen como ""coaster trout"" o, simplemente, ""coasters"". La trucha de arroyo es el pez estatal de nueve estados de EE. UU. (Michigan, Nuevo Hampshire, Nueva Jersey, Nueva York, Carolina del Norte, Pensilvania, Vermont, Virginia y Virginia Occidental) y el pez provincial de Nueva Escocia, en Canadá.","L'omble de fontaine (Salvelinus fontinalis) est une espèce de poisson d'eau douce du genre Salvelinus (ombles), de la famille des salmonidés (Salmonidae). Originaire de l'est de l'Amérique du Nord, aux États-Unis et au Canada, il a été introduit ailleurs en Amérique du Nord ainsi qu'en Islande, en Europe et en Asie. Dans certaines parties de son aire de répartition, il est aussi appelé, entre autres, ""eastern brook trout"", truite mouchetée, ""brook charr"", ""squaretail"", ""brookie"" ou ""mud trout"". Une population potamodrome du lac Supérieur, ainsi qu'une population anadrome du Maine, sont appelées ""coaster trout"" ou simplement ""coasters"". L'omble de fontaine est le poisson emblème de neuf États américains (Michigan, New Hampshire, New Jersey, New York, Caroline du Nord, Pennsylvanie, Vermont, Virginie et Virginie-Occidentale) ainsi que le poisson emblème de la province de la Nouvelle-Écosse, au Canada.",美洲紅點鮭（Salvelinus fontinalis）是鮭科（Salmonidae）紅點鮭屬（Salvelinus）的一種淡水魚。它原產於北美洲東部的美國和加拿大，但已被引入北美洲其他地區，以及冰島、歐洲和亞洲。在其分佈範圍的部分地區，它也被稱為「eastern brook trout」、「speckled trout」、「brook charr」、「squaretail」、「brookie」或「mud trout」等。蘇必利爾湖中一個淡水洄游的種群，以及緬因州一個溯河洄游的種群，被稱為「coaster trout」，或簡稱「coasters」。美洲紅點鮭是美國九個州的州魚，分別是密歇根州、新罕布什爾州、新澤西州、紐約州、北卡羅來納州、賓夕法尼亞州、佛蒙特州、弗吉尼亞州和西弗吉尼亞州，也是加拿大新斯科舍省的省魚。,カワマス（Salvelinus fontinalis）は、サケ科（Salmonidae）イワナ属（Salvelinus）に属する淡水魚の一種である。北アメリカ東部のアメリカ合衆国とカナダが原産だが、北アメリカのほかの地域のほか、アイスランド、ヨーロッパ、アジアにも移入されている。分布域の一部では、イースタン・ブルックトラウト、スペックルド・トラウト、ブルック・チャー、スクエアテール、ブルッキー、マッド・トラウトなどとも呼ばれる。スペリオル湖で淡水域内を回遊する個体群と、メイン州の遡河回遊性の個体群は、コースター・トラウト、または単にコースターと呼ばれる。カワマスはアメリカの9つの州、すなわちミシガン州、ニューハンプシャー州、ニュージャージー州、ニューヨーク州、ノースカロライナ州、ペンシルベニア州、バーモント州、バージニア州、ウェストバージニア州の州魚であり、カナダのノバスコシア州の州魚でもある。,"A truta-de-riacho (Salvelinus fontinalis) é uma espécie de peixe de água doce do género Salvelinus (salvelinos), da família dos salmões, Salmonidae. É nativa do leste da América do Norte, nos Estados Unidos e no Canadá, mas foi introduzida noutras zonas da América do Norte, bem como na Islândia, na Europa e na Ásia. Em partes da sua área de distribuição, é também conhecida, entre outros nomes, como ""eastern brook trout"", ""speckled trout"", ""brook charr"", ""squaretail"", ""brookie"" ou ""mud trout"". Uma população potamódroma do Lago Superior, bem como uma população anádroma do Maine, são conhecidas como ""coaster trout"" ou, simplesmente, ""coasters"". A truta-de-riacho é o peixe-símbolo de nove estados dos EUA: Michigan, New Hampshire, Nova Jérsia, Nova Iorque, Carolina do Norte, Pensilvânia, Vermont, Virgínia e Virgínia Ocidental, e é também o peixe-símbolo da província da Nova Escócia, no Canadá.",美洲红点鲑（Salvelinus fontinalis）是鲑科（Salmonidae）红点鲑属（Salvelinus）的一种淡水鱼。它原产于北美洲东部的美国和加拿大，但已被引入北美洲其他地区，以及冰岛、欧洲和亚洲。在其分布范围的部分地区，它也被称为「eastern brook trout」、「speckled trout」、「brook charr」、「squaretail」、「brookie」或「mud trout」等。苏必利尔湖中一个淡水洄游的种群，以及缅因州一个溯河洄游的种群，被称为「coaster trout」，或简称「coasters」。美洲红点鲑是美国九个州的州鱼，分别是密歇根州、新罕布什尔州、新泽西州、纽约州、北卡罗来纳州、宾夕法尼亚州、佛蒙特州、弗吉尼亚州和西弗吉尼亚州，也是加拿大新斯科舍省的省鱼。
str_fish_brooktrout_fillet,Brook Trout Fillet,Brook Trout Fillet,Filet ze sivena amerického,Bachsaiblingsfilet,Филе американской палии,Filet z pstrąga źródlanego,Pataki szajbling filé,Filetto di salmerino di fontana,Filete de trucha de arroyo,Filet d'omble de fontaine,美洲紅點鮭魚片,カワマスのフィレ,Filete de truta-de-riacho,美洲红点鲑鱼片
str_fish_browntrout,Brown Trout,Brown Trout,Pstruh obecný,Bachforelle,Кумжа,Pstrąg potokowy,Sebes pisztráng,Trota fario,Trucha común,Truite brune,褐鱒,ブラウントラウト,Truta castanha,褐鳟鱼
str_fish_browntrout_desc,"The brown trout (Salmo trutta) is a species of salmonid ray-finned fish and the most widely distributed species of the genus Salmo, endemic to most of Europe, West Asia and parts of North Africa, and has been widely introduced globally as a game fish, even becoming one of the world's worst invasive species outside of its native range.

Brown trout are highly adaptable and have evolved numerous ecotypes/subspecies. These include three main ecotypes: a riverine ecotype called river trout or Salmo trutta morpha fario; a lacustrine ecotype or S. trutta morpha lacustris, also called the lake trout (not to be confused with the lake trout in North America); and anadromous populations known as the sea trout or S. trutta morpha trutta, which upon adulthood migrate downstream to the oceans for much of its life and only returns to fresh water to spawn in the gravel beds of headstreams.[citation needed] Sea trout in Ireland and Great Britain have many regional names: sewin in Wales, finnock in Scotland, peal in the West Country, mort in North West England, and white trout in Ireland.","The brown trout (Salmo trutta) is a species of salmonid ray-finned fish and the most widely distributed species of the genus Salmo, endemic to most of Europe, West Asia and parts of North Africa, and has been widely introduced globally as a game fish, even becoming one of the world's worst invasive species outside of its native range.

Brown trout are highly adaptable and have evolved numerous ecotypes/subspecies. These include three main ecotypes: a riverine ecotype called river trout or Salmo trutta morpha fario; a lacustrine ecotype or S. trutta morpha lacustris, also called the lake trout (not to be confused with the lake trout in North America); and anadromous populations known as the sea trout or S. trutta morpha trutta, which upon adulthood migrate downstream to the oceans for much of its life and only returns to fresh water to spawn in the gravel beds of headstreams. Sea trout in Ireland and Great Britain have many regional names: sewin in Wales, finnock in Scotland, peal in the West Country, mort in North West England, and white trout in Ireland.","Pstruh obecný (Salmo trutta) je druh lososovité paprskoploutvé ryby a nejrozšířenější druh rodu Salmo. Je původní ve většině Evropy, v západní Asii a v částech severní Afriky a jako sportovní ryba byl hojně vysazován po celém světě; mimo svůj původní areál se dokonce stal jedním z nejhorších invazních druhů na světě.

Pstruh obecný je mimořádně přizpůsobivý a vytvořil řadu ekotypů/poddruhů. Patří k nim tři hlavní ekotypy: říční ekotyp zvaný pstruh potoční neboli Salmo trutta morpha fario; jezerní ekotyp neboli S. trutta morpha lacustris, nazývaný také pstruh jezerní (nezaměňovat se severoamerickým sivenem obrovským, anglicky rovněž ""lake trout""); a anadromní populace známé jako pstruh mořský neboli S. trutta morpha trutta, které po dosažení dospělosti táhnou po proudu do moře, kde tráví velkou část života, a do sladké vody se vracejí jen ke tření na štěrkovém dně horních toků. Pstruh mořský má v Irsku a Velké Británii mnoho regionálních názvů: ""sewin"" ve Walesu, ""finnock"" ve Skotsku, ""peal"" v jihozápadní Anglii, ""mort"" v severozápadní Anglii a ""white trout"" v Irsku.","Die Bachforelle (Salmo trutta) ist ein Strahlenflosser aus der Familie der Lachsfische und die am weitesten verbreitete Art der Gattung Salmo. Sie ist in den meisten Teilen Europas, in Westasien und in Teilen Nordafrikas heimisch und wurde weltweit vielfach als Sportfisch eingeführt; außerhalb ihres natürlichen Verbreitungsgebiets ist sie sogar zu einer der schlimmsten invasiven Arten der Welt geworden.

Bachforellen sind äußerst anpassungsfähig und haben zahlreiche Ökotypen bzw. Unterarten ausgebildet. Dazu gehören drei Hauptökotypen: ein in Fließgewässern lebender Ökotyp, die eigentliche Bachforelle oder Salmo trutta morpha fario; ein in Seen lebender Ökotyp oder S. trutta morpha lacustris, auch Seeforelle genannt (nicht zu verwechseln mit dem Amerikanischen Seesaibling, der im Englischen ebenfalls ""lake trout"" heißt); und anadrome Populationen, bekannt als Meerforelle oder S. trutta morpha trutta, die als erwachsene Tiere flussabwärts ins Meer wandern, dort einen Großteil ihres Lebens verbringen und nur zum Laichen in die Kiesbetten der Oberläufe ins Süßwasser zurückkehren. Meerforellen haben in Irland und Großbritannien viele regionale Namen: ""sewin"" in Wales, ""finnock"" in Schottland, ""peal"" im West Country, ""mort"" in Nordwestengland und ""white trout"" in Irland.","Кумжа (Salmo trutta) — вид лососёвых лучепёрых рыб и самый широко распространённый вид рода Salmo. Её естественный ареал охватывает большую часть Европы, Западную Азию и часть Северной Африки; как объект спортивной рыбалки она была широко интродуцирована по всему миру и за пределами родного ареала даже стала одним из самых опасных инвазивных видов в мире.

Кумжа отличается высокой приспособляемостью и образовала множество экотипов и подвидов. Среди них выделяют три основных экотипа: речной, называемый ручьевой форелью, или Salmo trutta morpha fario; озёрный, или S. trutta morpha lacustris, который также называют озёрной форелью (не путать с американской озёрной палией из Северной Америки); и анадромные популяции, известные как морская форель, или S. trutta morpha trutta: повзрослев, эти рыбы скатываются вниз по течению в океан, проводят там большую часть жизни и возвращаются в пресную воду только для нереста на галечных нерестилищах в верховьях рек. У морской форели в Ирландии и Великобритании много местных названий: ""sewin"" в Уэльсе, ""finnock"" в Шотландии, ""peal"" в Западной Англии, ""mort"" на северо-западе Англии и ""white trout"" в Ирландии.","Pstrąg potokowy (Salmo trutta) to gatunek ryby promieniopłetwej z rodziny łososiowatych i najszerzej rozprzestrzeniony gatunek z rodzaju Salmo. Występuje naturalnie w większości Europy, w Azji Zachodniej i w części Afryki Północnej, a jako ryba wędkarska został szeroko introdukowany na całym świecie; poza naturalnym zasięgiem stał się nawet jednym z najgroźniejszych gatunków inwazyjnych świata.

Pstrąg potokowy ma duże zdolności przystosowawcze i wykształcił liczne ekotypy/podgatunki. Wyróżnia się trzy główne ekotypy: rzeczny, nazywany pstrągiem potokowym lub Salmo trutta morpha fario; jeziorny, czyli S. trutta morpha lacustris, nazywany też trocią jeziorową (nie mylić z palią jeziorową z Ameryki Północnej); oraz populacje anadromiczne, znane jako troć wędrowna lub S. trutta morpha trutta, które po osiągnięciu dorosłości spływają do oceanów, gdzie spędzają większość życia, a do słodkiej wody wracają tylko na tarło na żwirowiskach w ciekach źródłowych. Troć wędrowna ma w Irlandii i Wielkiej Brytanii wiele regionalnych nazw: ""sewin"" w Walii, ""finnock"" w Szkocji, ""peal"" w West Country, ""mort"" w północno-zachodniej Anglii i ""white trout"" w Irlandii.","A sebes pisztráng (Salmo trutta) a lazacfélék közé tartozó sugarasúszójú halfaj, a Salmo nembe tartozó fajok közül a legelterjedtebb. Európa nagy részén, Nyugat-Ázsiában és Észak-Afrika egyes részein őshonos, sporthalként pedig világszerte széles körben betelepítették, sőt őshonos elterjedési területén kívül a világ egyik legkártékonyabb invazív fajává vált.

A sebes pisztráng rendkívül alkalmazkodóképes, és számos ökotípusa, illetve alfaja alakult ki. Ezek közül három a fő ökotípus: a folyóvízi ökotípus, a sebes pisztráng (Salmo trutta morpha fario); a tavi ökotípus (S. trutta morpha lacustris), más néven tavi pisztráng (nem tévesztendő össze az amerikai tavipisztránggal); valamint az anadrom populációk, a tengeri pisztráng (S. trutta morpha trutta), amely kifejlett korában lefelé vándorol a tengerbe, élete nagy részét ott tölti, és csak ívni tér vissza az édesvízbe, a forráspatakok kavicsos medrébe. A tengeri pisztrángnak Írországban és Nagy-Britanniában számos tájnyelvi neve van: Walesben ""sewin"", Skóciában ""finnock"", Délnyugat-Angliában ""peal"", Északnyugat-Angliában ""mort"", Írországban pedig ""white trout"".","La trota fario (Salmo trutta) è una specie di salmonide a pinne raggiate e la più diffusa del genere Salmo; è endemica di gran parte dell'Europa, dell'Asia occidentale e di alcune zone del Nord Africa ed è stata ampiamente introdotta in tutto il mondo come pesce per la pesca sportiva, diventando persino, al di fuori del suo areale d'origine, una delle peggiori specie invasive del mondo.

La trota fario è molto adattabile e ha sviluppato numerosi ecotipi/sottospecie. Tra questi vi sono tre ecotipi principali: un ecotipo fluviale, chiamato trota di fiume o Salmo trutta morpha fario; un ecotipo lacustre, o S. trutta morpha lacustris, chiamato anche trota lacustre (da non confondere con il salmerino di lago del Nord America, in inglese ""lake trout""); e popolazioni anadrome note come trota di mare o S. trutta morpha trutta, che da adulte migrano a valle verso l'oceano, dove trascorrono gran parte della vita, e tornano in acqua dolce solo per deporre le uova nei letti di ghiaia dei torrenti sorgentizi. In Irlanda e in Gran Bretagna la trota di mare ha molti nomi regionali: ""sewin"" in Galles, ""finnock"" in Scozia, ""peal"" nel West Country, ""mort"" nell'Inghilterra nord-occidentale e ""white trout"" in Irlanda.","La trucha común (Salmo trutta) es una especie de pez salmónido de aletas radiadas y la especie más ampliamente distribuida del género Salmo. Es originaria de la mayor parte de Europa, Asia occidental y partes del norte de África, y se ha introducido ampliamente en todo el mundo como pez de pesca deportiva, hasta el punto de convertirse en una de las peores especies invasoras del mundo fuera de su área de distribución nativa.

La trucha común es muy adaptable y ha desarrollado numerosos ecotipos o subespecies. Entre ellos destacan tres ecotipos principales: un ecotipo fluvial, llamado trucha de río o Salmo trutta morpha fario; un ecotipo lacustre, o S. trutta morpha lacustris, también llamado trucha de lago (que no debe confundirse con la trucha de lago de Norteamérica); y poblaciones anádromas, conocidas como trucha de mar o S. trutta morpha trutta, que al llegar a la edad adulta migran río abajo hacia el mar, donde pasan gran parte de su vida, y solo regresan al agua dulce para desovar en los lechos de grava de las cabeceras de los ríos. La trucha de mar tiene muchos nombres regionales en Irlanda y Gran Bretaña: ""sewin"" en Gales, ""finnock"" en Escocia, ""peal"" en el West Country, ""mort"" en el noroeste de Inglaterra y ""white trout"" en Irlanda.","La truite brune (Salmo trutta) est une espèce de salmonidé à nageoires rayonnées et l'espèce la plus répandue du genre Salmo. Elle est endémique de la majeure partie de l'Europe, de l'Asie occidentale et de certaines régions d'Afrique du Nord, et a été largement introduite dans le monde entier comme poisson sportif, au point de devenir, hors de son aire de répartition d'origine, l'une des pires espèces envahissantes au monde.

La truite brune est très adaptable et a donné naissance à de nombreux écotypes et sous-espèces. On distingue notamment trois écotypes principaux : un écotype de rivière, appelé truite de rivière ou Salmo trutta morpha fario ; un écotype lacustre, S. trutta morpha lacustris, également appelé truite lacustre (à ne pas confondre avec le touladi, appelé ""lake trout"" en Amérique du Nord) ; et des populations anadromes, appelées truites de mer ou S. trutta morpha trutta, qui, à l'âge adulte, descendent vers la mer pour y passer une grande partie de leur vie et ne reviennent en eau douce que pour frayer dans les lits de gravier des cours d'eau de tête de bassin. En Irlande et en Grande-Bretagne, la truite de mer porte de nombreux noms régionaux : ""sewin"" au pays de Galles, ""finnock"" en Écosse, ""peal"" dans le West Country, ""mort"" dans le nord-ouest de l'Angleterre et ""white trout"" en Irlande.","褐鱒（Salmo trutta）是一種鮭科輻鰭魚，也是鮭屬（Salmo）中分佈最廣的物種，原產於歐洲大部分地區、西亞和北非部分地區。它作為垂釣魚種被廣泛引入全球各地，在原生分佈範圍以外甚至成為世界上危害最嚴重的入侵物種之一。

褐鱒適應力極強，已演化出許多生態型或亞種，其中包括三種主要生態型：河流生態型，稱為河鱒（Salmo trutta morpha fario）；湖泊生態型（S. trutta morpha lacustris），也稱為湖鱒（不要與北美洲的湖紅點鮭混淆）；以及溯河洄游的種群，稱為海鱒（S. trutta morpha trutta），它們成年後會順流而下遷往海洋，一生大部分時間都在海中度過，只在產卵時才返回淡水，在源頭溪流的礫石河床上產卵。愛爾蘭和英國的海鱒有許多地方名稱：威爾士稱為「sewin」，蘇格蘭稱為「finnock」，英格蘭西南部稱為「peal」，英格蘭西北部稱為「mort」，愛爾蘭則稱為「white trout」。","ブラウントラウト（Salmo trutta）はサケ科の条鰭類の一種で、タイセイヨウサケ属（Salmo）の中で最も広く分布する種である。ヨーロッパの大部分、西アジア、北アフリカの一部に固有で、ゲームフィッシュとして世界中に広く移入されており、本来の分布域の外では世界最悪の侵略的外来種の一つにさえなっている。

ブラウントラウトは適応力が非常に高く、数多くの生態型や亜種に分化してきた。その中には主に3つの生態型がある。リバートラウト（Salmo trutta morpha fario）と呼ばれる河川型、レイクトラウトとも呼ばれる湖沼型（S. trutta morpha lacustris。北米のレイク・トラウトとは別物）、そしてシートラウト（S. trutta morpha trutta）と呼ばれる遡河回遊性の個体群である。シートラウトは成魚になると川を下って海へ移り、生涯の大半を海で過ごし、源流の砂利底で産卵するときだけ淡水に戻ってくる。アイルランドとイギリスのシートラウトには多くの地方名があり、ウェールズではセウィン、スコットランドではフィノック、ウェストカントリーではピール、イングランド北西部ではモート、アイルランドではホワイトトラウトと呼ばれる。","A truta castanha (Salmo trutta) é uma espécie de peixe salmonídeo de barbatanas raiadas e a espécie mais amplamente distribuída do género Salmo. É endémica da maior parte da Europa, da Ásia Ocidental e de partes do Norte de África, e foi amplamente introduzida em todo o mundo como peixe de pesca desportiva, tornando-se mesmo uma das piores espécies invasoras do mundo fora da sua área de distribuição nativa.

A truta castanha é muito adaptável e desenvolveu numerosos ecótipos/subespécies. Estes incluem três ecótipos principais: um ecótipo fluvial, chamado truta-de-rio ou Salmo trutta morpha fario; um ecótipo lacustre, ou S. trutta morpha lacustris, também chamado truta-de-lago (não confundir com a truta-de-lago da América do Norte); e populações anádromas, conhecidas como truta-marisca ou S. trutta morpha trutta, que na idade adulta migram rio abaixo para o oceano, onde passam grande parte da vida, e só regressam à água doce para desovar nos leitos de cascalho das cabeceiras dos rios. A truta-marisca tem muitos nomes regionais na Irlanda e na Grã-Bretanha: ""sewin"" no País de Gales, ""finnock"" na Escócia, ""peal"" no West Country, ""mort"" no noroeste de Inglaterra e ""white trout"" na Irlanda.","褐鳟（Salmo trutta）是一种鲑科辐鳍鱼，也是鲑属（Salmo）中分布最广的物种，原产于欧洲大部分地区、西亚和北非部分地区。它作为垂钓鱼种被广泛引入全球各地，在原生分布范围以外甚至成为世界上危害最严重的入侵物种之一。

褐鳟适应力极强，已演化出许多生态型或亚种，其中包括三种主要生态型：河流生态型，称为河鳟（Salmo trutta morpha fario）；湖泊生态型（S. trutta morpha lacustris），也称为湖鳟（不要与北美洲的湖红点鲑混淆）；以及溯河洄游的种群，称为海鳟（S. trutta morpha trutta），它们成年后会顺流而下迁往海洋，一生大部分时间都在海中度过，只在产卵时才返回淡水，在源头溪流的砾石河床上产卵。爱尔兰和英国的海鳟有许多地方名称：威尔士称为「sewin」，苏格兰称为「finnock」，英格兰西南部称为「peal」，英格兰西北部称为「mort」，爱尔兰则称为「white trout」。"
str_fish_browntrout_fillet,Brown Trout Fillet,Brown Trout Fillet,Filet ze pstruha obecného,Bachforellenfilet,Филе кумжи,Filet z pstrąga potokowego,Sebes pisztráng filé,Filetto di trota fario,Filete de trucha común,Filet de truite brune,褐鱒魚片,ブラウントラウト・フィレ,Filete de truta castanha,褐鳟鱼片
str_fish_cherrysalmon,Cherry Salmon,Cherry Salmon,Losos masu,Masu-Lachs,Сима,Łosoś masu,Masu lazac,Salmone masu,Salmón masu,Saumon masou,櫻鱒,サクラマス,Salmão-masu,樱鳟
str_fish_cherrysalmon_desc,"The masu salmon, also known as masu or cherry trout in Japan, is a species of salmon belonging to the genus Oncorhynchus, found in the North Pacific along Northeast/East Asian coasts from the Russian Far East to south through Korea, Japan and Taiwan.","The masu salmon, also known as masu or cherry trout in Japan, is a species of salmon belonging to the genus Oncorhynchus, found in the North Pacific along Northeast/East Asian coasts from the Russian Far East to south through Korea, Japan and Taiwan.","Losos masu, v Japonsku známý také jako masu nebo ""cherry trout"", je druh lososa z rodu Oncorhynchus, který se vyskytuje v severním Pacifiku podél pobřeží severovýchodní a východní Asie od ruského Dálného východu na jih přes Koreu, Japonsko a Tchaj-wan.","Der Masu-Lachs, in Japan auch Masu oder ""cherry trout"" genannt, ist eine Lachsart der Gattung Oncorhynchus. Er kommt im Nordpazifik entlang der nordost- und ostasiatischen Küsten vor, vom Fernen Osten Russlands südwärts über Korea und Japan bis nach Taiwan.","Сима, или лосось масу (в Японии её называют также масу или ""cherry trout""), — вид лососей рода Oncorhynchus, обитающий в северной части Тихого океана у побережий Северо-Восточной и Восточной Азии — от российского Дальнего Востока на юг через Корею и Японию до Тайваня.","Łosoś masu, w Japonii nazywany też ""masu"" lub ""cherry trout"", to gatunek łososia z rodzaju Oncorhynchus, występujący w północnym Pacyfiku wzdłuż wybrzeży północno-wschodniej i wschodniej Azji, od rosyjskiego Dalekiego Wschodu na południe po Koreę, Japonię i Tajwan.","A masu lazac, amely Japánban masu vagy ""cherry trout"" néven is ismert, az Oncorhynchus nembe tartozó lazacfaj. A Csendes-óceán északi részén, Északkelet- és Kelet-Ázsia partjai mentén fordul elő, az orosz Távol-Kelettől délre Koreán és Japánon át egészen Tajvanig.","Il salmone masu, noto in Giappone anche come masu o ""cherry trout"", è una specie di salmone del genere Oncorhynchus, diffusa nel Pacifico settentrionale lungo le coste dell'Asia nord-orientale e orientale, dall'Estremo Oriente russo verso sud attraverso la Corea e il Giappone fino a Taiwan.","El salmón masu, también conocido como masu o, en Japón, ""cherry trout"", es una especie de salmón del género Oncorhynchus que se encuentra en el Pacífico Norte, a lo largo de las costas del noreste y el este de Asia, desde el Lejano Oriente ruso hacia el sur, pasando por Corea, Japón y Taiwán.","Le saumon masou, également appelé masou ou, au Japon, ""cherry trout"", est une espèce de saumon du genre Oncorhynchus présente dans le Pacifique Nord, le long des côtes de l'Asie du Nord-Est et de l'Est, depuis l'Extrême-Orient russe et, vers le sud, à travers la Corée et le Japon jusqu'à Taïwan.",櫻鱒（英文稱「masu salmon」，在日本又稱「masu」或「cherry trout」）是太平洋鮭屬（Oncorhynchus）的一種鮭魚，分佈於北太平洋的東北亞及東亞沿岸，從俄羅斯遠東地區向南經朝鮮半島、日本直至臺灣。,サクラマスは、英語では「マス・サーモン」と呼ばれ、日本では単に「マス」とも呼ばれる、タイヘイヨウサケ属（Oncorhynchus）のサケの一種である。北太平洋の北東アジア・東アジア沿岸に分布し、その範囲はロシア極東から南へ朝鮮半島、日本、台湾にまで及ぶ。,"O salmão-masu, também conhecido no Japão como masu ou ""cherry trout"", é uma espécie de salmão do género Oncorhynchus que se encontra no Pacífico Norte, ao longo das costas do nordeste e do leste da Ásia, desde o Extremo Oriente russo, para sul, passando pela Coreia e pelo Japão, até Taiwan.",樱鳟（英文称「masu salmon」，在日本又称「masu」或「cherry trout」）是太平洋鲑属（Oncorhynchus）的一种鲑鱼，分布于北太平洋的东北亚及东亚沿岸，从俄罗斯远东地区向南经朝鲜半岛、日本直至台湾。
str_fish_cherrysalmon_fillet,Cherry Salmon Fillet,Cherry Salmon Fillet,Filet z lososa masu,Masu-Lachsfilet,Филе симы,Filet z łososia masu,Masu lazac filé,Filetto di salmone masu,Filete de salmón masu,Filet de saumon masou,櫻鱒魚片,サクラマスのフィレ,Filete de salmão-masu,樱鳟鱼片
str_fish_chinooksalmon,Chinook Salmon,Chinook Salmon,Losos čavyča,Chinook-Lachs,Чавыча,Łosoś Chinook,Királylazac,Salmone Chinook,Salmón chinook,Saumon quinnat,帝王鮭,チヌーク・サーモン,Salmão Chinook,大鳞大马哈鱼
str_fish_chinooksalmon_desc,"The Chinook salmon (Oncorhynchus tshawytscha) is the largest and most valuable species of Pacific salmon in North America, as well as the largest in the genus Oncorhynchus. Its common name is derived from the Chinookan peoples. Other vernacular names for the species include king salmon, Quinnat salmon, Tsumen, spring salmon, chrome hog, Blackmouth, and Tyee salmon. The scientific species name is based on the Russian common name chavycha.","The Chinook salmon (Oncorhynchus tshawytscha) is the largest and most valuable species of Pacific salmon in North America, as well as the largest in the genus Oncorhynchus. Its common name is derived from the Chinookan peoples. Other vernacular names for the species include king salmon, Quinnat salmon, Tsumen, spring salmon, chrome hog, Blackmouth, and Tyee salmon. The scientific species name is based on the Russian common name chavycha.","Losos čavyča (Oncorhynchus tshawytscha) je největší a nejcennější druh tichomořského lososa v Severní Americe a zároveň největší druh rodu Oncorhynchus. Jeho anglický název Chinook je odvozen od činuckých národů. Mezi další lidové názvy tohoto druhu patří ""king salmon"", ""Quinnat salmon"", ""Tsumen"", ""spring salmon"", ""chrome hog"", ""Blackmouth"" a ""Tyee salmon"". Vědecký druhový název vychází z ruského lidového názvu čavyča.","Der Chinook-Lachs (Oncorhynchus tshawytscha) ist die größte und wertvollste pazifische Lachsart Nordamerikas und zugleich die größte Art der Gattung Oncorhynchus. Sein Trivialname geht auf die Chinook-Völker zurück. Weitere volkstümliche Namen der Art sind unter anderem Königslachs, Quinnat-Lachs, ""Tsumen"", ""spring salmon"", ""chrome hog"", ""Blackmouth"" und ""Tyee salmon"". Der wissenschaftliche Artname beruht auf dem russischen Trivialnamen chavycha.","Чавыча (Oncorhynchus tshawytscha) — самый крупный и ценный вид тихоокеанских лососей в Северной Америке, а также крупнейший представитель рода Oncorhynchus. Её английское название ""Chinook"" происходит от названия чинукских народов. Среди других народных названий этого вида — ""king salmon"", ""Quinnat salmon"", ""Tsumen"", ""spring salmon"", ""chrome hog"", ""Blackmouth"" и ""Tyee salmon"". Научное видовое название основано на русском названии ""чавыча"".","Łosoś Chinook (Oncorhynchus tshawytscha) to największy i najcenniejszy gatunek łososia pacyficznego w Ameryce Północnej, a także największy przedstawiciel rodzaju Oncorhynchus. Jego nazwa zwyczajowa pochodzi od ludów Chinook. Inne nazwy zwyczajowe tego gatunku to m.in. łosoś królewski, ""Quinnat salmon"", ""Tsumen"", ""spring salmon"", ""chrome hog"", ""Blackmouth"" i ""Tyee salmon"". Naukowa nazwa gatunkowa pochodzi od rosyjskiej nazwy zwyczajowej ""czawycza"".","A királylazac (Oncorhynchus tshawytscha) Észak-Amerika legnagyobb és legértékesebb csendes-óceáni lazacfaja, egyben az Oncorhynchus nemben is a legnagyobb. Angol nevét (Chinook salmon) a csinuk népekről kapta. További népi nevei közé tartozik a ""king salmon"", ""Quinnat salmon"", ""Tsumen"", ""spring salmon"", ""chrome hog"", ""Blackmouth"" és ""Tyee salmon"". Tudományos fajneve az orosz ""chavycha"" köznapi néven alapul.","Il salmone Chinook (Oncorhynchus tshawytscha) è la specie di salmone del Pacifico più grande e più pregiata del Nord America, nonché la più grande del genere Oncorhynchus. Il suo nome comune deriva dai popoli chinook. Tra gli altri nomi vernacolari della specie figurano salmone reale e, in inglese, ""Quinnat salmon"", ""Tsumen"", ""spring salmon"", ""chrome hog"", ""Blackmouth"" e ""Tyee salmon"". Il nome scientifico della specie si basa sul nome comune russo chavycha.","El salmón chinook (Oncorhynchus tshawytscha) es la especie de salmón del Pacífico más grande y valiosa de Norteamérica, así como la mayor del género Oncorhynchus. Su nombre común procede de los pueblos chinook. Otros nombres vernáculos de la especie son salmón real y, en inglés, ""Quinnat salmon"", ""Tsumen"", ""spring salmon"", ""chrome hog"", ""Blackmouth"" y ""Tyee salmon"". El nombre científico de la especie se basa en el nombre común ruso chavycha.","Le saumon quinnat (Oncorhynchus tshawytscha) est la plus grande et la plus précieuse des espèces de saumon du Pacifique en Amérique du Nord, ainsi que la plus grande du genre Oncorhynchus. Son nom anglais, ""Chinook salmon"", vient des peuples chinookans. L'espèce porte aussi d'autres noms vernaculaires, dont saumon royal (""king salmon""), ""Quinnat salmon"", ""Tsumen"", ""spring salmon"", ""chrome hog"", ""Blackmouth"" et ""Tyee salmon"". Le nom scientifique de l'espèce vient de son nom commun russe, ""chavycha"".",帝王鮭（Oncorhynchus tshawytscha）是北美洲體型最大、經濟價值最高的太平洋鮭魚，也是太平洋鮭屬（Oncorhynchus）中體型最大的物種。它的英文俗名「Chinook salmon」源自奇努克人。該物種的其他英文俗名包括「king salmon」、「Quinnat salmon」、「Tsumen」、「spring salmon」、「chrome hog」、「Blackmouth」和「Tyee salmon」。其學名中的種小名源自俄語俗名「chavycha」。,チヌーク・サーモン（Oncorhynchus tshawytscha）は、北アメリカの太平洋サケ類の中で最も大きく、最も価値の高い種であり、タイヘイヨウサケ属（Oncorhynchus）の中でも最大の種である。その名はチヌーク系の諸民族に由来する。ほかの俗称には、キングサーモン、クィナット・サーモン、ツメン、スプリングサーモン、クロームホッグ、ブラックマウス、タイイー・サーモンなどがある。学名の種小名は、ロシア語の一般名「チャヴィチャ（chavycha）」に基づいている。,"O salmão Chinook (Oncorhynchus tshawytscha) é a maior e mais valiosa espécie de salmão do Pacífico da América do Norte, bem como a maior do género Oncorhynchus. O seu nome comum deriva dos povos chinook. Outros nomes vernáculos da espécie incluem salmão-rei, ""Quinnat salmon"", ""Tsumen"", ""spring salmon"", ""chrome hog"", ""Blackmouth"" e ""Tyee salmon"". O nome científico da espécie baseia-se no nome comum russo ""chavycha"".",大鳞大马哈鱼（Oncorhynchus tshawytscha）是北美洲体型最大、经济价值最高的太平洋鲑鱼，也是太平洋鲑属（Oncorhynchus）中体型最大的物种。它的英文俗名「Chinook salmon」源自奇努克人。该物种的其他英文俗名包括「king salmon」、「Quinnat salmon」、「Tsumen」、「spring salmon」、「chrome hog」、「Blackmouth」和「Tyee salmon」。其学名中的种小名源自俄语俗名「chavycha」。
str_fish_chinooksalmon_fillet,Chinook Salmon Fillet,Chinook Salmon Fillet,Filet z lososa čavyči,Chinook-Lachsfilet,Филе чавычи,Filet z łososia Chinook,Királylazac filé,Filetto di salmone Chinook,Filete de salmón chinook,Filet de saumon quinnat,帝王鮭魚片,チヌーク・サーモン・フィレ,Filete de salmão Chinook,大鳞大马哈鱼片
str_fish_cuthroattrout_fillet,Cutthroat Trout Fillet,Cutthroat Trout Fillet,Filet ze pstruha Clarkova,Cutthroat-Forellenfilet,Филе лосося Кларка,Filet z łososia Clarka,Clark-pisztráng filé,Filetto di trota cutthroat,Filete de trucha degollada,Filet de truite fardée,切喉鱒魚片,カットスロート・トラウト・フィレ,Filete de truta de garganta cortada,切喉鳟鱼片
str_fish_cutthroattrout,Cutthroat Trout,Cutthroat Trout,Pstruh Clarkův,Cutthroat-Forelle,Лосось Кларка,Łosoś Clarka,Clark-pisztráng,Trota cutthroat,Trucha degollada,Truite fardée,切喉鱒,カットスロート・トラウト,Truta de garganta cortada,切喉鳟
str_fish_cutthroattrout_desc,"The cutthroat trout (Oncorhynchus clarkii) is a fish species of the family Salmonidae native to cold-water tributaries of the Pacific Ocean, Rocky Mountains, and Great Basin in North America. As a member of the genus Oncorhynchus, it is one of the Pacific trout, a group that includes the widely distributed rainbow trout. Cutthroat trout are popular gamefish, especially among anglers who enjoy fly fishing. The common name ""cutthroat"" refers to the distinctive red coloration on the underside of the lower jaw. The specific name clarkii was given to honor explorer William Clark, coleader of the Lewis and Clark Expedition.","The cutthroat trout (Oncorhynchus clarkii) is a fish species of the family Salmonidae native to cold-water tributaries of the Pacific Ocean, Rocky Mountains, and Great Basin in North America. As a member of the genus Oncorhynchus, it is one of the Pacific trout, a group that includes the widely distributed rainbow trout. Cutthroat trout are popular gamefish, especially among anglers who enjoy fly fishing. The common name ""cutthroat"" refers to the distinctive red coloration on the underside of the lower jaw. The specific name clarkii was given to honor explorer William Clark, coleader of the Lewis and Clark Expedition.","Pstruh Clarkův (Oncorhynchus clarkii) je druh ryby z čeledi lososovitých (Salmonidae), původní ve studených přítocích Tichého oceánu, ve Skalistých horách a ve Velké pánvi v Severní Americe. Jako zástupce rodu Oncorhynchus se řadí mezi tichomořské pstruhy, skupinu, do níž patří i široce rozšířený pstruh duhový. Pstruh Clarkův je oblíbenou sportovní rybou, zejména mezi rybáři, kteří holdují muškaření. Anglický název ""cutthroat"" (hrdlořez) odkazuje na výrazné červené zbarvení na spodní straně dolní čelisti. Druhové jméno clarkii dostal na počest objevitele Williama Clarka, spoluvedoucího expedice Lewise a Clarka.","Die Cutthroat-Forelle (Oncorhynchus clarkii) ist eine Fischart aus der Familie Salmonidae, die in kalten Zuflüssen des Pazifiks, der Rocky Mountains und des Great Basin in Nordamerika heimisch ist. Als Angehörige der Gattung Oncorhynchus zählt sie zu den Pazifischen Forellen, einer Gruppe, zu der auch die weit verbreitete Regenbogenforelle gehört. Cutthroat-Forellen sind beliebte Sportfische, vor allem bei Anglern, die gern mit der Fliege fischen. Der Trivialname ""Cutthroat"" bezieht sich auf die markante rote Färbung an der Unterseite des Unterkiefers. Das Artepitheton clarkii ehrt den Entdecker William Clark, einen der beiden Leiter der Lewis-und-Clark-Expedition.","Лосось Кларка (Oncorhynchus clarkii) — вид рыб семейства лососёвых (Salmonidae), обитающий в холодноводных притоках Тихого океана, а также в водах Скалистых гор и Большого Бассейна в Северной Америке. Как представитель рода Oncorhynchus, он относится к тихоокеанским форелям — группе, в которую входит и широко распространённая радужная форель. Лосось Кларка — популярный объект спортивной рыбалки, особенно среди любителей ловли нахлыстом. Его английское название ""cutthroat"" (""перерезанное горло"") связано с характерной красной окраской на нижней стороне нижней челюсти. Видовое название clarkii дано в честь исследователя Уильяма Кларка, одного из руководителей экспедиции Льюиса и Кларка.","Łosoś Clarka (Oncorhynchus clarkii) to gatunek ryby z rodziny łososiowatych (Salmonidae), występujący naturalnie w zimnych dopływach Pacyfiku oraz w ciekach Gór Skalistych i Wielkiej Kotliny w Ameryce Północnej. Jako przedstawiciel rodzaju Oncorhynchus zaliczany jest do pstrągów pacyficznych, grupy obejmującej m.in. szeroko rozprzestrzenionego pstrąga tęczowego. Łososie Clarka to popularne ryby wędkarskie, cenione zwłaszcza przez miłośników wędkarstwa muchowego. Angielska nazwa zwyczajowa ""cutthroat"" (dosł. ""poderżnięte gardło"") nawiązuje do charakterystycznego czerwonego zabarwienia spodniej strony żuchwy. Epitet gatunkowy clarkii nadano na cześć odkrywcy Williama Clarka, współprzywódcy wyprawy Lewisa i Clarka.","A Clark-pisztráng (Oncorhynchus clarkii) a lazacfélék (Salmonidae) családjába tartozó halfaj, amely Észak-Amerikában, a Csendes-óceán vízgyűjtőjének, a Sziklás-hegységnek és a Nagy-medencének a hideg vizű vízfolyásaiban őshonos. Mivel az Oncorhynchus nembe tartozik, a csendes-óceáni pisztrángok egyike; ebbe a csoportba a széles körben elterjedt szivárványos pisztráng is beletartozik. A Clark-pisztráng kedvelt sporthal, különösen a műlegyes horgászok körében. Angol neve, a ""cutthroat"" (""elvágott torkú"") az alsó állkapocs alsó oldalán látható jellegzetes vörös színezetre utal. A clarkii fajnevet William Clark felfedező, a Lewis és Clark-expedíció egyik vezetője tiszteletére kapta.","La trota cutthroat (Oncorhynchus clarkii) è una specie ittica della famiglia Salmonidae originaria degli affluenti d'acqua fredda dell'Oceano Pacifico, delle Montagne Rocciose e del Grande Bacino, in Nord America. In quanto membro del genere Oncorhynchus, è una delle trote del Pacifico, un gruppo che comprende anche la trota iridea, specie ampiamente diffusa. La trota cutthroat è un pesce molto popolare nella pesca sportiva, soprattutto tra i pescatori che praticano la pesca a mosca. Il nome comune ""cutthroat"" (tagliagole) si riferisce alla caratteristica colorazione rossa della parte inferiore della mandibola. Il nome specifico clarkii fu dato in onore dell'esploratore William Clark, uno dei due capi della spedizione di Lewis e Clark.","La trucha degollada (Oncorhynchus clarkii) es una especie de pez de la familia Salmonidae originaria de los afluentes de agua fría del océano Pacífico, las Montañas Rocosas y la Gran Cuenca, en Norteamérica. Como miembro del género Oncorhynchus, es una de las truchas del Pacífico, un grupo que incluye la trucha arco iris, de amplia distribución. La trucha degollada es muy popular en la pesca deportiva, sobre todo entre los aficionados a la pesca con mosca. El nombre común ""degollada"" (en inglés ""cutthroat"") hace referencia a la característica coloración roja de la parte inferior de la mandíbula. El nombre específico clarkii se le dio en honor al explorador William Clark, codirector de la expedición de Lewis y Clark.","La truite fardée (Oncorhynchus clarkii) est une espèce de poisson de la famille des salmonidés (Salmonidae), originaire des cours d'eau froids tributaires de l'océan Pacifique, des montagnes Rocheuses et du Grand Bassin, en Amérique du Nord. Membre du genre Oncorhynchus, elle fait partie des truites du Pacifique, un groupe qui comprend la très répandue truite arc-en-ciel. La truite fardée est un poisson sportif prisé, notamment des adeptes de la pêche à la mouche. Son nom anglais, ""cutthroat"" (""gorge tranchée""), fait référence à la coloration rouge caractéristique du dessous de la mâchoire inférieure. Le nom spécifique clarkii a été donné en l'honneur de l'explorateur William Clark, codirigeant de l'expédition Lewis et Clark.",切喉鱒（Oncorhynchus clarkii）是鮭科（Salmonidae）的一種魚類，原產於北美洲太平洋、落基山脈和大盆地一帶的冷水支流。作為太平洋鮭屬（Oncorhynchus）的成員，它是太平洋鱒的一種，這個類群也包括分佈廣泛的虹鱒。切喉鱒是很受歡迎的垂釣魚種，在喜愛飛蠅釣的釣友間尤其如此。俗名中的「切喉」（cutthroat）指的是它下頜下方獨特的紅色。種小名 clarkii 是為了紀念探險家威廉·克拉克（William Clark），他是劉易斯與克拉克探險隊的共同領隊。,カットスロート・トラウト（Oncorhynchus clarkii）は、北アメリカの太平洋、ロッキー山脈、グレートベースンの冷たい支流を原産とするサケ科の魚である。タイヘイヨウサケ属（Oncorhynchus）の一員として、広く分布するニジマスを含むグループである「パシフィック・トラウト」の一つに数えられる。カットスロート・トラウトはゲームフィッシュとして人気があり、特にフライフィッシングを楽しむ釣り人に好まれている。「カットスロート（喉切り）」という通称は、下顎の下側にある特徴的な赤い色に由来する。種小名のclarkiiは、ルイス・クラーク探検隊の共同隊長であった探検家ウィリアム・クラークにちなんで名付けられた。,"A truta de garganta cortada (Oncorhynchus clarkii) é uma espécie de peixe da família Salmonidae, nativa dos afluentes de água fria do Oceano Pacífico, das Montanhas Rochosas e da Grande Bacia, na América do Norte. Como membro do género Oncorhynchus, é uma das trutas do Pacífico, um grupo que inclui a truta arco-íris, de ampla distribuição. A truta de garganta cortada é um peixe popular na pesca desportiva, sobretudo entre os pescadores que apreciam a pesca à mosca. O nome comum ""cutthroat"" (""garganta cortada"") refere-se à característica coloração vermelha na parte inferior da mandíbula. O nome específico clarkii foi-lhe dado em homenagem ao explorador William Clark, um dos líderes da Expedição de Lewis e Clark.",切喉鳟（Oncorhynchus clarkii）是鲑科（Salmonidae）的一种鱼类，原产于北美洲太平洋、落基山脉和大盆地一带的冷水支流。作为太平洋鲑属（Oncorhynchus）的成员，它是太平洋鳟的一种，这个类群也包括分布广泛的虹鳟。切喉鳟是很受欢迎的垂钓鱼种，在喜爱飞蝇钓的钓友间尤其如此。俗名中的「切喉」（cutthroat）指的是它下颌下方独特的红色。种小名 clarkii 是为了纪念探险家威廉·克拉克（William Clark），他是刘易斯与克拉克探险队的共同领队。
str_fish_fatheadminnow,Fathead Minnow,Fathead Minnow,Jeleček velkohlavý,Dickkopfelritze,Толстоголовый гольян,Strzebla grubogłowa,Kövérfejű cselle,Vairone dalla testa grossa,Carpita cabezona,Tête-de-boule,黑頭軟口鰷,ファットヘッド・ミノー,Vairão-de-cabeça-gorda,黑头软口鲦
str_fish_fatheadminnow_desc,"Fathead minnow (Pimephales promelas), also known as fathead or tuffy, is a species of temperate freshwater fish belonging to the genus Pimephales of the cyprinid family. The natural geographic range extends throughout much of North America, from central Canada south along the Rockies to Texas, and east to Virginia and the Northeastern United States. This minnow has also been introduced to many other areas via bait bucket releases. Its golden, or xanthic, strain, known as the rosy-red minnow, is a very common feeder fish sold in the United States and Canada. This fish is also known for producing Schreckstoff (a distress signal).","Fathead minnow (Pimephales promelas), also known as fathead or tuffy, is a species of temperate freshwater fish belonging to the genus Pimephales of the cyprinid family. The natural geographic range extends throughout much of North America, from central Canada south along the Rockies to Texas, and east to Virginia and the Northeastern United States. This minnow has also been introduced to many other areas via bait bucket releases. Its golden, or xanthic, strain, known as the rosy-red minnow, is a very common feeder fish sold in the United States and Canada. This fish is also known for producing Schreckstoff (a distress signal).","Jeleček velkohlavý (Pimephales promelas), anglicky známý také jako ""fathead"" nebo ""tuffy"", je druh sladkovodní ryby mírného pásma z rodu Pimephales z čeledi kaprovitých. Jeho přirozený areál zahrnuje velkou část Severní Ameriky, od střední Kanady na jih podél Skalistých hor po Texas a na východ po Virginii a severovýchod Spojených států. Tento jeleček byl zavlečen i do mnoha dalších oblastí vypouštěním z kbelíků s nástražními rybkami. Jeho zlatá neboli xantická forma, známá jako ""rosy-red minnow"", je ve Spojených státech a Kanadě velmi běžně prodávanou krmnou rybou. Tato ryba je také známá tím, že produkuje Schreckstoff (poplašný signál).","Die Dickkopfelritze (Pimephales promelas), auch ""fathead"" oder ""tuffy"" genannt, ist eine Süßwasserfischart der gemäßigten Zone aus der Gattung Pimephales in der Familie der Karpfenfische. Ihr natürliches Verbreitungsgebiet erstreckt sich über weite Teile Nordamerikas, von Zentralkanada südwärts entlang der Rocky Mountains bis nach Texas und ostwärts bis nach Virginia und in den Nordosten der Vereinigten Staaten. Durch das Ausleeren von Ködereimern wurde die Dickkopfelritze auch in viele andere Gebiete eingeschleppt. Ihre goldene oder xanthische Zuchtform, bekannt als ""rosy-red minnow"", wird in den Vereinigten Staaten und Kanada sehr häufig als Futterfisch verkauft. Der Fisch ist außerdem dafür bekannt, Schreckstoff (ein Alarmsignal) zu produzieren.","Толстоголовый гольян (Pimephales promelas), в английском также ""fathead"" или ""tuffy"", — вид пресноводных рыб умеренного пояса из рода Pimephales семейства карповых. Его естественный ареал охватывает большую часть Северной Америки — от центральной Канады на юг вдоль Скалистых гор до Техаса и на восток до Виргинии и северо-востока США. Кроме того, этот гольян попал во многие другие районы, когда рыболовы выпускали живца из вёдер для наживки. Его золотистая, или ксантическая, форма, известная как ""rosy-red minnow"", — очень распространённая кормовая рыба, которую продают в США и Канаде. Эта рыба также известна тем, что выделяет Schreckstoff — вещество, служащее сигналом тревоги.","Strzebla grubogłowa (Pimephales promelas), po angielsku także ""fathead"" lub ""tuffy"", to gatunek ryby słodkowodnej strefy umiarkowanej z rodzaju Pimephales z rodziny karpiowatych. Jej naturalny zasięg obejmuje znaczną część Ameryki Północnej: od środkowej Kanady na południe wzdłuż Gór Skalistych po Teksas i na wschód po Wirginię i północno-wschodnie Stany Zjednoczone. Ta strzebla została też zawleczona na wiele innych obszarów przez wypuszczanie ryb z wiader na żywą przynętę. Jej złota, czyli ksantyczna odmiana, znana jako ""rosy-red minnow"", jest bardzo popularną rybą karmową sprzedawaną w Stanach Zjednoczonych i Kanadzie. Ryba ta znana jest również z wydzielania Schreckstoff (sygnału alarmowego).","A kövérfejű cselle (Pimephales promelas), angolul ""fathead"" vagy ""tuffy"" néven is ismert, a pontyfélék családjába, a Pimephales nembe tartozó, mérsékelt övi édesvízi halfaj. Természetes elterjedési területe Észak-Amerika nagy részére kiterjed, Közép-Kanadától délre a Sziklás-hegység mentén Texasig, keletre pedig Virginiáig és az Egyesült Államok északkeleti részéig. Ez a halfaj csalis vödrökből szabadon engedett példányok révén számos más területre is eljutott. Arany, más néven xantikus változata, amelyet ""rosy-red minnow"" néven ismernek, az Egyesült Államokban és Kanadában igen gyakran árusított eleséghal. Ez a hal arról is ismert, hogy úgynevezett Schreckstoffot (vészjelző anyagot) termel.","Il vairone dalla testa grossa (Pimephales promelas), noto anche come ""fathead"" o ""tuffy"", è una specie di pesce d'acqua dolce delle zone temperate appartenente al genere Pimephales della famiglia dei ciprinidi. Il suo areale naturale si estende su gran parte del Nord America, dal Canada centrale verso sud lungo le Montagne Rocciose fino al Texas, e verso est fino alla Virginia e agli Stati Uniti nord-orientali. Questo vairone è stato introdotto anche in molte altre zone attraverso lo svuotamento dei secchielli per esche. La sua varietà dorata, o xantica, nota come ""rosy-red minnow"", è un pesce molto comune venduto negli Stati Uniti e in Canada come cibo vivo per altri animali. Questo pesce è noto anche per la produzione di Schreckstoff (un segnale di allarme).","La carpita cabezona (Pimephales promelas), también conocida en inglés como ""fathead"" o ""tuffy"", es una especie de pez de aguas dulces templadas del género Pimephales, de la familia de los ciprínidos. Su área de distribución natural abarca gran parte de Norteamérica, desde el centro de Canadá hacia el sur a lo largo de las Montañas Rocosas hasta Texas, y hacia el este hasta Virginia y el noreste de Estados Unidos. Esta carpita también se ha introducido en muchas otras zonas por la suelta de ejemplares usados como cebo vivo. Su variedad dorada o xántica, conocida como ""rosy-red minnow"", es un pez muy común que se vende como alimento vivo en Estados Unidos y Canadá. Este pez también es conocido por producir Schreckstoff (una señal de alarma).","Le tête-de-boule (Pimephales promelas), aussi appelé ""fathead"" ou ""tuffy"" en anglais, est une espèce de poisson d'eau douce des régions tempérées appartenant au genre Pimephales, de la famille des cyprinidés. Son aire de répartition naturelle couvre une grande partie de l'Amérique du Nord, du centre du Canada vers le sud le long des Rocheuses jusqu'au Texas, et vers l'est jusqu'en Virginie et au nord-est des États-Unis. Ce petit poisson a également été introduit dans de nombreuses autres régions par le déversement de seaux à appâts. Sa variété dorée, ou xanthique, appelée ""rosy-red minnow"", est très couramment vendue comme poisson de nourrissage aux États-Unis et au Canada. Ce poisson est également connu pour produire du Schreckstoff (un signal de détresse).",黑頭軟口鰷（Pimephales promelas），英文又稱「fathead」或「tuffy」，是一種溫帶淡水魚，屬於鯉科的 Pimephales 屬。其自然分佈範圍遍及北美洲大部分地區，從加拿大中部沿落基山脈向南至得克薩斯州，向東至弗吉尼亞州和美國東北部。這種小魚也經由餌料桶放生，而被引入許多其他地區。它的金色（即黃化）品系被稱為「rosy-red minnow」，是美國和加拿大市面上非常常見的飼料魚。這種魚也以會釋放 Schreckstoff（一種求救信號）而聞名。,ファットヘッド・ミノー（Pimephales promelas）は、ファットヘッドやタフィーとも呼ばれる、コイ科Pimephales属の温帯性の淡水魚の一種である。自然分布域は北アメリカの大部分に及び、カナダ中部からロッキー山脈に沿って南はテキサス州まで、東はバージニア州とアメリカ北東部にまで広がっている。このミノーは、釣り餌用のバケツからの放流によって、ほかの多くの地域にも持ち込まれている。金色（キサンティック）の系統は「ロージーレッド・ミノー」と呼ばれ、アメリカとカナダで販売されているごく一般的な餌用の魚である。また、この魚はシュレックストフ（危険を知らせる信号物質）を出すことでも知られている。,"O vairão-de-cabeça-gorda (Pimephales promelas), também conhecido como ""fathead"" ou ""tuffy"", é uma espécie de peixe de água doce de clima temperado, do género Pimephales, da família dos ciprinídeos. A sua área de distribuição natural abrange grande parte da América do Norte, desde o centro do Canadá, para sul ao longo das Montanhas Rochosas até ao Texas, e para leste até à Virgínia e ao nordeste dos Estados Unidos. Este vairão foi também introduzido em muitas outras zonas através de peixes libertados de baldes de iscas. A sua variedade dourada, ou xântica, conhecida como ""rosy-red minnow"", é um peixe muito vendido nos Estados Unidos e no Canadá como alimento para outros animais. Este peixe é também conhecido por produzir Schreckstoff (um sinal de alarme).",黑头软口鲦（Pimephales promelas），英文又称「fathead」或「tuffy」，是一种温带淡水鱼，属于鲤科的 Pimephales 属。其自然分布范围遍及北美洲大部分地区，从加拿大中部沿落基山脉向南至得克萨斯州，向东至弗吉尼亚州和美国东北部。这种小鱼也经由饵料桶放生，而被引入许多其他地区。它的金色（即黄化）品系被称为「rosy-red minnow」，是美国和加拿大市面上非常常见的饲料鱼。这种鱼也以会释放 Schreckstoff（一种求救信号）而闻名。
str_fish_flatheadcatfish,Flathead Catfish,Flathead Catfish,Sumeček plochohlavý,Flachkopfwels,Плоскоголовый сом,Sum płaski,Laposfejű harcsa,Pesce gatto testa piatta,Bagre cabeza plana,Poisson-chat à tête plate,鏟鮰,フラットヘッド・キャットフィッシュ,Peixe-gato de cabeça chata,铲鮰
str_fish_flatheadcatfish_desc,"The flathead catfish (Pylodictis olivaris), also called by several common names including mudcat or shovelhead cat, is a large species of North American freshwater catfish in the family Ictaluridae. It is the only species of the genus Pylodictis. Ranging from the lower Great Lakes region to northern Mexico, it has been widely introduced and is an invasive species in some areas. The closest living relative of the flathead catfish is the much smaller widemouth blindcat, Satan eurystomus, a cavefish.","The flathead catfish (Pylodictis olivaris), also called by several common names including mudcat or shovelhead cat, is a large species of North American freshwater catfish in the family Ictaluridae. It is the only species of the genus Pylodictis. Ranging from the lower Great Lakes region to northern Mexico, it has been widely introduced and is an invasive species in some areas. The closest living relative of the flathead catfish is the much smaller widemouth blindcat, Satan eurystomus, a cavefish.","Sumeček plochohlavý (Pylodictis olivaris), nazývaný také řadou lidových jmen, například ""mudcat"" nebo ""shovelhead cat"", je velký druh severoamerického sladkovodního sumce z čeledi sumečkovitých (Ictaluridae). Je jediným druhem rodu Pylodictis. Vyskytuje se od oblasti dolních Velkých jezer po severní Mexiko, byl hojně vysazován a v některých oblastech je invazním druhem. Nejbližším žijícím příbuzným sumečka plochohlavého je mnohem menší jeskynní ryba Satan eurystomus (anglicky ""widemouth blindcat"").","Der Flachkopfwels (Pylodictis olivaris), der unter mehreren Trivialnamen wie ""mudcat"" oder ""shovelhead cat"" bekannt ist, ist eine große nordamerikanische Süßwasserwelsart aus der Familie Ictaluridae. Er ist die einzige Art der Gattung Pylodictis. Sein Verbreitungsgebiet reicht von der Region der unteren Großen Seen bis nach Nordmexiko; er wurde vielerorts eingeführt und gilt in manchen Gebieten als invasive Art. Der nächste lebende Verwandte des Flachkopfwelses ist der viel kleinere Satan eurystomus (englisch ""widemouth blindcat""), ein Höhlenfisch.","Плоскоголовый сом (Pylodictis olivaris), известный также под рядом народных названий, в том числе ""mudcat"" и ""shovelhead cat"", — крупный вид североамериканских пресноводных сомов семейства Ictaluridae. Это единственный вид рода Pylodictis. Его ареал простирается от района нижних Великих озёр до севера Мексики; он был широко интродуцирован и в некоторых районах стал инвазивным видом. Ближайший из ныне живущих родственников плоскоголового сома — гораздо более мелкая пещерная рыба Satan eurystomus (в английском ""widemouth blindcat"").","Sum płaski (Pylodictis olivaris), znany pod kilkoma nazwami zwyczajowymi, m.in. angielskimi ""mudcat"" i ""shovelhead cat"", to duży gatunek północnoamerykańskiego suma słodkowodnego z rodziny sumikowatych (Ictaluridae). Jest jedynym przedstawicielem rodzaju Pylodictis. Występuje od rejonu dolnych Wielkich Jezior po północny Meksyk; został szeroko introdukowany i na niektórych obszarach jest gatunkiem inwazyjnym. Najbliższym żyjącym krewnym suma płaskiego jest znacznie mniejszy Satan eurystomus (ang. ""widemouth blindcat""), ryba jaskiniowa.","A laposfejű harcsa (Pylodictis olivaris), amelyet angolul több köznapi néven is emlegetnek, például ""mudcat"" vagy ""shovelhead cat"", az Ictaluridae családba tartozó, nagy termetű észak-amerikai édesvízi harcsafaj. Ez az egyetlen faj a Pylodictis nemben. Elterjedési területe a Nagy-tavak alsó vidékétől Észak-Mexikóig terjed; széles körben betelepítették, és egyes területeken invazív fajnak számít. A laposfejű harcsa legközelebbi élő rokona a nála jóval kisebb Satan eurystomus (angolul ""widemouth blindcat""), egy barlangi halfaj.","Il pesce gatto testa piatta (Pylodictis olivaris), chiamato anche con diversi nomi comuni, tra cui ""mudcat"" o ""shovelhead cat"", è una grande specie di pesce gatto d'acqua dolce nordamericano della famiglia Ictaluridae. È l'unica specie del genere Pylodictis. Diffuso dalla regione dei Grandi Laghi inferiori fino al Messico settentrionale, è stato ampiamente introdotto ed è una specie invasiva in alcune zone. Il parente vivente più stretto del pesce gatto testa piatta è Satan eurystomus (""widemouth blindcat""), un pesce cavernicolo molto più piccolo.","El bagre cabeza plana (Pylodictis olivaris), también conocido por varios nombres comunes en inglés, como ""mudcat"" o ""shovelhead cat"", es una gran especie de bagre de agua dulce norteamericano de la familia Ictaluridae. Es la única especie del género Pylodictis. Su área de distribución va desde la región de los Grandes Lagos inferiores hasta el norte de México; se ha introducido ampliamente y es una especie invasora en algunas zonas. El pariente vivo más cercano del bagre cabeza plana es Satan eurystomus (en inglés ""widemouth blindcat""), un pez cavernícola mucho más pequeño.","Le poisson-chat à tête plate (Pylodictis olivaris), connu sous plusieurs noms communs, dont ""mudcat"" et ""shovelhead cat"", est une grande espèce de poisson-chat d'eau douce nord-américaine de la famille des Ictaluridae. C'est la seule espèce du genre Pylodictis. Présent de la région des Grands Lacs inférieurs jusqu'au nord du Mexique, il a fait l'objet de nombreuses introductions et constitue une espèce envahissante dans certaines régions. Le plus proche parent vivant du poisson-chat à tête plate est une espèce beaucoup plus petite, Satan eurystomus (en anglais ""widemouth blindcat""), un poisson cavernicole.",鏟鮰（Pylodictis olivaris）有多個英文俗名，包括「mudcat」和「shovelhead cat」，是一種大型的北美洲淡水鯰魚，屬於北美鯰科（Ictaluridae）。它是 Pylodictis 屬的唯一物種。它的分佈範圍從五大湖下游地區延伸至墨西哥北部，已被廣泛引入其他地區，並在部分地區成為入侵物種。與鏟鮰親緣關係最近的現存物種是體型小得多的洞穴魚 Satan eurystomus（英文稱「widemouth blindcat」）。,フラットヘッド・キャットフィッシュ（Pylodictis olivaris）は、マッドキャットやショベルヘッドキャットなど、いくつもの通称でも呼ばれる、アメリカナマズ科（Ictaluridae）に属する北アメリカ産の大型の淡水ナマズである。Pylodictis属の唯一の種である。五大湖下流域からメキシコ北部にかけて分布し、広く移入されていて、一部の地域では侵略的外来種となっている。フラットヘッド・キャットフィッシュに最も近縁な現生種は、はるかに小型の洞窟魚であるワイドマウス・ブラインドキャット（Satan eurystomus）である。,"O peixe-gato de cabeça chata (Pylodictis olivaris), também conhecido por vários nomes comuns, como ""mudcat"" ou ""shovelhead cat"", é uma grande espécie de peixe-gato de água doce da América do Norte, da família Ictaluridae. É a única espécie do género Pylodictis. A sua área de distribuição vai da região dos Grandes Lagos inferiores até ao norte do México; foi amplamente introduzido e é uma espécie invasora em algumas zonas. O parente vivo mais próximo do peixe-gato de cabeça chata é o muito menor ""widemouth blindcat"", Satan eurystomus, um peixe cavernícola.",铲鮰（Pylodictis olivaris）有多个英文俗名，包括「mudcat」和「shovelhead cat」，是一种大型的北美洲淡水鲶鱼，属于北美鲶科（Ictaluridae）。它是 Pylodictis 属的唯一物种。它的分布范围从五大湖下游地区延伸至墨西哥北部，已被广泛引入其他地区，并在部分地区成为入侵物种。与铲鮰亲缘关系最近的现存物种是体型小得多的洞穴鱼 Satan eurystomus（英文称「widemouth blindcat」）。
str_fish_flatheadcatfish_fillet,Flathead Catfish Fillet,Flathead Catfish Fillet,Filet ze sumečka plochohlavého,Flachkopfwelsfilet,Филе плоскоголового сома,Filet z suma płaskiego,Laposfejű harcsa filé,Filetto di pesce gatto testa piatta,Filete de bagre cabeza plana,Filet de poisson-chat à tête plate,鏟鮰魚片,フラットヘッド・キャットフィッシュ・フィレ,Filete de peixe-gato de cabeça chata,铲鮰鱼片
str_fish_flatheadmullet,Flathead Mullet,Flathead Mullet,Cípal hlavatý,Großkopfmeeräsche,Лобан,Cefal pospolity,Nagyfejű tengeripér,Cefalo,Mújol,Mulet cabot,鯔魚,ボラ,Tainha de cabeça chata,鲻鱼
str_fish_flatheadmullet_desc,The Flathead Mullet is an important food fish species in the mullet family Mugilidae. It is found in coastal tropical and subtropical waters worldwide. Its length is typically 30 to 75 centimetres.,The Flathead Mullet is an important food fish species in the mullet family Mugilidae. It is found in coastal tropical and subtropical waters worldwide. Its length is typically 30 to 75 centimetres.,Cípal hlavatý je významný potravní druh ryby z čeledi cípalovitých (Mugilidae). Vyskytuje se v pobřežních tropických a subtropických vodách po celém světě. Jeho délka je obvykle 30 až 75 centimetrů.,Die Großkopfmeeräsche ist eine wichtige Speisefischart aus der Familie der Meeräschen (Mugilidae). Sie kommt weltweit in tropischen und subtropischen Küstengewässern vor. Ihre Länge beträgt typischerweise 30 bis 75 Zentimeter.,Лобан - важный вид пищевой рыбы семейства кефалевых Mugilidae. Он обитает в прибрежных тропических и субтропических водах по всему миру. Его длина обычно составляет от 30 до 75 сантиметров.,Cefal pospolity to ważny gatunek ryby konsumpcyjnej z rodziny mugilowatych (Mugilidae). Występuje w przybrzeżnych wodach tropikalnych i subtropikalnych na całym świecie. Zwykle osiąga od 30 do 75 centymetrów długości.,A nagyfejű tengeripér a Mugilidae családba tartozó fontos étkezési halfaj. Világszerte megtalálható a trópusi és szubtrópusi part menti vizekben. Hossza általában 30-75 centiméter.,"Il cefalo è un'importante specie ittica di interesse alimentare della famiglia dei muggini, Mugilidae. È presente nelle acque costiere tropicali e subtropicali di tutto il mondo. La sua lunghezza è in genere compresa tra 30 e 75 centimetri.","El mújol es una importante especie de pez de consumo de la familia de los mugílidos, Mugilidae. Se encuentra en aguas costeras tropicales y subtropicales de todo el mundo. Suele medir entre 30 y 75 centímetros.",Le mulet cabot est une importante espèce de poisson comestible de la famille des mulets (Mugilidae). On le trouve dans les eaux côtières tropicales et subtropicales du monde entier. Sa longueur est généralement comprise entre 30 et 75 centimètres.,鯔魚是鯔科（Mugilidae）中一種重要的食用魚。它分佈於全球熱帶和亞熱帶的沿海水域。其體長通常為 30 至 75 公分。,ボラは、ボラ科（Mugilidae）に属する重要な食用魚である。世界中の熱帯・亜熱帯の沿岸域に生息する。体長は通常30～75センチメートルである。,"A tainha de cabeça chata é uma importante espécie de peixe de consumo da família das tainhas, Mugilidae. Encontra-se em águas costeiras tropicais e subtropicais de todo o mundo. O seu comprimento é normalmente de 30 a 75 centímetros.",鲻鱼是鲻科（Mugilidae）中一种重要的食用鱼。它分布于全球热带和亚热带的沿海水域。其体长通常为 30 至 75 公分。
str_fish_flatheadmullet_fillet,Flathead Mullet Fillet,Flathead Mullet Fillet,Filet z cípala hlavatého,Großkopfmeeräschen-Filet,Филе лобана,Filet z cefala,Nagyfejű tengeripér filé,Filetto di cefalo,Filete de mújol,Filet de mulet cabot,鯔魚片,ボラのフィレ,Filete de tainha,鲻鱼片
str_fish_greatwhiteshark,Great White Shark,Great White Shark,Velký bílý žralok,Weißer Hai,Большая белая акула,Żarłacz biały,Nagy fehér cápa,Squalo bianco,Gran tiburón blanco,Grand requin blanc,大白鯊,ホオジロザメ,Tubarão-branco,大白鲨
str_fish_greatwhiteshark_desc,"The great white shark, also known as the white shark, white pointer, or simply great white, is a species of large mackerel shark which can be found in the coastal surface waters of all the major oceans.","The great white shark, also known as the white shark, white pointer, or simply great white, is a species of large mackerel shark which can be found in the coastal surface waters of all the major oceans.","Velký bílý žralok, známý také jako žralok bílý nebo prostě velký bílý (anglicky též ""white pointer""), je druh velkého žraloka z čeledi lamnovitých, který se vyskytuje v pobřežních povrchových vodách všech hlavních oceánů.","Der Weiße Hai, auch Weißhai oder englisch ""white pointer"" bzw. einfach ""great white"" genannt, ist eine große Makrelenhaiart, die in den küstennahen Oberflächengewässern aller großen Ozeane vorkommt.","Большая белая акула, известная также как белая акула, ""white pointer"" или просто ""большая белая"", — вид крупных сельдевых акул, которых можно встретить в прибрежных поверхностных водах всех крупнейших океанов.","Żarłacz biały, po angielsku nazywany też ""white shark"", ""white pointer"" lub po prostu ""great white"", to gatunek dużego rekina z rodziny lamnowatych, występujący w przybrzeżnych wodach powierzchniowych wszystkich głównych oceanów.","A nagy fehér cápa, más néven fehér cápa, angolul ""white pointer"", vagy egyszerűen csak ""nagy fehér"", a heringcápafélék egyik nagy termetű faja, amely valamennyi nagy óceán part menti felszíni vizeiben előfordul.","Lo squalo bianco, noto anche come grande squalo bianco, ""white pointer"" o semplicemente ""grande bianco"", è una specie di grande squalo lamniforme che si può trovare nelle acque costiere superficiali di tutti i principali oceani.","El gran tiburón blanco, también conocido como tiburón blanco, ""white pointer"" en inglés o simplemente gran blanco, es una especie de gran tiburón lamniforme que puede encontrarse en las aguas costeras superficiales de todos los grandes océanos.","Le grand requin blanc, également appelé requin blanc, ""white pointer"" en anglais, ou simplement grand blanc, est une espèce de grand requin lamniforme que l'on trouve dans les eaux côtières de surface de tous les grands océans.",大白鯊，英文又稱「white shark」、「white pointer」，或簡稱「great white」，是一種大型鼠鯊科鯊魚，分佈於各大洋的沿岸表層水域。,ホオジロザメは、英語では「グレート・ホワイト・シャーク」のほか、「ホワイト・シャーク」「ホワイト・ポインター」、あるいは単に「グレート・ホワイト」とも呼ばれる大型のネズミザメ類の一種で、世界の主要な海洋すべての沿岸の表層域に生息している。,"O grande tubarão branco, também conhecido como tubarão-branco, ""white pointer"" ou simplesmente ""great white"", é uma espécie de grande tubarão da família Lamnidae que se encontra nas águas costeiras superficiais de todos os grandes oceanos.",大白鲨，英文又称「white shark」、「white pointer」，或简称「great white」，是一种大型鼠鲨科鲨鱼，分布于各大洋的沿岸表层水域。
str_fish_greatwhiteshark_fillet,Great White Shark Fillet,Great White Shark Fillet,Filet z velkého bílého žraloka,Filet vom Weißen Hai,Филе большой белой акулы,Filet z żarłacza białego,Nagy fehér cápa filé,Filetto di squalo bianco,Filete de tiburón blanco,Filet de grand requin blanc,大白鯊魚片,ホオジロザメのフィレ,Filete de tubarão branco,大白鲨片
str_fish_humpheadwrasse,Humphead Wrasse,Humphead Wrasse,Pyskoun vlnkovaný,Napoleon-Lippfisch,Рыба-наполеон,Wargacz garbogłowy,Napóleonhal,Pesce Napoleone,Pez napoleón,Napoléon,曲紋唇魚,メガネモチノウオ,Bodião-napoleão,苏眉鱼
str_fish_humpheadwrasse_desc,"The humphead wrasse is a large species of wrasse mainly found on coral reefs in the Indo-Pacific region. It is also known as the M?ori wrasse, Napoleon wrasse, Napoleon fish, Napoleonfish, so mei ??, mameng, and merer in the Pohnpeian language of the Caroline Islands.","The humphead wrasse is a large species of wrasse mainly found on coral reefs in the Indo-Pacific region. It is also known as the Maori wrasse, Napoleon wrasse, Napoleon fish, Napoleonfish, so mei, mameng, and merer in the Pohnpeian language of the Caroline Islands.","Pyskoun vlnkovaný je velký druh pyskouna, který se vyskytuje hlavně na korálových útesech v indopacifické oblasti. Je znám také jako ""Maori wrasse"", ""Napoleon wrasse"", ""Napoleon fish"", ""Napoleonfish"", ""so mei"", ""mameng"" a v pohnpeiském jazyce Karolínských ostrovů jako ""merer"".","Der Napoleon-Lippfisch ist eine große Lippfischart, die vor allem an Korallenriffen im Indopazifik vorkommt. Er ist auch als ""Maori wrasse"", ""Napoleon wrasse"", Napoleonfisch, ""so mei"", ""mameng"" und in der pohnpeanischen Sprache der Karolinen als ""merer"" bekannt.","Рыба-наполеон — крупный вид губанов, обитающий в основном на коралловых рифах Индо-Тихоокеанского региона. Её также называют ""Maori wrasse"", ""Napoleon wrasse"", ""Napoleon fish"", ""Napoleonfish"", ""so mei"", ""mameng"", а на языке понапе Каролинских островов — ""merer"".","Wargacz garbogłowy to duży gatunek wargacza, występujący głównie na rafach koralowych w regionie Indo-Pacyfiku. Znany jest również jako napoleon, a także pod nazwami ""Maori wrasse"", ""Napoleon wrasse"", ""Napoleonfish"", ""so mei"", ""mameng"" oraz ""merer"" w języku pohnpejskim, używanym na Karolinach.","A napóleonhal nagy termetű ajakoshalfaj, amely főként az indo-csendes-óceáni térség korallzátonyain él. További nevei: ""Maori wrasse"", ""Napoleon wrasse"", ""Napoleon fish"", ""Napoleonfish"", ""so mei"", ""mameng"", a Karolina-szigeteken beszélt pohnpei nyelven pedig ""merer"".","Il pesce Napoleone è una grande specie di labride diffusa soprattutto nelle barriere coralline della regione indo-pacifica. È noto anche come ""Maori wrasse"", ""Napoleon wrasse"", ""Napoleon fish"", ""Napoleonfish"", ""so mei"", ""mameng"" e, nella lingua pohnpeiana delle Isole Caroline, ""merer"".","El pez napoleón es una gran especie de lábrido que vive principalmente en los arrecifes de coral de la región indopacífica. También se le conoce como ""Maori wrasse"", ""Napoleon wrasse"", ""Napoleon fish"" o ""Napoleonfish"" en inglés, como ""so mei"" o ""mameng"" y, en la lengua pohnpeiana de las islas Carolinas, como ""merer"".","Le napoléon est une grande espèce de labre que l'on trouve principalement sur les récifs coralliens de la région indo-pacifique. Il est également connu sous les noms de ""Maori wrasse"", labre napoléon, poisson napoléon, ""so mei"", ""mameng"" et ""merer"" en pohnpei, une langue des îles Carolines.",曲紋唇魚是一種大型隆頭魚科魚類，主要分佈於印度-太平洋地區的珊瑚礁。它又被稱為毛利瀨魚、拿破崙魚（英文作「Napoleon wrasse」、「Napoleon fish」或「Napoleonfish」）、蘇眉、「mameng」，在加羅林群島的波納佩語中則稱為「merer」。,メガネモチノウオは、主にインド太平洋域のサンゴ礁に生息する大型のベラの一種である。「マオリ・ラス」「ナポレオン・ラス」「ナポレオンフィッシュ」「ソーメイ」「マメン」とも呼ばれ、カロリン諸島のポンペイ語では「メレル」と呼ばれる。,"O bodião-napoleão é uma grande espécie de bodião que se encontra sobretudo nos recifes de coral da região do Indo-Pacífico. É também conhecido como ""Maori wrasse"", ""Napoleon wrasse"", ""Napoleon fish"", ""Napoleonfish"", ""so mei"", ""mameng"" e, na língua pohnpeiana das Ilhas Carolinas, ""merer"".",苏眉鱼是一种大型隆头鱼科鱼类，主要分布于印度-太平洋地区的珊瑚礁。它又被称为毛利濑鱼、拿破仑鱼（英文作「Napoleon wrasse」、「Napoleon fish」或「Napoleonfish」）、苏眉、「mameng」，在加罗林群岛的波纳佩语中则称为「merer」。
str_fish_humpheadwrasse_fillet,Humphead Wrasse Fillet,Humphead Wrasse Fillet,Filet z pyskouna vlnkovaného,Napoleon-Lippfisch-Filet,Филе рыбы-наполеона,Filet z wargacza garbogłowego,Napóleonhal filé,Filetto di pesce Napoleone,Filete de napoleón,Filet de napoléon,曲紋唇魚片,メガネモチノウオのフィレ,Filete de bodião-napoleão,苏眉鱼片
str_fish_kingcrab,King Crab,King Crab,Krab královský,Königskrabbe,Королевский краб,Krab królewski,Királyrák,Granchio reale,Cangrejo real,Crabe royal,帝王蟹,タラバガニ,Caranguejo real,帝王蟹
str_fish_kingcrab_desc,"King crabs are decapod crustaceans of the family Lithodidae[b] that are chiefly found in deep waters and are adapted to cold environments. They are composed of two subfamilies: Lithodinae, which tend to inhabit deep waters, are globally distributed, and comprise the majority of the family's species diversity; and Hapalogastrinae, which are endemic to the North Pacific and inhabit exclusively shallow waters. King crabs superficially resemble true crabs but are generally understood to be closest to the pagurid hermit crabs. This placement of king crabs among the hermit crabs is supported by several anatomical peculiarities which are present only in king crabs and hermit crabs, making them a prominent example of carcinisation among decapods. Several species of king crabs, especially in Alaskan and southern South American waters, are targeted by commercial fisheries and have been subject to overfishing.","King crabs are decapod crustaceans of the family Lithodidae that are chiefly found in deep waters and are adapted to cold environments. They are composed of two subfamilies: Lithodinae, which tend to inhabit deep waters, are globally distributed, and comprise the majority of the family's species diversity; and Hapalogastrinae, which are endemic to the North Pacific and inhabit exclusively shallow waters. King crabs superficially resemble true crabs but are generally understood to be closest to the pagurid hermit crabs. This placement of king crabs among the hermit crabs is supported by several anatomical peculiarities which are present only in king crabs and hermit crabs, making them a prominent example of carcinisation among decapods. Several species of king crabs, especially in Alaskan and southern South American waters, are targeted by commercial fisheries and have been subject to overfishing.","Krabi královští jsou desetinozí korýši z čeledi Lithodidae, kteří žijí převážně v hlubokých vodách a jsou přizpůsobeni chladnému prostředí. Dělí se na dvě podčeledi: Lithodinae, které obývají spíše hluboké vody, jsou rozšířeny po celém světě a zahrnují většinu druhové rozmanitosti čeledi, a Hapalogastrinae, které jsou endemické pro severní Pacifik a obývají výhradně mělké vody. Krabi královští se navenek podobají pravým krabům, obecně se však má za to, že mají nejblíže k poustevníčkům z čeledi Paguridae. Toto zařazení krabů královských mezi poustevníčky podporuje několik anatomických zvláštností, které se vyskytují pouze u krabů královských a poustevníčků, což z nich činí výrazný příklad karcinizace u desetinožců. Několik druhů krabů královských, zejména v aljašských vodách a ve vodách na jihu Jižní Ameriky, je cílem komerčního rybolovu a bylo vystaveno nadměrnému lovu.","Königskrabben sind Zehnfußkrebse aus der Familie Lithodidae, die vor allem in tiefen Gewässern vorkommen und an kalte Lebensräume angepasst sind. Sie gliedern sich in zwei Unterfamilien: die Lithodinae, die eher tiefe Gewässer bewohnen, weltweit verbreitet sind und den Großteil der Artenvielfalt der Familie ausmachen, und die Hapalogastrinae, die im Nordpazifik endemisch sind und ausschließlich flache Gewässer bewohnen. Äußerlich ähneln Königskrabben den Echten Krabben, gelten aber allgemein als am nächsten mit den Einsiedlerkrebsen der Familie Paguridae verwandt. Diese Einordnung der Königskrabben bei den Einsiedlerkrebsen wird durch mehrere anatomische Besonderheiten gestützt, die nur bei Königskrabben und Einsiedlerkrebsen vorkommen; damit sind sie ein prominentes Beispiel für Karzinisierung unter den Zehnfußkrebsen. Mehrere Königskrabbenarten, vor allem in den Gewässern Alaskas und des südlichen Südamerikas, werden von der kommerziellen Fischerei befischt und wurden überfischt.","Королевские крабы - это десятиногие ракообразные семейства Lithodidae, обитающие преимущественно в глубоких водах и приспособленные к холодным условиям среды. Они состоят из двух подсемейств: Lithodinae, которые обычно обитают на больших глубинах, распространены по всему миру и составляют большую часть видового разнообразия семейства; и Hapalogastrinae, которые являются эндемиками северной части Тихого океана и обитают исключительно на мелководье. Внешне королевские крабы похожи на настоящих крабов, но, по общему мнению, ближе всего к пагуридам - крабам-отшельникам. В пользу отнесения королевских крабов к отшельникам говорит ряд анатомических особенностей, которые присутствуют только у королевских крабов и крабов-отшельников, что делает их ярким примером карцинизации среди декапод. Несколько видов королевских крабов, особенно в водах Аляски и южной части Южной Америки, являются объектом коммерческого промысла и подвергаются перелову.","Kraby królewskie to skorupiaki dziesięcionogie z rodziny Lithodidae, występujące głównie w głębokich wodach i przystosowane do zimnego środowiska. Dzielą się na dwie podrodziny: Lithodinae, które zamieszkują zwykle głębokie wody, są rozprzestrzenione na całym świecie i obejmują większość różnorodności gatunkowej rodziny, oraz Hapalogastrinae, które są endemiczne dla północnego Pacyfiku i żyją wyłącznie w płytkich wodach. Kraby królewskie z wyglądu przypominają kraby właściwe, ale zwykle uważa się, że najbliżej spokrewnione są z pustelnikami z rodziny Paguridae. Za umieszczeniem krabów królewskich wśród pustelników przemawia kilka cech anatomicznych, które występują wyłącznie u krabów królewskich i pustelników, co czyni je wyraźnym przykładem karcynizacji wśród dziesięcionogów. Kilka gatunków krabów królewskich, zwłaszcza z wód Alaski i południowej części Ameryki Południowej, jest celem połowów komercyjnych i zostało przełowionych.","A királyrákok a Lithodidae családba tartozó tízlábú rákok, amelyek főként mély vizekben élnek, és a hideg környezethez alkalmazkodtak. Két alcsaládjuk van: a Lithodinae, amelynek tagjai többnyire mély vizekben élnek, világszerte elterjedtek, és a család fajgazdagságának nagy részét adják; valamint a Hapalogastrinae, amelynek tagjai a Csendes-óceán északi részén endemikusak, és kizárólag sekély vizekben élnek. A királyrákok külsőre a tarisznyarákokra hasonlítanak, de általános vélekedés szerint a Paguridae családba tartozó remeterákokhoz állnak a legközelebb. A királyrákok remeterákok közé sorolását több olyan anatómiai sajátosság is alátámasztja, amely csak a királyrákokra és a remeterákokra jellemző, így a királyrákok a karcinizáció kiemelkedő példái a tízlábú rákok között. Számos királyrákfaj, különösen az alaszkai és a Dél-Amerika déli részén fekvő vizekben, a kereskedelmi halászat célpontja, és állományaikat túlhalászták.","I granchi reali sono crostacei decapodi della famiglia Lithodidae che vivono principalmente in acque profonde e sono adattati agli ambienti freddi. Si dividono in due sottofamiglie: i Lithodinae, che tendono a vivere in acque profonde, sono diffusi in tutto il mondo e comprendono la maggior parte delle specie della famiglia; e gli Hapalogastrinae, endemici del Pacifico settentrionale, che vivono esclusivamente in acque poco profonde. I granchi reali somigliano superficialmente ai granchi veri e propri, ma sono generalmente considerati più vicini ai paguridi. Questa collocazione dei granchi reali tra i paguri è supportata da diverse peculiarità anatomiche presenti solo nei granchi reali e nei paguri, che ne fanno un esempio emblematico di carcinizzazione tra i decapodi. Diverse specie di granchi reali, soprattutto nelle acque dell'Alaska e della parte meridionale del Sud America, sono oggetto di pesca commerciale e hanno subito una pesca eccessiva.","Los cangrejos reales son crustáceos decápodos de la familia Lithodidae que se encuentran principalmente en aguas profundas y están adaptados a ambientes fríos. Se dividen en dos subfamilias: Lithodinae, cuyas especies suelen habitar en aguas profundas, están distribuidas por todo el mundo y constituyen la mayor parte de la diversidad de especies de la familia; y Hapalogastrinae, cuyas especies son endémicas del Pacífico Norte y habitan exclusivamente en aguas poco profundas. Los cangrejos reales se parecen superficialmente a los cangrejos verdaderos, pero en general se considera que están más emparentados con los cangrejos ermitaños pagúridos. Esta ubicación de los cangrejos reales entre los cangrejos ermitaños se apoya en varias peculiaridades anatómicas que solo presentan los cangrejos reales y los cangrejos ermitaños, lo que los convierte en un ejemplo destacado de carcinización entre los decápodos. Varias especies de cangrejos reales, especialmente en aguas de Alaska y del sur de Sudamérica, son objeto de pesca comercial y han sufrido sobrepesca.","Les crabes royaux sont des crustacés décapodes de la famille des Lithodidae, qui vivent principalement en eaux profondes et sont adaptés aux milieux froids. La famille se divise en deux sous-familles : les Lithodinae, qui vivent plutôt en eaux profondes, sont répartis dans le monde entier et regroupent la majorité des espèces de la famille ; et les Hapalogastrinae, endémiques du Pacifique Nord, qui vivent exclusivement en eaux peu profondes. Les crabes royaux ressemblent superficiellement aux vrais crabes, mais on considère généralement qu'ils sont plus proches des pagures (bernard-l'ermite). Ce classement des crabes royaux parmi les bernard-l'ermite est étayé par plusieurs particularités anatomiques que l'on ne trouve que chez eux et chez les bernard-l'ermite, ce qui en fait un exemple frappant de carcinisation chez les décapodes. Plusieurs espèces de crabes royaux, en particulier dans les eaux de l'Alaska et du sud de l'Amérique du Sud, sont ciblées par la pêche commerciale et ont fait l'objet d'une surpêche.",帝王蟹是石蟹科（Lithodidae）的十足目甲殼動物，主要分佈於深海，適應寒冷環境。它們分為兩個亞科：石蟹亞科（Lithodinae）多棲息於深水，分佈遍及全球，佔了該科物種多樣性的大部分；Hapalogastrinae 亞科則是北太平洋特有，只棲息於淺水。帝王蟹外觀與真蟹相似，但一般認為它們與寄居蟹科的寄居蟹親緣關係最近。只見於帝王蟹和寄居蟹的幾項解剖學特徵，支持將帝王蟹歸入寄居蟹之中，這使帝王蟹成為十足目動物「蟹化」現象的一個顯著例子。有幾種帝王蟹，尤其是阿拉斯加和南美洲南部水域的種類，是商業漁業的捕撈對象，並已遭到過度捕撈。,タラバガニ類（キングクラブ）は、タラバガニ科（Lithodidae）に属する十脚目の甲殻類で、主に深い海に生息し、寒冷な環境に適応している。この科は2つの亜科からなる。一つはタラバガニ亜科（Lithodinae）で、深い海に生息する傾向があり、世界中に分布し、科に含まれる種の大部分を占める。もう一つはヒラトゲガニ亜科（Hapalogastrinae）で、北太平洋の固有種からなり、浅い海にのみ生息する。タラバガニ類は外見こそ本当のカニ類（短尾類）に似ているが、一般にはホンヤドカリ科のヤドカリ類に最も近縁だと考えられている。タラバガニ類をヤドカリ類の中に位置づけるこの見方は、タラバガニ類とヤドカリ類にしか見られないいくつかの解剖学的特徴によって裏付けられており、タラバガニ類は十脚類における「カニ化」の代表的な例となっている。タラバガニ類のいくつかの種、とりわけアラスカや南アメリカ南部の海域に生息する種は商業漁業の対象となっており、乱獲にさらされてきた。,"Os caranguejos reais são crustáceos decápodes da família Lithodidae que vivem sobretudo em águas profundas e estão adaptados a ambientes frios. Dividem-se em duas subfamílias: Lithodinae, que tendem a habitar águas profundas, têm distribuição mundial e reúnem a maior parte da diversidade de espécies da família; e Hapalogastrinae, que são endémicos do Pacífico Norte e habitam exclusivamente águas pouco profundas. Os caranguejos reais assemelham-se superficialmente aos caranguejos verdadeiros, mas considera-se geralmente que estão mais próximos dos caranguejos-eremitas pagurídeos. Esta inclusão dos caranguejos reais entre os caranguejos-eremitas é sustentada por várias particularidades anatómicas que só existem nos caranguejos reais e nos caranguejos-eremitas, o que faz deles um exemplo notável de carcinização entre os decápodes. Várias espécies de caranguejos reais, sobretudo nas águas do Alasca e do sul da América do Sul, são alvo da pesca comercial e têm sido objeto de sobrepesca.",帝王蟹是石蟹科（Lithodidae）的十足目甲壳动物，主要分布于深海，适应寒冷环境。它们分为两个亚科：石蟹亚科（Lithodinae）多栖息于深水，分布遍及全球，占了该科物种多样性的大部分；Hapalogastrinae 亚科则是北太平洋特有，只栖息于浅水。帝王蟹外观与真蟹相似，但一般认为它们与寄居蟹科的寄居蟹亲缘关系最近。只见于帝王蟹和寄居蟹的几项解剖学特征，支持将帝王蟹归入寄居蟹之中，这使帝王蟹成为十足目动物「蟹化」现象的一个显著例子。有几种帝王蟹，尤其是阿拉斯加和南美洲南部水域的种类，是商业渔业的捕捞对象，并已遭到过度捕捞。
str_fish_kingcrab_legs,King Crab Legs,King Crab Legs,Nohy kraba královského,Königskrabbenbeine,Ножки королевского краба,Nogi kraba królewskiego,Királyrák lábak,Zampe di granchio reale,Patas de cangrejo real,Pattes de crabe royal,帝王蟹腿,タラバガニの足,Pernas de caranguejo real,帝王蟹腿
str_fish_laketrout,Lake Trout,Lake Trout,Siven obrovský,Amerikanischer Seesaibling,Американская озёрная палия,Palia jeziorowa,Amerikai tavipisztráng,Salmerino di lago,Trucha de lago,Touladi,湖紅點鮭,レイク・トラウト,Truta-de-lago,湖红点鲑
str_fish_laketrout_desc,"The lake trout (Salvelinus namaycush) is a freshwater char living mainly in lakes in northern North America. Other names for it include mackinaw, namaycush, lake char (or charr), touladi, togue, and grey trout. In Lake Superior, it can also be variously known as siscowet, paperbelly and lean. The lake trout is prized both as a game fish and as a food fish. Those caught with dark coloration may be called mud hens.","The lake trout (Salvelinus namaycush) is a freshwater char living mainly in lakes in northern North America. Other names for it include mackinaw, namaycush, lake char (or charr), touladi, togue, and grey trout. In Lake Superior, it can also be variously known as siscowet, paperbelly and lean. The lake trout is prized both as a game fish and as a food fish. Those caught with dark coloration may be called mud hens.","Siven obrovský (Salvelinus namaycush) je sladkovodní siven žijící především v jezerech na severu Severní Ameriky. Mezi jeho další názvy patří ""mackinaw"", ""namaycush"", ""lake char"" (nebo ""charr""), ""touladi"", ""togue"" a ""grey trout"". V Hořejším jezeře může být rovněž označován jako ""siscowet"", ""paperbelly"" a ""lean"". Siven obrovský je ceněn jako sportovní i jako konzumní ryba. Tmavě zbarveným úlovkům se může říkat ""mud hens"".","Der Amerikanische Seesaibling (Salvelinus namaycush) ist ein Süßwassersaibling, der vor allem in Seen im Norden Nordamerikas lebt. Weitere Namen sind ""mackinaw"", ""namaycush"", ""lake char"" (oder ""lake charr""), ""touladi"", ""togue"" und ""grey trout"". Im Oberen See ist er zudem unter Namen wie ""siscowet"", ""paperbelly"" und ""lean"" bekannt. Der Amerikanische Seesaibling ist sowohl als Sport- als auch als Speisefisch begehrt. Dunkel gefärbte gefangene Exemplare werden mitunter ""mud hens"" genannt.","Американская озёрная палия (Salvelinus namaycush) — пресноводный голец, обитающий преимущественно в озёрах на севере Северной Америки. Другие её названия — ""mackinaw"", ""namaycush"", ""lake char"" (или ""lake charr""), ""touladi"", ""togue"" и ""grey trout"". На озере Верхнем её также называют ""siscowet"", ""paperbelly"" и ""lean"". Американская озёрная палия ценится и как объект спортивной рыбалки, и как пищевая рыба. Пойманных особей с тёмной окраской могут называть ""mud hens"".","Palia jeziorowa (Salvelinus namaycush) to słodkowodny golec żyjący głównie w jeziorach północnej części Ameryki Północnej. Inne jej nazwy to m.in. ""mackinaw"", ""namaycush"", ""lake char"" (lub ""charr""), ""touladi"", ""togue"" i ""grey trout"". W Jeziorze Górnym bywa też nazywana ""siscowet"", ""paperbelly"" lub ""lean"". Palia jeziorowa jest ceniona zarówno jako ryba wędkarska, jak i konsumpcyjna. Złowione osobniki o ciemnym ubarwieniu bywają nazywane ""mud hens"".","Az amerikai tavipisztráng (Salvelinus namaycush) főként Észak-Amerika északi részének tavaiban élő édesvízi szajbling. További nevei közé tartozik a ""mackinaw"", ""namaycush"", ""lake char"" (vagy ""charr""), ""touladi"", ""togue"" és ""grey trout"". A Felső-tóban ""siscowet"", ""paperbelly"" és ""lean"" néven is ismerik. Az amerikai tavipisztrángot sporthalként és étkezési halként egyaránt nagyra becsülik. A sötét színezetű kifogott példányokat ""mud hen"" néven is emlegethetik.","Il salmerino di lago (Salvelinus namaycush) è un salmerino d'acqua dolce che vive principalmente nei laghi della parte settentrionale del Nord America. Tra gli altri nomi con cui è conosciuto figurano ""mackinaw"", ""namaycush"", ""lake char"" (o ""charr""), ""touladi"", ""togue"" e ""grey trout"". Nel Lago Superiore può essere chiamato anche ""siscowet"", ""paperbelly"" e ""lean"". Il salmerino di lago è apprezzato sia come preda della pesca sportiva sia come pesce alimentare. Gli esemplari catturati con una colorazione scura possono essere chiamati ""mud hens"".","La trucha de lago (Salvelinus namaycush) es un salvelino de agua dulce que vive principalmente en lagos del norte de Norteamérica. Entre sus otros nombres figuran ""mackinaw"", ""namaycush"", ""lake char"" (o ""charr""), ""touladi"", ""togue"" y ""grey trout"". En el lago Superior también se la conoce como ""siscowet"", ""paperbelly"" o ""lean"". La trucha de lago es muy apreciada tanto en la pesca deportiva como para el consumo. A los ejemplares capturados con coloración oscura se les puede llamar ""mud hens"".","Le touladi (Salvelinus namaycush) est un omble d'eau douce qui vit principalement dans les lacs du nord de l'Amérique du Nord. Il est aussi connu sous les noms de mackinaw, namaycush, ""lake char"" (ou ""charr""), ""lake trout"", togue et truite grise. Dans le lac Supérieur, on l'appelle aussi, selon les cas, ""siscowet"", ""paperbelly"" ou ""lean"". Le touladi est apprécié à la fois comme poisson sportif et comme poisson de consommation. Les spécimens capturés avec une coloration foncée sont parfois appelés ""mud hens"".",湖紅點鮭（Salvelinus namaycush）是一種淡水紅點鮭，主要生活在北美洲北部的湖泊中。它的其他名稱包括「mackinaw」、「namaycush」、「lake char」（或「lake charr」）、「touladi」、「togue」和「grey trout」。在蘇必利爾湖，它還有「siscowet」、「paperbelly」和「lean」等不同叫法。湖紅點鮭無論作為垂釣魚種還是食用魚都備受珍視。捕獲時體色較深的個體可能被稱為「mud hens」。,レイク・トラウト（Salvelinus namaycush）は、主に北アメリカ北部の湖に生息する淡水性のイワナ類である。別名には、マキノー、ナマイクッシュ、レイクチャー（英語の綴りはcharまたはcharr）、トゥーラディ、トーグ、グレイトラウトなどがある。スペリオル湖では、シスコウェット、ペーパーベリー、リーンなどとも呼ばれる。レイク・トラウトはゲームフィッシュとしても食用魚としても珍重されている。体色の濃い状態で釣れたものは「マッドヘン」と呼ばれることもある。,"A truta-de-lago (Salvelinus namaycush) é um salvelino de água doce que vive sobretudo em lagos do norte da América do Norte. É também conhecida por outros nomes, como ""mackinaw"", ""namaycush"", ""lake char"" (ou ""charr""), ""touladi"", ""togue"" e ""grey trout"". No Lago Superior, pode também ser conhecida como ""siscowet"", ""paperbelly"" e ""lean"". A truta-de-lago é apreciada tanto como peixe de pesca desportiva como peixe de consumo. Os exemplares capturados com coloração escura podem ser chamados ""mud hens"".",湖红点鲑（Salvelinus namaycush）是一种淡水红点鲑，主要生活在北美洲北部的湖泊中。它的其他名称包括「mackinaw」、「namaycush」、「lake char」（或「lake charr」）、「touladi」、「togue」和「grey trout」。在苏必利尔湖，它还有「siscowet」、「paperbelly」和「lean」等不同叫法。湖红点鲑无论作为垂钓鱼种还是食用鱼都备受珍视。捕获时体色较深的个体可能被称为「mud hens」。
str_fish_laketrout_fillet,Lake Trout Fillet,Lake Trout Fillet,Filet ze sivena obrovského,Filet vom Amerikanischen Seesaibling,Филе американской озёрной палии,Filet z palii jeziorowej,Amerikai tavipisztráng filé,Filetto di salmerino di lago,Filete de trucha de lago,Filet de touladi,湖紅點鮭魚片,レイク・トラウト・フィレ,Filete de truta-de-lago,湖红点鲑鱼片
str_fish_largeheadhairtailfish,Largehead Hairtail,Largehead Hairtail,Tkaničnice atlantská,Degenfisch,Рыба-сабля,Pałasz,Szalaghal,Pesce sciabola,Pez sable,Poisson-sabre,白帶魚,タチウオ,Peixe-espada,带鱼
str_fish_largeheadhairtailfish_desc,"The largehead hairtail or beltfish is a member of the cutlassfish family, Trichiuridae. This common to abundant species is found in tropical and temperate oceans throughout the world.","The largehead hairtail or beltfish is a member of the cutlassfish family, Trichiuridae. This common to abundant species is found in tropical and temperate oceans throughout the world.","Tkaničnice atlantská (anglicky ""largehead hairtail"" nebo ""beltfish"") patří do čeledi tkaničnicovitých (Trichiuridae). Tento běžný až hojný druh se vyskytuje v tropických a mírných oceánech po celém světě.","Der Degenfisch, im Englischen auch ""beltfish"" genannt, gehört zur Familie der Haarschwänze (Trichiuridae). Diese häufige bis sehr häufige Art kommt weltweit in tropischen und gemäßigten Meeren vor.","Рыба-сабля (в английском ""largehead hairtail"" или ""beltfish"") — представитель семейства волосохвостых (Trichiuridae). Этот вид, обычный, а местами многочисленный, встречается в тропических и умеренных водах океанов по всему миру.","Pałasz, po angielsku ""largehead hairtail"" lub ""beltfish"", należy do rodziny pałaszowatych (Trichiuridae). Ten pospolity, a miejscami liczny gatunek występuje w tropikalnych i umiarkowanych wodach oceanów na całym świecie.","A szalaghal (angolul ""largehead hairtail"" vagy ""beltfish"") a szalaghalfélék (Trichiuridae) családjába tartozik. Ez a gyakori, helyenként tömeges faj világszerte megtalálható a trópusi és mérsékelt övi óceánokban.","Il pesce sciabola, o ""beltfish"", è un membro della famiglia dei pesci sciabola, Trichiuridae. Questa specie, da comune ad abbondante, è presente negli oceani tropicali e temperati di tutto il mondo.","El pez sable, también llamado en inglés ""beltfish"", pertenece a la familia de los triquiúridos, Trichiuridae. Esta especie, de común a abundante, se encuentra en océanos tropicales y templados de todo el mundo.","Le poisson-sabre, appelé en anglais ""largehead hairtail"" ou ""beltfish"", appartient à la famille des poissons-sabres, les Trichiuridae. Cette espèce, commune voire abondante, se rencontre dans les océans tropicaux et tempérés du monde entier.",白帶魚（英文又稱「beltfish」）是帶魚科（Trichiuridae）的一員。這是一種常見乃至數量豐富的魚種，分佈於全球的熱帶和溫帶海洋。,タチウオ（英名ラージヘッド・ヘアテール、またはベルトフィッシュ）は、タチウオ科（Trichiuridae）の魚である。個体数が多く普通に見られる種で、世界中の熱帯から温帯の海に生息している。,"O peixe-espada (em inglês ""largehead hairtail"" ou ""beltfish"") é um membro da família dos peixes-espada, Trichiuridae. Esta espécie, comum a abundante, encontra-se nos oceanos tropicais e temperados de todo o mundo.",带鱼（英文又称「beltfish」）是带鱼科（Trichiuridae）的一员。这是一种常见乃至数量丰富的鱼种，分布于全球的热带和温带海洋。
str_fish_largeheadhairtailfish_fillet,Largehead Hairtail Fillet,Largehead Hairtail Fillet,Filet z tkaničnice,Degenfischfilet,Филе рыбы-сабли,Filet z pałasza,Szalaghal filé,Filetto di pesce sciabola,Filete de pez sable,Filet de poisson-sabre,白帶魚片,タチウオのフィレ,Filete de peixe-espada,带鱼片
str_fish_largemouthbass,Largemouth Bass,Largemouth Bass,Okounek pstruhový,Forellenbarsch,Большеротый окунь,Bass wielkogębowy,Pisztrángsügér,Persico trota,Lobina negra,Achigan à grande bouche,大口黑鱸,ラージマウス・バス,Achigã,大口黑鲈
str_fish_largemouthbass_desc,"The largemouth bass (Micropterus nigricans) is a carnivorous, freshwater, ray-finned fish in the Centrarchidae (sunfish) family, native to the eastern and central United States, southeastern Canada and northern Mexico. It is known by a variety of regional names, such as the widemouth bass, bigmouth bass, black bass, largie, Potter's fish, Florida bass or Florida largemouth, green bass, bucketmouth bass, green trout, growler[citation needed], Gilsdorf bass, Oswego bass, LMB, and southern largemouth and northern largemouth.","The largemouth bass (Micropterus nigricans) is a carnivorous, freshwater, ray-finned fish in the Centrarchidae (sunfish) family, native to the eastern and central United States, southeastern Canada and northern Mexico. It is known by a variety of regional names, such as the widemouth bass, bigmouth bass, black bass, largie, Potter's fish, Florida bass or Florida largemouth, green bass, bucketmouth bass, green trout, growler, Gilsdorf bass, Oswego bass, LMB, and southern largemouth and northern largemouth.","Okounek pstruhový (Micropterus nigricans) je masožravá sladkovodní paprskoploutvá ryba z čeledi okounkovitých (Centrarchidae), původní ve východní a střední části Spojených států, na jihovýchodě Kanady a na severu Mexika. Je znám pod řadou regionálních názvů, například ""widemouth bass"", ""bigmouth bass"", ""black bass"", ""largie"", ""Potter's fish"", ""Florida bass"" nebo ""Florida largemouth"", ""green bass"", ""bucketmouth bass"", ""green trout"", ""growler"", ""Gilsdorf bass"", ""Oswego bass"", ""LMB"" a ""southern largemouth"" a ""northern largemouth"".","Der Forellenbarsch (Micropterus nigricans) ist ein fleischfressender Strahlenflosser des Süßwassers aus der Familie der Sonnenbarsche (Centrarchidae), der im Osten und in der Mitte der Vereinigten Staaten, im Südosten Kanadas und im Norden Mexikos heimisch ist. Er ist unter zahlreichen regionalen Namen bekannt, etwa ""widemouth bass"", ""bigmouth bass"", ""black bass"", ""largie"", ""Potter's fish"", ""Florida bass"" oder ""Florida largemouth"", ""green bass"", ""bucketmouth bass"", ""green trout"", ""growler"", ""Gilsdorf bass"", ""Oswego bass"", ""LMB"" sowie ""southern largemouth"" und ""northern largemouth"".","Большеротый окунь (Micropterus nigricans) — хищная пресноводная лучепёрая рыба семейства Centrarchidae (центрарховые), родом из восточной и центральной частей США, юго-восточной Канады и северной Мексики. Он известен под множеством региональных названий, например ""widemouth bass"", ""bigmouth bass"", ""black bass"", ""largie"", ""Potter's fish"", ""Florida bass"" или ""Florida largemouth"", ""green bass"", ""bucketmouth bass"", ""green trout"", ""growler"", ""Gilsdorf bass"", ""Oswego bass"", ""LMB"", а также ""southern largemouth"" и ""northern largemouth"".","Bass wielkogębowy (Micropterus nigricans) to mięsożerna, słodkowodna ryba promieniopłetwa z rodziny bassowatych (Centrarchidae), występująca naturalnie we wschodnich i środkowych Stanach Zjednoczonych, w południowo-wschodniej Kanadzie i w północnym Meksyku. Znany jest pod wieloma regionalnymi nazwami, takimi jak ""widemouth bass"", ""bigmouth bass"", ""black bass"", ""largie"", ""Potter's fish"", ""Florida bass"" lub ""Florida largemouth"", ""green bass"", ""bucketmouth bass"", ""green trout"", ""growler"", ""Gilsdorf bass"", ""Oswego bass"", ""LMB"" oraz ""southern largemouth"" i ""northern largemouth"".","A pisztrángsügér (Micropterus nigricans) ragadozó, édesvízi, sugarasúszójú hal a díszsügérfélék (Centrarchidae) családjából, amely az Egyesült Államok keleti és középső részén, Kanada délkeleti részén és Mexikó északi részén őshonos. Számos tájnyelvi angol neve ismert, például ""widemouth bass"", ""bigmouth bass"", ""black bass"", ""largie"", ""Potter's fish"", ""Florida bass"" vagy ""Florida largemouth"", ""green bass"", ""bucketmouth bass"", ""green trout"", ""growler"", ""Gilsdorf bass"", ""Oswego bass"", ""LMB"", valamint ""southern largemouth"" és ""northern largemouth"".","Il persico trota (Micropterus nigricans) è un pesce carnivoro d'acqua dolce a pinne raggiate della famiglia Centrarchidae (centrarchidi), originario degli Stati Uniti orientali e centrali, del Canada sud-orientale e del Messico settentrionale. È conosciuto con diversi nomi regionali, come ""widemouth bass"", ""bigmouth bass"", ""black bass"", ""largie"", ""Potter's fish"", ""Florida bass"" o ""Florida largemouth"", ""green bass"", ""bucketmouth bass"", ""green trout"", ""growler"", ""Gilsdorf bass"", ""Oswego bass"", ""LMB"", ""southern largemouth"" e ""northern largemouth"".","La lobina negra (Micropterus nigricans) es un pez carnívoro de agua dulce y de aletas radiadas de la familia Centrarchidae (peces sol), originario del este y el centro de Estados Unidos, el sureste de Canadá y el norte de México. Se la conoce con diversos nombres regionales en inglés, como ""widemouth bass"", ""bigmouth bass"", ""black bass"", ""largie"", ""Potter's fish"", ""Florida bass"" o ""Florida largemouth"", ""green bass"", ""bucketmouth bass"", ""green trout"", ""growler"", ""Gilsdorf bass"", ""Oswego bass"", ""LMB"", y ""southern largemouth"" y ""northern largemouth"".","L'achigan à grande bouche (Micropterus nigricans) est un poisson carnivore d'eau douce à nageoires rayonnées de la famille des Centrarchidae (centrarchidés), originaire de l'est et du centre des États-Unis, du sud-est du Canada et du nord du Mexique. Il est connu en anglais sous divers noms régionaux, comme ""widemouth bass"", ""bigmouth bass"", ""black bass"", ""largie"", ""Potter's fish"", ""Florida bass"" ou ""Florida largemouth"", ""green bass"", ""bucketmouth bass"", ""green trout"", ""growler"", ""Gilsdorf bass"", ""Oswego bass"", ""LMB"", ainsi que ""southern largemouth"" et ""northern largemouth"".",大口黑鱸（Micropterus nigricans）是一種肉食性的淡水輻鰭魚，屬於棘臀魚科（Centrarchidae，即太陽魚科），原產於美國東部和中部、加拿大東南部及墨西哥北部。它有許多地區性的名稱，例如「widemouth bass」、「bigmouth bass」、「black bass」、「largie」、「Potter's fish」、「Florida bass」或「Florida largemouth」、「green bass」、「bucketmouth bass」、「green trout」、「growler」、「Gilsdorf bass」、「Oswego bass」、「LMB」，以及「southern largemouth」和「northern largemouth」。,ラージマウス・バス（Micropterus nigricans）は、サンフィッシュ科（Centrarchidae）に属する肉食性の淡水の条鰭類で、アメリカ合衆国東部・中部、カナダ南東部、メキシコ北部を原産とする。ワイドマウスバス、ビッグマウスバス、ブラックバス、ラージー、ポッターズフィッシュ、フロリダバスまたはフロリダラージマウス、グリーンバス、バケットマウスバス、グリーントラウト、グラウラー、ギルスドルフバス、オスウィーゴバス、LMB、そしてサザンラージマウスやノーザンラージマウスなど、地域によってさまざまな名前で知られている。,"O achigã (Micropterus nigricans) é um peixe carnívoro de água doce e barbatanas raiadas da família Centrarchidae (peixes-sol), nativo do leste e do centro dos Estados Unidos, do sudeste do Canadá e do norte do México. É conhecido por vários nomes regionais, como ""widemouth bass"", ""bigmouth bass"", ""black bass"", ""largie"", ""Potter's fish"", ""Florida bass"" ou ""Florida largemouth"", ""green bass"", ""bucketmouth bass"", ""green trout"", ""growler"", ""Gilsdorf bass"", ""Oswego bass"", ""LMB"", ""southern largemouth"" e ""northern largemouth"".",大口黑鲈（Micropterus nigricans）是一种肉食性的淡水辐鳍鱼，属于棘臀鱼科（Centrarchidae，即太阳鱼科），原产于美国东部和中部、加拿大东南部及墨西哥北部。它有许多地区性的名称，例如「widemouth bass」、「bigmouth bass」、「black bass」、「largie」、「Potter's fish」、「Florida bass」或「Florida largemouth」、「green bass」、「bucketmouth bass」、「green trout」、「growler」、「Gilsdorf bass」、「Oswego bass」、「LMB」，以及「southern largemouth」和「northern largemouth」。
str_fish_largemouthbass_fillet,Largemouth Bass Fillet,Largemouth Bass Fillet,Filet z okounka pstruhového,Forellenbarschfilet,Филе большеротого окуня,Filet z bassa wielkogębowego,Pisztrángsügér filé,Filetto di persico trota,Filete de lobina negra,Filet d'achigan à grande bouche,大口黑鱸魚片,ラージマウス・バス・フィレ,Filete de achigã,大口黑鲈鱼片
str_fish_leopardshark,Leopard Shark,Leopard Shark,Žralok leopardí,Leopardenhai,Леопардовая акула,Rekin lamparci,Leopárdcápa,Squalo leopardo,Tiburón leopardo,Requin léopard,半帶皺唇鯊,レオパード・シャーク,Tubarão-leopardo,半带皱唇鲨
str_fish_leopardshark_desc,"The Leopard shark (Triakis semifasciata) is a species of houndshark, in the family Triakidae. Typically measuring 1.2-1.5 m (3.9-4.9 ft) long, this slender-bodied shark is immediately identifiable by the striking pattern of black saddle-like markings and large spots over its back, from which it derives its common name.","The Leopard shark (Triakis semifasciata) is a species of houndshark, in the family Triakidae. Typically measuring 1.2-1.5 m (3.9-4.9 ft) long, this slender-bodied shark is immediately identifiable by the striking pattern of black saddle-like markings and large spots over its back, from which it derives its common name.","Žralok leopardí (Triakis semifasciata) je druh žraloka z čeledi hladkounovitých (Triakidae). Tento štíhlý žralok, obvykle dlouhý 1,2-1,5 m (3,9-4,9 stopy), je na první pohled rozpoznatelný podle nápadné kresby z černých sedlovitých znaků a velkých skvrn na hřbetě, od níž je odvozeno jeho jméno.","Der Leopardenhai (Triakis semifasciata) ist eine Glatthaiart aus der Familie Triakidae. Der meist 1,2-1,5 m (3,9-4,9 Fuß) lange, schlanke Hai ist sofort an dem auffälligen Muster aus schwarzen, sattelartigen Zeichnungen und großen Flecken auf seinem Rücken zu erkennen, dem er seinen Trivialnamen verdankt.","Леопардовая акула (Triakis semifasciata) — вид куньих акул семейства Triakidae. Обычно её длина составляет 1,2–1,5 м (3,9–4,9 фута); эту стройную акулу сразу можно узнать по броскому узору из чёрных седловидных отметин и крупных пятен на спине, которому она и обязана своим названием.","Rekin lamparci (Triakis semifasciata) to gatunek rekina z rodziny mustelowatych (Triakidae). Ten smukły rekin, mierzący zwykle 1,2-1,5 m (3,9-4,9 stopy) długości, jest od razu rozpoznawalny dzięki wyrazistemu wzorowi czarnych, siodłowatych znaczeń i dużych plam na grzbiecie, od których pochodzi jego nazwa zwyczajowa.","A leopárdcápa (Triakis semifasciata) a kopócápafélék (Triakidae) családjába tartozó kopócápafaj. Ez a jellemzően 1,2-1,5 m (3,9-4,9 láb) hosszú, karcsú testű cápa azonnal felismerhető a hátán látható fekete, nyeregszerű foltok és nagy pettyek feltűnő mintázatáról, amelyről a nevét is kapta.","Lo squalo leopardo (Triakis semifasciata) è una specie di squalo della famiglia dei triakidi (Triakidae). Di solito lungo 1,2-1,5 m (3,9-4,9 piedi), questo squalo dal corpo snello è immediatamente riconoscibile per il vistoso disegno di macchie nere a forma di sella e di grandi chiazze sul dorso, da cui deriva il suo nome comune.","El tiburón leopardo (Triakis semifasciata) es una especie de tiburón de la familia Triakidae. Con una longitud habitual de 1,2-1,5 m (3,9-4,9 pies), este tiburón de cuerpo esbelto se reconoce de inmediato por el llamativo patrón de marcas negras en forma de silla de montar y grandes manchas sobre el lomo, del que deriva su nombre común.","Le requin léopard (Triakis semifasciata) est une espèce de requin de la famille des Triakidae. Mesurant généralement 1,2 à 1,5 m (3,9 à 4,9 ft) de long, ce requin au corps élancé se reconnaît immédiatement aux motifs frappants qui ornent son dos, faits de marques noires en forme de selle et de grandes taches, d'où son nom commun.",半帶皺唇鯊（Triakis semifasciata）是皺唇鯊科（Triakidae）的一種皺唇鯊。這種體型修長的鯊魚體長通常為 1.2 至 1.5 米（3.9 至 4.9 英尺），背部有醒目的黑色鞍狀斑紋和大型斑點，讓人一眼就能認出，其俗名也由此而來。,レオパード・シャーク（Triakis semifasciata）は、ドチザメ科（Triakidae）に属するドチザメ類の一種である。体長は通常1.2～1.5m（3.9～4.9フィート）で、細身の体をしたこのサメは、背中を覆う黒い鞍状の模様と大きな斑点からなる目立つ模様ですぐに見分けられ、これが名前の由来となっている。,"O tubarão-leopardo (Triakis semifasciata) é uma espécie de tubarão da família Triakidae. Medindo normalmente 1,2-1,5 m (3,9-4,9 pés) de comprimento, este tubarão de corpo esguio identifica-se de imediato pelo padrão marcante de manchas pretas em forma de sela e de grandes pintas no dorso, a que deve o seu nome comum.",半带皱唇鲨（Triakis semifasciata）是皱唇鲨科（Triakidae）的一种皱唇鲨。这种体型修长的鲨鱼体长通常为 1.2 至 1.5 米（3.9 至 4.9 英尺），背部有醒目的黑色鞍状斑纹和大型斑点，让人一眼就能认出，其俗名也由此而来。
str_fish_leopardshark_fillet,Leopard Shark Fillet,Leopard Shark Fillet,Filet ze žraloka leopardího,Leopardenhaifischfilet,Филе леопардовой акулы,Filet z rekina lamparciego,Leopárdcápa filé,Filetto di squalo leopardo,Filete de tiburón leopardo,Filet de requin léopard,半帶皺唇鯊魚片,レオパード・シャーク・フィレ,Filete de tubarão-leopardo,半带皱唇鲨鱼片
str_fish_mahimahi,Mahi Mahi,Mahi Mahi,Mahi Mahi,Mahi-Mahi,Махи-махи,Mahi Mahi,Mahi Mahi,Mahi Mahi,Mahi Mahi,Mahi-mahi,鯕鰍,マヒマヒ,Dourado-do-mar,鲯鳅
str_fish_mahimahi_desc,"The mahi-mahi  or common dolphinfish (Coryphaena hippurus) is a surface-dwelling ray-finned fish found in off-shore temperate, tropical, and subtropical waters worldwide. It is also widely called dorado (not to be confused with Salminus brasiliensis, a freshwater fish) and dolphin (not to be confused with the aquatic mammal dolphin). It is one of two members of the family Coryphaenidae, the other being the pompano dolphinfish. These fish are most commonly found in the waters around the Gulf of Mexico, Costa Rica, Hawaii, and the Indian Ocean.","The mahi-mahi or common dolphinfish (Coryphaena hippurus) is a surface-dwelling ray-finned fish found in off-shore temperate, tropical, and subtropical waters worldwide. It is also widely called dorado (not to be confused with Salminus brasiliensis, a freshwater fish) and dolphin (not to be confused with the aquatic mammal dolphin). It is one of two members of the family Coryphaenidae, the other being the pompano dolphinfish. These fish are most commonly found in the waters around the Gulf of Mexico, Costa Rica, Hawaii, and the Indian Ocean.","Mahi mahi neboli zlak nachový (Coryphaena hippurus) je paprskoploutvá ryba žijící u hladiny, která se vyskytuje na otevřeném moři v mírných, tropických a subtropických vodách po celém světě. Často se jí říká také dorado (nezaměňovat se sladkovodní rybou Salminus brasiliensis) a ""dolphin"" (nezaměňovat s delfínem, vodním savcem). Je jedním ze dvou zástupců čeledi zlakovitých (Coryphaenidae); druhým je Coryphaena equiselis (anglicky ""pompano dolphinfish""). Tyto ryby se nejčastěji vyskytují ve vodách kolem Mexického zálivu, Kostariky, Havaje a v Indickém oceánu.","Der Mahi-Mahi (Coryphaena hippurus), auch Gemeine Goldmakrele genannt, ist ein oberflächennah lebender Strahlenflosser, der weltweit in küstenfernen gemäßigten, tropischen und subtropischen Gewässern vorkommt. Vielfach wird er auch ""Dorado"" genannt (nicht zu verwechseln mit Salminus brasiliensis, einem Süßwasserfisch) sowie im Englischen ""dolphin"" (nicht zu verwechseln mit dem Delfin, dem im Wasser lebenden Säugetier). Er ist eine von zwei Arten der Familie Coryphaenidae; die andere ist die Kleine Goldmakrele. Am häufigsten kommen diese Fische in den Gewässern um den Golf von Mexiko, Costa Rica und Hawaii sowie im Indischen Ozean vor.","Махи-махи, или большая корифена (Coryphaena hippurus), — лучепёрая рыба, держащаяся у поверхности в открытых водах умеренных, тропических и субтропических широт по всему миру. Её также часто называют дорадо (не путать с Salminus brasiliensis, пресноводной рыбой) и дельфином (не путать с водным млекопитающим дельфином). Это один из двух видов семейства Coryphaenidae; второй — малая корифена. Чаще всего эти рыбы встречаются в водах Мексиканского залива, Коста-Рики, Гавайев и Индийского океана.","Mahi mahi, czyli koryfena (Coryphaena hippurus), to żyjąca przy powierzchni ryba promieniopłetwa, występująca z dala od brzegów w wodach umiarkowanych, tropikalnych i subtropikalnych na całym świecie. Powszechnie nazywa się ją też dorado (nie mylić z Salminus brasiliensis, rybą słodkowodną) oraz po angielsku ""dolphin"" (nie mylić z delfinem, ssakiem wodnym). Jest jednym z dwóch przedstawicieli rodziny koryfenowatych (Coryphaenidae); drugim jest Coryphaena equiselis (ang. ""pompano dolphinfish""). Ryby te najczęściej spotyka się w wodach wokół Zatoki Meksykańskiej, Kostaryki i Hawajów oraz w Oceanie Indyjskim.","A mahi-mahi, más néven nagy aranymakréla (Coryphaena hippurus), a felszín közelében élő sugarasúszójú hal, amely világszerte megtalálható a mérsékelt övi, trópusi és szubtrópusi nyílt tengeri vizekben. Széles körben dorado néven is ismert (nem tévesztendő össze a Salminus brasiliensis nevű édesvízi hallal), angolul pedig ""dolphin"" néven is (nem tévesztendő össze a delfinnel, a vízi emlőssel). A Coryphaenidae család két tagjának egyike, a másik a kis aranymakréla. Ezek a halak leggyakrabban a Mexikói-öböl, Costa Rica, Hawaii és az Indiai-óceán környéki vizeiben fordulnak elő.","Il mahi mahi, o lampuga (Coryphaena hippurus), è un pesce a pinne raggiate che vive in superficie, presente nelle acque d'altura temperate, tropicali e subtropicali di tutto il mondo. È chiamato comunemente anche ""dorado"" (da non confondere con Salminus brasiliensis, un pesce d'acqua dolce) e, in inglese, ""dolphin"" (da non confondere con il delfino, il mammifero acquatico). È uno dei due membri della famiglia Coryphaenidae; l'altro è Coryphaena equiselis. Questi pesci si trovano più comunemente nelle acque del Golfo del Messico, della Costa Rica, delle Hawaii e dell'Oceano Indiano.","El mahi-mahi o lampuga (Coryphaena hippurus) es un pez de aletas radiadas que vive cerca de la superficie en aguas de alta mar templadas, tropicales y subtropicales de todo el mundo. También se le llama comúnmente dorado (no confundir con Salminus brasiliensis, un pez de agua dulce) y, en inglés, ""dolphin"" (no confundir con el delfín, el mamífero acuático). Es uno de los dos miembros de la familia Coryphaenidae; el otro es el dorado enano. Estos peces se encuentran con mayor frecuencia en las aguas del golfo de México, Costa Rica, Hawái y el océano Índico.","Le mahi-mahi ou coryphène commune (Coryphaena hippurus) est un poisson à nageoires rayonnées vivant près de la surface, que l'on trouve au large dans les eaux tempérées, tropicales et subtropicales du monde entier. Il est aussi couramment appelé ""dorado"" (à ne pas confondre avec Salminus brasiliensis, un poisson d'eau douce) et, en anglais, ""dolphin"" (à ne pas confondre avec le dauphin, mammifère aquatique). C'est l'un des deux membres de la famille des Coryphaenidae, l'autre étant la coryphène dauphin. On le trouve le plus souvent dans les eaux du golfe du Mexique, du Costa Rica, d'Hawaï et de l'océan Indien.",鯕鰍（英文稱「mahi-mahi」或「common dolphinfish」，學名 Coryphaena hippurus）是一種棲息於海洋表層的輻鰭魚，分佈於全球溫帶、熱帶和亞熱帶的外海水域。它也常被稱為「dorado」（不要與淡水魚 Salminus brasiliensis 混淆）和「dolphin」（不要與水生哺乳動物海豚混淆）。它是鯕鰍科（Coryphaenidae）僅有的兩個成員之一，另一種是棘鯕鰍。這種魚最常見於墨西哥灣、哥斯達黎加、夏威夷和印度洋周邊的海域。,マヒマヒ（Coryphaena hippurus）は、英語では「コモン・ドルフィンフィッシュ」とも呼ばれ、世界中の温帯・熱帯・亜熱帯の沖合に生息する表層性の条鰭類である。また、「ドラド」（淡水魚のSalminus brasiliensisとは別）や「ドルフィン」（水生哺乳類のイルカとは別）とも広く呼ばれている。シイラ科（Coryphaenidae）のわずか2種のうちの1種で、もう1種はエビスシイラである。メキシコ湾、コスタリカ、ハワイの周辺海域やインド洋で最もよく見られる。,"O mahi-mahi ou dourado-do-mar (Coryphaena hippurus) é um peixe de barbatanas raiadas que vive à superfície, ao largo, em águas temperadas, tropicais e subtropicais de todo o mundo. É também muito conhecido como dourado (não confundir com Salminus brasiliensis, um peixe de água doce) e, em inglês, como ""dolphin"" (não confundir com o golfinho, o mamífero aquático). É um dos dois membros da família Coryphaenidae, sendo o outro Coryphaena equiselis. Estes peixes encontram-se sobretudo nas águas do Golfo do México, da Costa Rica, do Havai e do Oceano Índico.",鲯鳅（英文称「mahi-mahi」或「common dolphinfish」，学名 Coryphaena hippurus）是一种栖息于海洋表层的辐鳍鱼，分布于全球温带、热带和亚热带的外海水域。它也常被称为「dorado」（不要与淡水鱼 Salminus brasiliensis 混淆）和「dolphin」（不要与水生哺乳动物海豚混淆）。它是鲯鳅科（Coryphaenidae）仅有的两个成员之一，另一种是棘鲯鳅。这种鱼最常见于墨西哥湾、哥斯达黎加、夏威夷和印度洋周边的海域。
str_fish_mahimahi_fillet,Mahi Mahi Fillet,Mahi Mahi Fillet,Filet z mahi mahi,Mahi-Mahi-Filet,Филе махи-махи,Filet z mahi mahi,Mahi Mahi filé,Filetto di Mahi Mahi,Filete de Mahi Mahi,Filet de mahi-mahi,鯕鰍魚片,マヒマヒ・フィレ,Filete de dourado-do-mar,鲯鳅鱼片
str_fish_mussel,Mussel,Mussel,Mušle,Muschel,Мидия,Omułek,Kagyló,Cozza,Mejillón,Moule,貽貝,ムール貝,Mexilhão,贻贝
str_fish_mussel_desc,"Mussel is the common name used for members of several families of bivalve molluscs, from saltwater and freshwater habitats. These groups have in common a shell whose outline is elongated and asymmetrical compared with other edible clams, which are often more or less rounded or oval.","Mussel is the common name used for members of several families of bivalve molluscs, from saltwater and freshwater habitats. These groups have in common a shell whose outline is elongated and asymmetrical compared with other edible clams, which are often more or less rounded or oval.","Mušle je obecný název pro zástupce několika čeledí mlžů ze slaných i sladkých vod. Těmto skupinám je společná lastura s protáhlým a asymetrickým obrysem, na rozdíl od jiných jedlých mlžů, jejichž lastury bývají víceméně okrouhlé nebo oválné.","Muschel ist der gebräuchliche Name für Vertreter mehrerer Familien zweischaliger Weichtiere aus Salz- und Süßwasserlebensräumen. Gemeinsam ist diesen Gruppen eine Schale mit länglichem und asymmetrischem Umriss, im Unterschied zu anderen essbaren Muscheln, die oft mehr oder weniger rund oder oval sind.","Мидия - это общее название для представителей нескольких семейств двустворчатых моллюсков, обитающих в соленой и пресной воде. Эти группы объединяет вытянутая и асимметричная раковина по сравнению с другими съедобными моллюсками, которые чаще всего имеют более или менее округлую или овальную форму.","Omułek to nazwa zwyczajowa przedstawicieli kilku rodzin małży żyjących zarówno w wodach słonych, jak i słodkich. Wspólną cechą tych grup jest muszla o zarysie wydłużonym i asymetrycznym w porównaniu z innymi jadalnymi małżami, których muszle są często mniej lub bardziej zaokrąglone lub owalne.","A kagyló a sós és édesvízi élőhelyeken élő, több kéthéjú kagylócsalád tagjainak közös elnevezése. Ezeknek a csoportoknak közös jellemzője a hosszúkás és aszimmetrikus héj, szemben más ehető kagylókkal, amelyek gyakran többé-kevésbé kerekdedek vagy oválisak.","Cozza è il nome comune usato per i membri di diverse famiglie di molluschi bivalvi, sia d'acqua salata sia d'acqua dolce. Questi gruppi hanno in comune una conchiglia dal profilo allungato e asimmetrico rispetto ad altri bivalvi commestibili, che spesso sono più o meno tondeggianti od ovali.","Mejillón es el nombre común utilizado para los miembros de varias familias de moluscos bivalvos, de hábitats de agua salada y dulce. Estos grupos tienen en común una concha cuyo contorno es alargado y asimétrico en comparación con otras almejas comestibles, que suelen ser más o menos redondeadas u ovaladas.","Moule est le nom commun donné aux membres de plusieurs familles de mollusques bivalves, vivant en eau salée comme en eau douce. Ces groupes ont en commun une coquille au contour allongé et asymétrique, contrairement aux autres bivalves comestibles, dont la coquille est souvent plus ou moins arrondie ou ovale.",貽貝是好幾個雙殼類軟體動物科成員的通稱，這些物種生活在海水或淡水環境中。與其他可食用的蛤類相比，這些類群的共同特點是外殼輪廓狹長且不對稱，而其他蛤類的外殼通常大致呈圓形或橢圓形。,ムール貝は、海水域や淡水域に生息する、いくつかの科の二枚貝類に用いられる一般名である。これらのグループに共通するのは殻の形で、多かれ少なかれ丸形や卵形をしていることが多いほかの食用二枚貝に比べて、輪郭が細長く非対称になっている。,"Mexilhão é o nome comum utilizado para os membros de várias famílias de moluscos bivalves, de água salgada e de água doce. Estes grupos têm em comum uma concha cujo contorno é alongado e assimétrico em comparação com outros moluscos comestíveis, que são frequentemente mais ou menos arredondados ou ovais.",贻贝是好几个双壳类软体动物科成员的通称，这些物种生活在海水或淡水环境中。与其他可食用的蛤类相比，这些类群的共同特点是外壳轮廓狭长且不对称，而其他蛤类的外壳通常大致呈圆形或椭圆形。
str_fish_northernpike,Northern Pike,Northern Pike,Štika obecná,Hecht,Щука,Szczupak,Csuka,Luccio,Lucio,Grand brochet,白斑狗魚,ノーザン・パイク,Lúcio,白斑狗鱼
str_fish_northernpike_desc,"The northern pike (Esox lucius) is a species of carnivorous fish of the genus Esox (pikes). They are commonly found in moderately salty and fresh waters of the Northern Hemisphere (i.e. holarctic in distribution). They are known simply as a pike (PL: pike) in Great Britain, Ireland, most of Eastern Europe, Canada and the U.S., although in the Midwest, they may be called a Northern.

Pike can grow to a relatively large size. Their average length is about 40-55 cm (16-22 in), with maximum recorded lengths of up to 150 cm (59 in) and maximum weights of 28.4 kg (63 lb). The IGFA currently recognises a 25 kg (55 lb) pike caught by Lothar Louis on Greffern Lake, Germany, on 16 October 1986, as the all-tackle world-record holding northern pike. Northern pike grow to larger sizes in Eurasia than in North America, and in coastal Eurasian regions than inland ones.","The northern pike (Esox lucius) is a species of carnivorous fish of the genus Esox (pikes). They are commonly found in moderately salty and fresh waters of the Northern Hemisphere (i.e. holarctic in distribution). They are known simply as a pike in Great Britain, Ireland, most of Eastern Europe, Canada and the U.S., although in the Midwest, they may be called a Northern.

Pike can grow to a relatively large size. Their average length is about 40-55 cm (16-22 in), with maximum recorded lengths of up to 150 cm (59 in) and maximum weights of 28.4 kg (63 lb). The IGFA currently recognises a 25 kg (55 lb) pike caught by Lothar Louis on Greffern Lake, Germany, on 16 October 1986, as the all-tackle world-record holding northern pike. Northern pike grow to larger sizes in Eurasia than in North America, and in coastal Eurasian regions than inland ones.","Štika obecná (Esox lucius) je druh dravé ryby z rodu Esox (štiky). Běžně se vyskytuje v mírně slaných a sladkých vodách severní polokoule (má tedy holarktické rozšíření). Ve Velké Británii, Irsku, většině východní Evropy, Kanadě a USA se jí říká jednoduše štika, na Středozápadě USA jí však mohou říkat ""Northern"".

Štiky mohou dorůstat poměrně velkých rozměrů. Jejich průměrná délka je asi 40-55 cm (16-22 palců), maximální zaznamenaná délka dosahuje až 150 cm (59 palců) a maximální hmotnost 28,4 kg (63 liber). IGFA v současnosti uznává štiku o hmotnosti 25 kg (55 liber), kterou 16. října 1986 ulovil Lothar Louis na jezeře Greffern v Německu, jako absolutní světový rekord štiky obecné (kategorie all-tackle). Štiky obecné dorůstají větších rozměrů v Eurasii než v Severní Americe a v pobřežních oblastech Eurasie větších než ve vnitrozemí.","Der Hecht (Esox lucius) ist eine fleischfressende Fischart aus der Gattung Esox (Hechte). Er ist häufig in mäßig salzhaltigen Gewässern und im Süßwasser der Nordhalbkugel anzutreffen (also holarktisch verbreitet). In Großbritannien, Irland, dem größten Teil Osteuropas, Kanada und den USA heißt er einfach Hecht (englisch ""pike""), im Mittleren Westen wird er jedoch mitunter ""Northern"" genannt.

Hechte können relativ groß werden. Ihre durchschnittliche Länge beträgt etwa 40-55 cm (16-22 Zoll), die größten nachgewiesenen Längen liegen bei bis zu 150 cm (59 Zoll), die größten Gewichte bei 28,4 kg (63 lb). Die IGFA erkennt derzeit einen 25 kg (55 lb) schweren Hecht, den Lothar Louis am 16. Oktober 1986 in einem See bei Greffern in Deutschland gefangen hat, als All-Tackle-Weltrekord für den Hecht an. In Eurasien werden Hechte größer als in Nordamerika und in den Küstenregionen Eurasiens größer als im Binnenland.","Щука (Esox lucius) — вид хищных рыб рода Esox (щуки). Обычно встречается в солоноватых и пресных водах Северного полушария (то есть имеет голарктическое распространение). В Великобритании, Ирландии, на большей части Восточной Европы, в Канаде и США её называют просто щукой (""pike""), хотя на Среднем Западе её могут называть ""Northern"".

Щука может вырастать до довольно крупных размеров. Её средняя длина — около 40–55 см (16–22 дюйма), максимальная зарегистрированная длина — до 150 см (59 дюймов), а максимальный вес — 28,4 кг (63 фунта). Сейчас IGFA признаёт мировым рекордом в категории ""все снасти"" щуку весом 25 кг (55 фунтов), пойманную Лотаром Луисом на озере Грефферн (Германия) 16 октября 1986 года. В Евразии щуки вырастают крупнее, чем в Северной Америке, а в прибрежных районах Евразии — крупнее, чем во внутренних.","Szczupak (Esox lucius) to gatunek mięsożernej ryby z rodzaju Esox (szczupaki). Powszechnie występuje w umiarkowanie słonych i słodkich wodach półkuli północnej (ma zasięg holarktyczny). W Wielkiej Brytanii, Irlandii, większości Europy Wschodniej, Kanadzie i Stanach Zjednoczonych nazywa się go po prostu szczupakiem (ang. ""pike""), choć na Środkowym Zachodzie bywa nazywany ""Northern"".

Szczupaki mogą osiągać stosunkowo duże rozmiary. Ich średnia długość wynosi około 40-55 cm (16-22 cali), a maksymalna odnotowana długość sięga 150 cm (59 cali), przy maksymalnej masie 28,4 kg (63 funty). IGFA uznaje obecnie za rekordowego szczupaka świata w kategorii all-tackle okaz o masie 25 kg (55 funtów), złowiony przez Lothara Louisa na jeziorze Greffern w Niemczech 16 października 1986 roku. W Eurazji szczupaki dorastają do większych rozmiarów niż w Ameryce Północnej, a w nadmorskich regionach Eurazji do większych niż w głębi lądu.","A csuka (Esox lucius) az Esox nembe (csukák) tartozó ragadozó halfaj. Az északi félteke mérsékelten sós és édes vizeiben gyakori (vagyis holarktikus elterjedésű). Nagy-Britanniában, Írországban, Kelet-Európa nagy részén, Kanadában és az Egyesült Államokban egyszerűen csak csukának (angolul ""pike"") nevezik, bár az amerikai Középnyugaton ""Northern"" néven is emlegethetik.

A csuka viszonylag nagyra nőhet. Átlagos hossza körülbelül 40-55 cm (16-22 hüvelyk), a legnagyobb feljegyzett hossza 150 cm (59 hüvelyk), a legnagyobb feljegyzett tömege pedig 28,4 kg (63 font). Az IGFA jelenleg egy 25 kg-os (55 font) csukát ismer el a faj összesített (""all-tackle"") világrekordjaként, amelyet Lothar Louis fogott a németországi Greffern-tavon 1986. október 16-án. A csuka Eurázsiában nagyobbra nő, mint Észak-Amerikában, Eurázsián belül pedig a tengerparti régiókban nagyobbra, mint a szárazföld belsejében.","Il luccio (Esox lucius) è una specie di pesce carnivoro del genere Esox (lucci). È comune nelle acque dolci e moderatamente salate dell'emisfero boreale (ha cioè una distribuzione olartica). In Gran Bretagna, in Irlanda, in gran parte dell'Europa orientale, in Canada e negli Stati Uniti è chiamato semplicemente luccio (""pike""), anche se nel Midwest può essere chiamato ""Northern"".

Il luccio può raggiungere dimensioni relativamente grandi. La sua lunghezza media è di circa 40-55 cm (16-22 pollici), con lunghezze massime registrate fino a 150 cm (59 pollici) e pesi massimi di 28,4 kg (63 libbre). L'IGFA riconosce attualmente come record mondiale assoluto (""all-tackle"") di luccio un esemplare di 25 kg (55 libbre) catturato da Lothar Louis nel lago Greffern, in Germania, il 16 ottobre 1986. Il luccio raggiunge dimensioni maggiori in Eurasia che in Nord America, e nelle regioni costiere eurasiatiche più che in quelle interne.","El lucio (Esox lucius) es una especie de pez carnívoro del género Esox (lucios). Es común en aguas dulces y moderadamente saladas del hemisferio norte (es decir, tiene una distribución holártica). En Gran Bretaña, Irlanda, la mayor parte de Europa del Este, Canadá y Estados Unidos se le conoce simplemente como ""pike"", aunque en el Medio Oeste se le puede llamar ""Northern"".

El lucio puede alcanzar un tamaño relativamente grande. Su longitud media es de unos 40-55 cm (16-22 pulgadas), con longitudes máximas registradas de hasta 150 cm (59 pulgadas) y pesos máximos de 28,4 kg (63 libras). La IGFA reconoce actualmente como récord mundial absoluto (""all-tackle"") de lucio un ejemplar de 25 kg (55 libras) capturado por Lothar Louis en el lago Greffern (Alemania) el 16 de octubre de 1986. El lucio alcanza mayores tamaños en Eurasia que en Norteamérica, y en las regiones costeras de Eurasia más que en las del interior.","Le grand brochet (Esox lucius) est une espèce de poisson carnivore du genre Esox (brochets). On le trouve couramment dans les eaux douces et modérément salées de l'hémisphère Nord (sa répartition est dite holarctique). En Grande-Bretagne, en Irlande, dans la majeure partie de l'Europe de l'Est, au Canada et aux États-Unis, on l'appelle simplement brochet (""pike""), bien que dans le Midwest on puisse l'appeler ""Northern"".

Le brochet peut atteindre une taille relativement importante. Sa longueur moyenne est d'environ 40 à 55 cm (16 à 22 in), avec des longueurs maximales enregistrées de 150 cm (59 in) et des poids maximaux de 28,4 kg (63 lb). L'IGFA reconnaît actuellement comme record du monde toutes catégories (""all-tackle"") de grand brochet un spécimen de 25 kg (55 lb) pris par Lothar Louis dans le lac de Greffern, en Allemagne, le 16 octobre 1986. Le grand brochet atteint de plus grandes tailles en Eurasie qu'en Amérique du Nord, et dans les régions côtières de l'Eurasie que dans les régions intérieures.","白斑狗魚（Esox lucius）是狗魚屬（Esox）的一種肉食性魚類。它們常見於北半球的微鹹水和淡水中（即全北界分佈）。在英國、愛爾蘭、東歐大部分地區、加拿大和美國，它們被簡稱為「pike」，但在美國中西部，也可能被稱為「Northern」。

白斑狗魚可以長到相當大的體型。它們的平均體長約為 40 至 55 公分（16 至 22 英寸），已記錄的最大體長可達 150 公分（59 英寸），最大體重可達 28.4 公斤（63 磅）。IGFA 目前認定 Lothar Louis 於 1986 年 10 月 16 日在德國 Greffern 湖釣獲的一條 25 公斤（55 磅）重的白斑狗魚，為全釣具級別的白斑狗魚世界紀錄。白斑狗魚在歐亞大陸能長得比在北美洲更大，在歐亞大陸沿海地區也比在內陸地區更大。","ノーザン・パイク（Esox lucius）は、カワカマス属（Esox、パイク類）に属する肉食魚の一種である。北半球のやや塩分を含む水域と淡水域に普通に見られる（つまり全北区に分布する）。イギリス、アイルランド、東ヨーロッパの大部分、カナダ、アメリカでは単に「パイク」と呼ばれるが、アメリカ中西部では「ノーザン」と呼ばれることもある。

パイクは比較的大きく成長する。平均体長は約40～55cm（16～22インチ）で、記録された最大体長は150cm（59インチ）、最大体重は28.4kg（63ポンド）に達する。IGFAは現在、1986年10月16日にドイツのグレッフェルン湖でロタール・ルイスが釣り上げた25kg（55ポンド）のパイクを、ノーザン・パイクのオールタックル世界記録として公認している。ノーザン・パイクは北アメリカよりもユーラシアで、またユーラシアでも内陸部より沿岸部で大きく成長する。","O lúcio (Esox lucius) é uma espécie de peixe carnívoro do género Esox (lúcios). Encontra-se geralmente em águas moderadamente salgadas e em águas doces do Hemisfério Norte (ou seja, tem uma distribuição holártica). Na Grã-Bretanha, na Irlanda, na maior parte da Europa de Leste, no Canadá e nos EUA é conhecido simplesmente como ""pike"", embora no Centro-Oeste dos EUA possa ser chamado ""Northern"".

O lúcio pode atingir um tamanho relativamente grande. O seu comprimento médio é de cerca de 40-55 cm (16-22 pol.), com comprimentos máximos registados de até 150 cm (59 pol.) e pesos máximos de 28,4 kg (63 lb). A IGFA reconhece atualmente um lúcio de 25 kg (55 lb), capturado por Lothar Louis no lago Greffern, na Alemanha, em 16 de outubro de 1986, como o recorde mundial absoluto da espécie. O lúcio atinge maiores dimensões na Eurásia do que na América do Norte, e nas regiões costeiras da Eurásia do que nas do interior.","白斑狗鱼（Esox lucius）是狗鱼属（Esox）的一种肉食性鱼类。它们常见于北半球的微咸水和淡水中（即全北界分布）。在英国、爱尔兰、东欧大部分地区、加拿大和美国，它们被简称为「pike」，但在美国中西部，也可能被称为「Northern」。

白斑狗鱼可以长到相当大的体型。它们的平均体长约为 40 至 55 公分（16 至 22 英寸），已记录的最大体长可达 150 公分（59 英寸），最大体重可达 28.4 公斤（63 磅）。IGFA 目前认定 Lothar Louis 于 1986 年 10 月 16 日在德国 Greffern 湖钓获的一条 25 公斤（55 磅）重的白斑狗鱼，为全钓具级别的白斑狗鱼世界纪录。白斑狗鱼在欧亚大陆能长得比在北美洲更大，在欧亚大陆沿海地区也比在内陆地区更大。"
str_fish_northernpike_fillet,Northern Pike Fillet,Northern Pike Fillet,Filet ze štiky obecné,Hechtfilet,Филе щуки,Filet ze szczupaka,Csuka filé,Filetto di luccio,Filete de lucio,Filet de brochet,白斑狗魚片,ノーザン・パイク・フィレ,Filete de lúcio,白斑狗鱼片
str_fish_pacificcod,Pacific Cod,Pacific Cod,Treska tichomořská,Pazifischer Kabeljau,Тихоокеанская треска,Dorsz pacyficzny,Csendes-óceáni tőkehal,Merluzzo del Pacifico,Bacalao del Pacífico,Cabillaud du Pacifique,太平洋鱈魚,マダラ,Bacalhau do Pacífico,太平洋鳕鱼
str_fish_pacificcod_desc,"The Pacific Cod, Gadus macrocephalus, is a species of ray-finned fish in the family Gadidae. It is a bottom-dwelling fish found in the northern Pacific Ocean, mainly on the continental shelf and upper slopes, to depths of about 900 m. It can grow to a length of a meter or so and is found in large schools.","The Pacific Cod, Gadus macrocephalus, is a species of ray-finned fish in the family Gadidae. It is a bottom-dwelling fish found in the northern Pacific Ocean, mainly on the continental shelf and upper slopes, to depths of about 900 m. It can grow to a length of a meter or so and is found in large schools.","Treska tichomořská (Gadus macrocephalus) je druh paprskoploutvé ryby z čeledi treskovitých (Gadidae). Žije u dna v severní části Tichého oceánu, hlavně na kontinentálním šelfu a v horních částech kontinentálního svahu, až do hloubky asi 900 m. Může dorůst délky zhruba jednoho metru a vyskytuje se ve velkých hejnech.",Der Pazifische Kabeljau (Gadus macrocephalus) ist ein Strahlenflosser aus der Familie Gadidae. Er ist ein Bodenfisch des nördlichen Pazifiks und lebt vor allem auf dem Kontinentalschelf und am oberen Kontinentalhang bis in Tiefen von etwa 900 m. Er kann etwa einen Meter lang werden und tritt in großen Schwärmen auf.,"Тихоокеанская треска (Gadus macrocephalus) — вид лучепёрых рыб семейства Gadidae. Это донная рыба северной части Тихого океана, обитающая в основном на континентальном шельфе и в верхней части материкового склона, на глубинах до 900 м. Она может вырастать примерно до метра в длину и держится большими косяками.","Dorsz pacyficzny (Gadus macrocephalus) to gatunek ryby promieniopłetwej z rodziny dorszowatych (Gadidae). Jest to ryba przydenna, występująca w północnej części Oceanu Spokojnego, głównie na szelfie kontynentalnym i w górnej części stoku kontynentalnego, do głębokości około 900 m. Może dorastać do około metra długości i występuje w dużych ławicach.","A csendes-óceáni tőkehal (Gadus macrocephalus) a tőkehalfélék (Gadidae) családjába tartozó sugarasúszójú halfaj. Fenéklakó hal, amely a Csendes-óceán északi részén él, főként a kontinentális talapzaton és a kontinentális lejtő felső részén, nagyjából 900 m mélységig. Körülbelül egy méter hosszúra nőhet, és nagy rajokban él.","Il merluzzo del Pacifico, Gadus macrocephalus, è una specie di pesce a pinne raggiate della famiglia Gadidae. È un pesce di fondo diffuso nell'Oceano Pacifico settentrionale, soprattutto sulla piattaforma continentale e nella parte superiore della scarpata, fino a profondità di circa 900 m. Può raggiungere una lunghezza di circa un metro e vive in grandi banchi.","El bacalao del Pacífico, Gadus macrocephalus, es una especie de pez de aletas radiadas de la familia Gadidae. Es un pez de fondo que se encuentra en el norte del océano Pacífico, principalmente en la plataforma continental y la parte superior del talud, hasta profundidades de unos 900 m. Puede alcanzar alrededor de un metro de longitud y vive en grandes bancos.","Le cabillaud du Pacifique, Gadus macrocephalus, est une espèce de poisson à nageoires rayonnées de la famille des Gadidae. C'est un poisson de fond présent dans le nord de l'océan Pacifique, principalement sur le plateau continental et le haut du talus, jusqu'à environ 900 m de profondeur. Il peut atteindre environ un mètre de long et vit en grands bancs.",太平洋鱈魚（Gadus macrocephalus）是鱈科（Gadidae）的一種輻鰭魚。它是一種底棲魚類，分佈於北太平洋，主要棲息在大陸架和大陸坡上部，深度可達約 900 米。它的體長可達 1 米左右，常成大群出現。,マダラ（Gadus macrocephalus）は、タラ科（Gadidae）に属する条鰭類の一種である。北太平洋に分布する底生魚で、主に大陸棚と大陸斜面上部の、水深約900mまでの範囲に生息する。体長1メートルほどにまで成長し、大きな群れで見られる。,"O bacalhau do Pacífico, Gadus macrocephalus, é uma espécie de peixe de barbatanas raiadas da família Gadidae. É um peixe de fundo que se encontra no norte do Oceano Pacífico, sobretudo na plataforma continental e na parte superior do talude, até cerca de 900 m de profundidade. Pode atingir cerca de um metro de comprimento e vive em grandes cardumes.",太平洋鳕鱼（Gadus macrocephalus）是鳕科（Gadidae）的一种辐鳍鱼。它是一种底栖鱼类，分布于北太平洋，主要栖息在大陆架和大陆坡上部，深度可达约 900 米。它的体长可达 1 米左右，常成大群出现。
str_fish_pacificcod_fillet,Pacific Cod Fillet,Pacific Cod Fillet,Filet z tresky tichomořské,Pazifisches Kabeljaufilet,Филе тихоокеанской трески,Filet z dorsza pacyficznego,Csendes-óceáni tőkehal filé,Filetto di merluzzo del Pacifico,Filete de bacalao del Pacífico,Filet de cabillaud du Pacifique,太平洋鱈魚片,マダラのフィレ,Filete de bacalhau do Pacífico,太平洋鳕鱼片
str_fish_rainbowtrout,Rainbow Trout,Rainbow Trout,Pstruh duhový,Regenbogenforelle,Радужная форель,Pstrąg tęczowy,Szivárványos pisztráng,Trota iridea,Trucha arco iris,Truite arc-en-ciel,虹鱒,ニジマス,Truta arco-íris,虹鳟
str_fish_rainbowtrout_desc,"The rainbow trout (Oncorhynchus mykiss) is a species of trout native to cold-water tributaries of the Pacific Ocean in North America and Asia. The steelhead (sometimes called steelhead trout) is an anadromous (sea-run) form of the coastal rainbow trout (O. m. irideus) or Columbia River redband trout (O. m. gairdneri) that usually returns to freshwater to spawn after living two to three years in the ocean. Freshwater forms that have been introduced into the Great Lakes and migrate into tributaries to spawn are also called steelhead.

Adult freshwater stream rainbow trout average between 0.5 and 2.5 kilograms (1 and 5 lb), while lake-dwelling and anadromous forms may reach 9 kg (20 lb). Coloration varies widely based on subspecies, forms, and habitat. Adult fish are distinguished by a broad reddish stripe along the lateral line, from gills to the tail, which is most vivid in breeding males.","The rainbow trout (Oncorhynchus mykiss) is a species of trout native to cold-water tributaries of the Pacific Ocean in North America and Asia. The steelhead (sometimes called steelhead trout) is an anadromous (sea-run) form of the coastal rainbow trout (O. m. irideus) or Columbia River redband trout (O. m. gairdneri) that usually returns to freshwater to spawn after living two to three years in the ocean. Freshwater forms that have been introduced into the Great Lakes and migrate into tributaries to spawn are also called steelhead.

Adult freshwater stream rainbow trout average between 0.5 and 2.5 kilograms (1 and 5 lb), while lake-dwelling and anadromous forms may reach 9 kg (20 lb). Coloration varies widely based on subspecies, forms, and habitat. Adult fish are distinguished by a broad reddish stripe along the lateral line, from gills to the tail, which is most vivid in breeding males.","Pstruh duhový (Oncorhynchus mykiss) je druh pstruha původní ve studených přítocích Tichého oceánu v Severní Americe a Asii. Steelhead (někdy nazývaný ""steelhead trout"") je anadromní (mořská tažná) forma pobřežního pstruha duhového (O. m. irideus) nebo poddruhu z povodí řeky Columbia (O. m. gairdneri, anglicky ""Columbia River redband trout""), která se po dvou až třech letech života v oceánu obvykle vrací ke tření do sladké vody. Jako steelhead se označují i sladkovodní formy, které byly vysazeny do Velkých jezer a ke tření táhnou do přítoků.

Dospělí pstruzi duhoví ze sladkovodních toků váží v průměru 0,5 až 2,5 kilogramu (1 až 5 liber), zatímco jezerní a anadromní formy mohou dosáhnout hmotnosti až 9 kg (20 liber). Zbarvení se značně liší podle poddruhu, formy a prostředí. Dospělé ryby se vyznačují širokým načervenalým pruhem podél postranní čáry od žaber k ocasu, který je nejvýraznější u samců v době tření.","Die Regenbogenforelle (Oncorhynchus mykiss) ist eine Forellenart, die in kalten Zuflüssen des Pazifiks in Nordamerika und Asien heimisch ist. Der Steelhead (manchmal auch Steelhead-Forelle genannt) ist eine anadrome (ins Meer abwandernde) Form der Unterarten O. m. irideus (""coastal rainbow trout"") oder O. m. gairdneri (""Columbia River redband trout""), die nach zwei bis drei Jahren im Meer meist zum Laichen ins Süßwasser zurückkehrt. Auch Süßwasserformen, die in die Großen Seen eingeführt wurden und zum Laichen in deren Zuflüsse wandern, werden Steelhead genannt.

Ausgewachsene Regenbogenforellen aus Fließgewässern wiegen im Durchschnitt zwischen 0,5 und 2,5 Kilogramm (1 und 5 lb), während in Seen lebende und anadrome Formen bis zu 9 kg (20 lb) erreichen können. Die Färbung variiert je nach Unterart, Form und Lebensraum stark. Ausgewachsene Fische erkennt man an einem breiten rötlichen Streifen entlang der Seitenlinie, von den Kiemen bis zum Schwanz, der bei laichbereiten Männchen am kräftigsten gefärbt ist.","Радужная форель (Oncorhynchus mykiss) — вид форели, обитающий в холодноводных притоках Тихого океана в Северной Америке и Азии. Стальноголовый лосось (иногда его называют стальноголовой форелью) — анадромная (проходная) форма прибрежной радужной форели (O. m. irideus) или формы ""Columbia River redband trout"" (O. m. gairdneri), которая обычно возвращается в пресную воду на нерест, прожив два-три года в океане. Пресноводные формы, завезённые в Великие озёра и заходящие на нерест в их притоки, тоже называют стальноголовым лососем.

Взрослая радужная форель из пресноводных рек весит в среднем от 0,5 до 2,5 килограмма (1–5 фунтов), а озёрные и анадромные формы могут достигать 9 кг (20 фунтов). Окраска сильно различается в зависимости от подвида, формы и места обитания. Взрослых рыб отличает широкая красноватая полоса вдоль боковой линии, от жабр до хвоста, наиболее яркая у самцов в брачный период.","Pstrąg tęczowy (Oncorhynchus mykiss) to gatunek pstrąga występujący naturalnie w zimnych dopływach Oceanu Spokojnego w Ameryce Północnej i Azji. Troć tęczowa, czyli steelhead (nazywana czasem ""steelhead trout""), to anadromiczna (wędrująca do morza) forma przybrzeżnego pstrąga tęczowego (O. m. irideus) lub ""Columbia River redband trout"" (O. m. gairdneri), która po dwóch-trzech latach spędzonych w oceanie zwykle wraca na tarło do słodkiej wody. Mianem steelhead określa się również formy słodkowodne wprowadzone do Wielkich Jezior, które na tarło wędrują do ich dopływów.

Dorosłe pstrągi tęczowe żyjące w słodkowodnych strumieniach ważą średnio od 0,5 do 2,5 kilograma (od 1 do 5 funtów), natomiast formy jeziorowe i anadromiczne mogą osiągać 9 kg (20 funtów). Ubarwienie jest bardzo zróżnicowane w zależności od podgatunku, formy i siedliska. Dorosłe ryby wyróżniają się szerokim czerwonawym pasem wzdłuż linii bocznej, od skrzeli po ogon, najbardziej wyrazistym u samców w okresie rozrodu.","A szivárványos pisztráng (Oncorhynchus mykiss) Észak-Amerikában és Ázsiában, a Csendes-óceán vízgyűjtőjének hideg vizű folyóiban őshonos pisztrángfaj. A ""steelhead"" (néha ""steelhead trout"") az O. m. irideus (angolul ""coastal rainbow trout"") vagy az O. m. gairdneri (angolul ""Columbia River redband trout"") alfaj anadrom (tengerbe vándorló) formája, amely két-három év tengeri élet után általában visszatér az édesvízbe ívni. A Nagy-tavakba betelepített, ívni a mellékfolyókba vándorló édesvízi formákat szintén ""steelhead"" néven ismerik.

A patakokban élő kifejlett édesvízi szivárványos pisztrángok átlagosan 0,5 és 2,5 kilogramm (1 és 5 font) közötti tömegűek, a tavakban élő és az anadrom formák viszont elérhetik a 9 kg-ot (20 font) is. Színezetük alfajtól, formától és élőhelytől függően igen változatos. A kifejlett halakat az oldalvonal mentén a kopoltyúktól a farokig húzódó széles, vöröses sáv jellemzi, amely az ívó hímeken a legélénkebb.","La trota iridea (Oncorhynchus mykiss) è una specie di trota originaria degli affluenti d'acqua fredda dell'Oceano Pacifico in Nord America e in Asia. La steelhead (talvolta chiamata trota steelhead) è una forma anadroma (che risale dal mare) della trota iridea costiera (O. m. irideus) o della ""redband trout"" del fiume Columbia (O. m. gairdneri), che di solito torna in acqua dolce per riprodursi dopo aver vissuto due o tre anni nell'oceano. Anche le forme d'acqua dolce introdotte nei Grandi Laghi, che risalgono gli affluenti per riprodursi, sono chiamate steelhead.

Gli adulti di trota iridea dei torrenti d'acqua dolce pesano in media tra 0,5 e 2,5 chilogrammi (tra 1 e 5 libbre), mentre le forme lacustri e anadrome possono raggiungere i 9 kg (20 libbre). La colorazione varia molto a seconda della sottospecie, della forma e dell'habitat. Gli adulti si distinguono per un'ampia striscia rossastra lungo la linea laterale, dalle branchie alla coda, più vivace nei maschi in riproduzione.","La trucha arco iris (Oncorhynchus mykiss) es una especie de trucha originaria de los afluentes de agua fría del océano Pacífico en Norteamérica y Asia. El steelhead (a veces llamado ""steelhead trout"") es una forma anádroma (que migra al mar) de la trucha arco iris costera (O. m. irideus) o de la ""redband trout"" del río Columbia (O. m. gairdneri) que suele regresar al agua dulce para desovar tras pasar de dos a tres años en el océano. Las formas de agua dulce introducidas en los Grandes Lagos que remontan los afluentes para desovar también se llaman steelhead.

Las truchas arco iris adultas de los arroyos de agua dulce pesan de media entre 0,5 y 2,5 kilogramos (entre 1 y 5 libras), mientras que las formas lacustres y anádromas pueden alcanzar los 9 kg (20 libras). La coloración varía mucho según la subespecie, la forma y el hábitat. Los ejemplares adultos se distinguen por una ancha franja rojiza a lo largo de la línea lateral, desde las branquias hasta la cola, que es más vistosa en los machos reproductores.","La truite arc-en-ciel (Oncorhynchus mykiss) est une espèce de truite originaire des cours d'eau froids tributaires de l'océan Pacifique, en Amérique du Nord et en Asie. Le steelhead (parfois appelé truite steelhead) est une forme anadrome (qui migre en mer) de la truite arc-en-ciel côtière (O. m. irideus) ou de la ""redband trout"" du fleuve Columbia (O. m. gairdneri), qui revient généralement en eau douce pour frayer après avoir passé deux à trois ans en mer. Les formes d'eau douce introduites dans les Grands Lacs, qui remontent les affluents pour frayer, sont également appelées steelhead.

Les truites arc-en-ciel adultes vivant en rivière pèsent en moyenne entre 0,5 et 2,5 kilogrammes (1 et 5 lb), tandis que les formes lacustres et anadromes peuvent atteindre 9 kg (20 lb). La coloration varie beaucoup selon la sous-espèce, la forme et l'habitat. Les adultes se distinguent par une large bande rougeâtre le long de la ligne latérale, des branchies à la queue, particulièrement vive chez les mâles reproducteurs.","虹鱒（Oncorhynchus mykiss）是一種鱒魚，原產於北美洲和亞洲注入太平洋的冷水支流。硬頭鱒（英文「steelhead」，有時也稱「steelhead trout」）是沿岸型虹鱒（O. m. irideus）或哥倫比亞河紅帶型虹鱒（O. m. gairdneri）的溯河洄游（降海）型，通常在海洋中生活兩到三年後返回淡水產卵。被引入五大湖、並會洄游至支流產卵的淡水型虹鱒，也被稱為硬頭鱒。

淡水溪流中的成年虹鱒平均體重為 0.5 至 2.5 公斤（1 至 5 磅），而湖棲型和溯河洄游型則可達 9 公斤（20 磅）。其體色因亞種、類型和棲息環境而有很大差異。成魚的特徵是從鰓部沿側線延伸至尾部的一條寬闊淡紅色條紋，這條條紋在繁殖期的雄魚身上最為鮮明。","ニジマス（Oncorhynchus mykiss）は、北アメリカとアジアの太平洋に注ぐ冷水の支流を原産とするマスの一種である。スティールヘッド（スティールヘッド・トラウトとも呼ばれる）は、ニジマスの沿岸亜種（O. m. irideus）またはコロンビア川レッドバンド・トラウト（O. m. gairdneri）の遡河回遊型（降海型）で、通常は海で2～3年過ごしたのち、産卵のために淡水へ戻ってくる。五大湖に移入され、産卵のために支流へ遡上する淡水型もスティールヘッドと呼ばれる。

淡水の渓流に生息するニジマスの成魚は平均0.5～2.5キログラム（1～5ポンド）だが、湖に生息する型や遡河回遊型は9kg（20ポンド）に達することもある。体色は亜種、型、生息環境によって大きく異なる。成魚は、えらから尾にかけて側線に沿って走る幅の広い赤みがかった縞によって見分けられ、この縞は繁殖期の雄で最も鮮やかになる。","A truta arco-íris (Oncorhynchus mykiss) é uma espécie de truta nativa dos afluentes de água fria do Oceano Pacífico, na América do Norte e na Ásia. A ""steelhead"" (por vezes chamada ""steelhead trout"") é uma forma anádroma (que migra para o mar) da truta arco-íris costeira (O. m. irideus) ou da ""redband trout"" do rio Columbia (O. m. gairdneri), que normalmente regressa à água doce para desovar depois de passar dois a três anos no oceano. As formas de água doce que foram introduzidas nos Grandes Lagos e que migram para os afluentes para desovar também são chamadas ""steelhead"".

As trutas arco-íris adultas de rios de água doce pesam em média entre 0,5 e 2,5 quilogramas (1 e 5 lb), enquanto as formas lacustres e anádromas podem atingir 9 kg (20 lb). A coloração varia muito consoante a subespécie, a forma e o habitat. Os peixes adultos distinguem-se por uma larga faixa avermelhada ao longo da linha lateral, das guelras até à cauda, que é mais viva nos machos reprodutores.","虹鳟（Oncorhynchus mykiss）是一种鳟鱼，原产于北美洲和亚洲注入太平洋的冷水支流。硬头鳟（英文「steelhead」，有时也称「steelhead trout」）是沿岸型虹鳟（O. m. irideus）或哥伦比亚河红带型虹鳟（O. m. gairdneri）的溯河洄游（降海）型，通常在海洋中生活两到三年后返回淡水产卵。被引入五大湖、并会洄游至支流产卵的淡水型虹鳟，也被称为硬头鳟。

淡水溪流中的成年虹鳟平均体重为 0.5 至 2.5 公斤（1 至 5 磅），而湖栖型和溯河洄游型则可达 9 公斤（20 磅）。其体色因亚种、类型和栖息环境而有很大差异。成鱼的特征是从鳃部沿侧线延伸至尾部的一条宽阔淡红色条纹，这条条纹在繁殖期的雄鱼身上最为鲜明。"
str_fish_rainbowtrout_fillet,Rainbow Trout Fillet,Rainbow Trout Fillet,Filet ze pstruha duhového,Regenbogenforellenfilet,Филе радужной форели,Filet z pstrąga tęczowego,Szivárványos pisztráng filé,Filetto di trota iridea,Filete de trucha arco iris,Filet de truite arc-en-ciel,虹鱒魚片,ニジマスのフィレ,Filete de truta arco-íris,虹鳟鱼片
str_fish_redheadcichlid,Redhead Cichlid,Redhead Cichlid,Cichlida rudohlavá,Quetzalbuntbarsch,Красноголовая цихлида,Pielęgnica czerwonogłowa,Vörösfejű sügér,Ciclide testa rossa,Cíclido cabeza roja,Cichlidé à tête rouge,紅頭慈鯛,レッドヘッド・シクリッド,Ciclídeo-cabeça-vermelha,红头慈鲷
str_fish_redheadcichlid_desc,"Vieja melanurus, the quetzal cichlid, redhead cichlid or firehead cichlid, is a species of cichlid that is native to the Lake Pet-n system, the Grijalva-Usumacinta River basin and other Atlantic river drainages in southern Mexico, Belize and Guatemala, with introduced populations in a few other countries.","Vieja melanurus, the quetzal cichlid, redhead cichlid or firehead cichlid, is a species of cichlid that is native to the Lake Petén system, the Grijalva-Usumacinta River basin and other Atlantic river drainages in southern Mexico, Belize and Guatemala, with introduced populations in a few other countries.","Vieja melanurus, cichlida rudohlavá, anglicky též ""quetzal cichlid"" nebo ""firehead cichlid"", je druh cichlidy původní v systému jezera Petén, v povodí řek Grijalva a Usumacinta a v dalších povodích atlantského úmoří v jižním Mexiku, Belize a Guatemale; v několika dalších zemích byly vysazeny nepůvodní populace.","Vieja melanurus, der Quetzalbuntbarsch, im Englischen auch ""redhead cichlid"" oder ""firehead cichlid"" genannt, ist eine Buntbarschart, die im Seensystem des Peten-Sees, im Einzugsgebiet von Grijalva und Usumacinta und in weiteren atlantischen Flusseinzugsgebieten in Südmexiko, Belize und Guatemala heimisch ist; in einigen anderen Ländern gibt es eingeführte Populationen.","Vieja melanurus, красноголовая цихлида (в английском также ""quetzal cichlid"" и ""firehead cichlid""), — вид цихлид, обитающий в системе озера Петен, бассейне рек Грихальва и Усумасинта и в других реках атлантического бассейна на юге Мексики, в Белизе и Гватемале; интродуцированные популяции есть ещё в нескольких странах.","Vieja melanurus, czyli pielęgnica czerwonogłowa (ang. także ""quetzal cichlid"" lub ""firehead cichlid""), to gatunek pielęgnicy pochodzący z systemu jeziora Peten, dorzecza rzek Grijalva i Usumacinta oraz innych atlantyckich zlewni rzecznych w południowym Meksyku, Belize i Gwatemali; populacje introdukowane występują też w kilku innych krajach.","A Vieja melanurus, vagyis a vörösfejű sügér (angolul ""quetzal cichlid"", ""redhead cichlid"" vagy ""firehead cichlid""), a bölcsőszájú halak egyik faja, amely a Petén-tó vízrendszerében, a Grijalva-Usumacinta folyórendszer vízgyűjtőjében és más, az Atlanti-óceán felé lefolyó folyók vízgyűjtőiben őshonos Dél-Mexikóban, Belize-ben és Guatemalában; néhány más országban betelepített állományai is élnek.","Vieja melanurus, il ciclide testa rossa (in inglese anche ""quetzal cichlid"" o ""firehead cichlid""), è una specie di ciclide originaria del sistema del lago Petén, del bacino del fiume Grijalva-Usumacinta e di altri bacini fluviali del versante atlantico nel Messico meridionale, in Belize e in Guatemala, con popolazioni introdotte in alcuni altri paesi.","Vieja melanurus, el cíclido cabeza roja (en inglés también ""quetzal cichlid"" o ""firehead cichlid""), es una especie de cíclido originaria del sistema del lago Petén, la cuenca del río Grijalva-Usumacinta y otras cuencas fluviales de la vertiente atlántica del sur de México, Belice y Guatemala, con poblaciones introducidas en algunos otros países.","Vieja melanurus, aussi appelé ""quetzal cichlid"", cichlidé à tête rouge ou ""firehead cichlid"", est une espèce de cichlidé originaire du système du lac Petén, du bassin du Grijalva-Usumacinta et d'autres bassins fluviaux du versant atlantique du sud du Mexique, du Belize et du Guatemala ; des populations ont été introduites dans quelques autres pays.",Vieja melanurus，即紅頭慈鯛，英文又稱「quetzal cichlid」或「firehead cichlid」，是一種慈鯛，原產於墨西哥南部、伯利茲和危地馬拉的佩滕湖水系、格里哈爾瓦-烏蘇馬辛塔河流域及其他注入大西洋的河流流域，在少數其他國家也有引入的種群。,レッドヘッド・シクリッド（Vieja melanurus）は、ケツァール・シクリッドやファイヤーヘッド・シクリッドとも呼ばれるシクリッドの一種で、メキシコ南部、ベリーズ、グアテマラのペテン湖水系、グリハルバ・ウスマシンタ川流域、その他の大西洋側の河川流域を原産とし、ほかのいくつかの国にも移入された個体群がいる。,"Vieja melanurus, o ciclídeo-cabeça-vermelha (em inglês também ""quetzal cichlid"" ou ""firehead cichlid""), é uma espécie de ciclídeo nativa do sistema do lago Petén, da bacia do Grijalva-Usumacinta e de outras bacias fluviais da vertente atlântica do sul do México, de Belize e da Guatemala, com populações introduzidas em alguns outros países.",Vieja melanurus，即红头慈鲷，英文又称「quetzal cichlid」或「firehead cichlid」，是一种慈鲷，原产于墨西哥南部、伯利兹和危地马拉的佩滕湖水系、格里哈尔瓦-乌苏马辛塔河流域及其他注入大西洋的河流流域，在少数其他国家也有引入的种群。
str_fish_redheadcichlid_fillet,Redhead Cichlid Fillet,Redhead Cichlid Fillet,Filet z cichlidy rudohlavé,Quetzalbuntbarsch-Filet,Филе красноголовой цихлиды,Filet z pielęgnicy czerwonogłowej,Vörösfejű sügér filé,Filetto di ciclide testa rossa,Filete de cíclido cabeza roja,Filet de cichlidé à tête rouge,紅頭慈鯛魚片,レッドヘッド・シクリッドのフィレ,Filete de ciclídeo-cabeça-vermelha,红头慈鲷鱼片
str_fish_rougheyerock,Rougheye Rockfish,Rougheye Rockfish,Okouník aleutský,Aleuten-Rotbarsch,Алеутский морской окунь,Karmazyn ostrooki,Érdesszemű álsügér,Scorfano rougheye,Rocote de ojo rugoso,Sébaste à œil épineux,阿留申平鮋,ラフアイ・ロックフィッシュ,Cantarilho-de-olho-áspero,阿留申平鲉
str_fish_rougheyerock_desc,The rougheye rockfish (Sebastes aleutianus) is a rockfish of the genus Sebastes. It is also known as the blackthroat rockfish or the blacktip rockfish and grows to a maximum of about 97 cm.,The rougheye rockfish (Sebastes aleutianus) is a rockfish of the genus Sebastes. It is also known as the blackthroat rockfish or the blacktip rockfish and grows to a maximum of about 97 cm.,"Okouník aleutský (Sebastes aleutianus) je druh okouníka z rodu Sebastes. Je znám také pod anglickými názvy ""blackthroat rockfish"" nebo ""blacktip rockfish"" a dorůstá délky nejvýše asi 97 cm.","Der Aleuten-Rotbarsch (Sebastes aleutianus) ist ein Rotbarsch der Gattung Sebastes. Im Englischen ist er auch als ""blackthroat rockfish"" oder ""blacktip rockfish"" bekannt; er wird maximal etwa 97 cm lang.","Алеутский морской окунь (Sebastes aleutianus) — морской окунь рода Sebastes. В английском он известен также как ""blackthroat rockfish"" и ""blacktip rockfish""; достигает максимальной длины около 97 см.","Karmazyn ostrooki (Sebastes aleutianus) to ryba z rodzaju Sebastes (karmazyny). Znany jest również pod angielskimi nazwami ""blackthroat rockfish"" lub ""blacktip rockfish""; dorasta maksymalnie do około 97 cm.","Az érdesszemű álsügér (Sebastes aleutianus) a Sebastes nembe tartozó álsügérfaj. Angolul ""blackthroat rockfish"" vagy ""blacktip rockfish"" néven is ismert, és legfeljebb körülbelül 97 cm hosszúra nő.","Lo scorfano rougheye (Sebastes aleutianus) è uno scorfano del genere Sebastes. È noto anche come ""blackthroat rockfish"" o ""blacktip rockfish"" e raggiunge una lunghezza massima di circa 97 cm.","El rocote de ojo rugoso (Sebastes aleutianus) es un rocote del género Sebastes. En inglés también se le conoce como ""blackthroat rockfish"" o ""blacktip rockfish"", y alcanza una longitud máxima de unos 97 cm.","Le sébaste à œil épineux (Sebastes aleutianus) est un sébaste du genre Sebastes. Il est aussi appelé en anglais ""blackthroat rockfish"" ou ""blacktip rockfish"" et peut atteindre une taille maximale d'environ 97 cm.",阿留申平鮋（Sebastes aleutianus）是平鮋屬（Sebastes）的一種平鮋。它的英文又稱「blackthroat rockfish」或「blacktip rockfish」，體長最大可達約 97 公分。,ラフアイ・ロックフィッシュ（Sebastes aleutianus）は、メバル属（Sebastes）の魚である。英語では「ブラックスロート・ロックフィッシュ」や「ブラックチップ・ロックフィッシュ」とも呼ばれ、最大で約97cmに成長する。,"O cantarilho-de-olho-áspero (Sebastes aleutianus) é um cantarilho do género Sebastes. É também conhecido, em inglês, como ""blackthroat rockfish"" ou ""blacktip rockfish"" e atinge um máximo de cerca de 97 cm.",阿留申平鲉（Sebastes aleutianus）是平鲉属（Sebastes）的一种平鲉。它的英文又称「blackthroat rockfish」或「blacktip rockfish」，体长最大可达约 97 公分。
str_fish_rougheyerock_fillet,Rougheye Rockfish Fillet,Rougheye Rockfish Fillet,Filet z okouníka aleutského,Aleuten-Rotbarschfilet,Филе алеутского морского окуня,Filet z karmazyna ostrookiego,Érdesszemű álsügér filé,Filetto di scorfano rougheye,Filete de rocote de ojo rugoso,Filet de sébaste à œil épineux,阿留申平鮋魚片,ラフアイ・ロックフィッシュのフィレ,Filete de cantarilho-de-olho-áspero,阿留申平鲉鱼片
str_fish_sauger,Sauger,Sauger,Candát kanadský,Kanadischer Zander,Канадский судак,Sandacz kanadyjski,Kanadai süllő,Lucioperca canadese,Lucioperca canadiense,Doré noir,加拿大梭鱸,ソーガー,Sauger,加拿大梭鲈
str_fish_sauger_desc,"The sauger (Sander canadensis) is a freshwater perciform fish of the family Percidae that resembles its close relative, the walleye. The species is a member of the largest vertebrate order, the Perciformes. It is the most migratory percid species in North America. Saugers have two dorsal fins; the first is spiny and the posterior dorsal fin is soft-rayed. Their paired fins are in the thoracic position and their caudal fin is truncated, which means squared off at the corners, a characteristic of the family Percidae. Another physical characteristic of saugers is their ctenoid scales, which are common in advanced fishes. Saugers have a fusiform body structure, and as a result are well adapted predatory fishes and are capable of swimming into fast currents with minimal drag on their bodies. They may be distinguished from walleyes by the distinctly spotted dorsal fin, by the lack of a white splotch on the caudal fin, by the rough skin over their gills, and by their generally more brassy color, or darker (almost black) color in some regions. The typical sauger is 300 to 400 g (11 to 14 oz) in weight.","The sauger (Sander canadensis) is a freshwater perciform fish of the family Percidae that resembles its close relative, the walleye. The species is a member of the largest vertebrate order, the Perciformes. It is the most migratory percid species in North America. Saugers have two dorsal fins; the first is spiny and the posterior dorsal fin is soft-rayed. Their paired fins are in the thoracic position and their caudal fin is truncated, which means squared off at the corners, a characteristic of the family Percidae. Another physical characteristic of saugers is their ctenoid scales, which are common in advanced fishes. Saugers have a fusiform body structure, and as a result are well adapted predatory fishes and are capable of swimming into fast currents with minimal drag on their bodies. They may be distinguished from walleyes by the distinctly spotted dorsal fin, by the lack of a white splotch on the caudal fin, by the rough skin over their gills, and by their generally more brassy color, or darker (almost black) color in some regions. The typical sauger is 300 to 400 g (11 to 14 oz) in weight.","Candát kanadský (Sander canadensis) je sladkovodní ostnoploutvá ryba z čeledi okounovitých (Percidae), která se podobá svému blízkému příbuznému, candátu americkému. Tento druh patří do největšího řádu obratlovců, řádu ostnoploutvých (Perciformes). Je to nejvíce migrující druh okounovitých ryb v Severní Americe. Candáti kanadští mají dvě hřbetní ploutve; první je ostnitá a zadní hřbetní ploutev má měkké paprsky. Párové ploutve mají v hrudní poloze a ocasní ploutev uťatou, tedy v rozích hranatou, což je znak typický pro čeleď okounovitých. Dalším tělesným znakem candátů kanadských jsou ctenoidní šupiny, které jsou běžné u vývojově pokročilých ryb. Candáti kanadští mají vřetenovité tělo, a jsou proto dobře přizpůsobenými dravci, kteří dokážou plavat i v rychlém proudu s minimálním odporem. Od candátů amerických je lze odlišit podle výrazně skvrnité hřbetní ploutve, chybějící bílé skvrny na ocasní ploutvi, drsné kůže na skřelích a obecně spíše mosazného zbarvení, v některých oblastech tmavšího (téměř černého). Typický candát kanadský váží 300 až 400 g (11 až 14 uncí).","Der Kanadische Zander (Sander canadensis) ist ein barschartiger Süßwasserfisch aus der Familie Percidae, der seinem nahen Verwandten, dem Glasaugenbarsch, ähnelt. Die Art gehört zur größten Wirbeltierordnung, den Barschartigen (Perciformes). Er ist die wanderfreudigste Barschart Nordamerikas. Kanadische Zander haben zwei Rückenflossen: Die vordere ist stachelstrahlig, die hintere weichstrahlig. Ihre paarigen Flossen sind brustständig, und ihre Schwanzflosse ist gestutzt, also an den Ecken gerade abgeschnitten, ein Merkmal der Familie Percidae. Ein weiteres körperliches Merkmal des Kanadischen Zanders sind seine Kammschuppen, die bei höher entwickelten Fischen verbreitet sind. Kanadische Zander haben einen spindelförmigen Körperbau; dadurch sind sie gut angepasste Raubfische und können mit minimalem Widerstand in schnelle Strömungen hineinschwimmen. Vom Glasaugenbarsch lassen sie sich durch die deutlich gefleckte Rückenflosse, das Fehlen eines weißen Flecks an der Schwanzflosse, die raue Haut über den Kiemen und ihre meist eher messingfarbene, in manchen Regionen auch dunklere (fast schwarze) Färbung unterscheiden. Ein typischer Kanadischer Zander wiegt 300 bis 400 g (11 bis 14 oz).","Канадский судак (Sander canadensis) — пресноводная окунеобразная рыба семейства Percidae, похожая на своего близкого родственника — светлопёрого судака. Вид относится к крупнейшему отряду позвоночных — Perciformes. Это самый склонный к миграциям вид окунёвых в Северной Америке. У канадского судака два спинных плавника: передний колючий, а задний — мягколучевой. Парные плавники расположены в грудном положении, а хвостовой плавник усечённый, то есть с прямо срезанным краем и выраженными углами, — это характерная черта семейства Percidae. Ещё одна особенность канадского судака — ктеноидная чешуя, обычная для высших рыб. У канадского судака веретенообразное тело, поэтому он хорошо приспособлен к хищничеству и способен плыть против быстрого течения, испытывая минимальное сопротивление. От светлопёрого судака его можно отличить по отчётливо пятнистому спинному плавнику, отсутствию белого пятна на хвостовом плавнике, шершавой коже на жаберных крышках и в целом более латунной окраске, а в некоторых регионах — более тёмной (почти чёрной). Типичный канадский судак весит 300–400 г (11–14 унций).","Sandacz kanadyjski (Sander canadensis) to słodkowodna ryba okoniokształtna z rodziny okoniowatych (Percidae), przypominająca swojego bliskiego krewnego, sandacza amerykańskiego. Gatunek ten należy do największego rzędu kręgowców, okoniokształtnych (Perciformes). Jest najbardziej wędrownym gatunkiem okoniowatych w Ameryce Północnej. Sandacze kanadyjskie mają dwie płetwy grzbietowe: pierwsza jest kolczasta, a tylna ma miękkie promienie. Płetwy parzyste mają położenie piersiowe, a płetwa ogonowa jest ścięta, czyli prosto zakończona, z kanciastymi rogami, co jest cechą charakterystyczną rodziny okoniowatych. Kolejną cechą sandaczy kanadyjskich są łuski grzebykowate (ktenoidalne), powszechne u ryb zaawansowanych ewolucyjnie. Dzięki wrzecionowatemu kształtowi ciała sandacze kanadyjskie są dobrze przystosowanymi drapieżnikami i potrafią pływać w szybkim nurcie przy minimalnym oporze. Od sandacza amerykańskiego można je odróżnić po wyraźnie nakrapianej płetwie grzbietowej, braku białej plamy na płetwie ogonowej, szorstkiej skórze na pokrywach skrzelowych oraz ogólnie bardziej mosiężnym ubarwieniu, a w niektórych regionach ciemniejszym (prawie czarnym). Typowy sandacz kanadyjski waży od 300 do 400 g (od 11 do 14 uncji).","A kanadai süllő (Sander canadensis) a sügérfélék (Percidae) családjába tartozó édesvízi, sügéralakú hal, amely közeli rokonára, az amerikai süllőre hasonlít. A faj a gerincesek legnagyobb rendjének, a sügéralakúaknak (Perciformes) a tagja. Észak-Amerikában ez a leginkább vándorló sügérféle. A kanadai süllőnek két hátúszója van: az első tüskés, a hátsó lágy sugarú. Páros úszói melli (torakális) helyzetűek, farokúszója pedig egyenesen levágott, vagyis a sarkainál szögletes, ami a sügérfélék családjának jellegzetessége. A kanadai süllő másik testi jellemzője a fésűs (ctenoid) pikkelyzet, amely a fejlettebb halaknál gyakori. Teste orsó alakú, ezért jól alkalmazkodott ragadozó, és testének csekély közegellenállása révén a sebes sodrással szemben is képes úszni. Az amerikai süllőtől a határozottan foltos hátúszó, a farokúszó fehér foltjának hiánya, a kopoltyúk fölötti érdes bőr, valamint az általában inkább sárgarézszínű, egyes régiókban sötétebb (majdnem fekete) színezet alapján lehet megkülönböztetni. Egy átlagos kanadai süllő tömege 300-400 g (11-14 uncia).","La lucioperca canadese (Sander canadensis) è un pesce perciforme d'acqua dolce della famiglia Percidae che somiglia alla sua stretta parente, la lucioperca americana. La specie appartiene al più grande ordine di vertebrati, i Perciformes. È la specie di percide più migratrice del Nord America. La lucioperca canadese ha due pinne dorsali: la prima è spinosa, mentre quella posteriore ha raggi molli. Le pinne pari sono in posizione toracica e la pinna caudale è tronca, cioè squadrata agli angoli, una caratteristica della famiglia Percidae. Un'altra caratteristica fisica della lucioperca canadese sono le squame ctenoidi, comuni nei pesci più evoluti. Ha un corpo fusiforme e, di conseguenza, è un predatore ben adattato, capace di nuotare in correnti veloci opponendo una resistenza minima. Si distingue dalla lucioperca americana per la pinna dorsale nettamente maculata, per l'assenza di una macchia bianca sulla pinna caudale, per la pelle ruvida sopra le branchie e per il colore generalmente più ottonato, o più scuro (quasi nero) in alcune regioni. Una tipica lucioperca canadese pesa tra 300 e 400 g (11-14 once).","La lucioperca canadiense (Sander canadensis) es un pez perciforme de agua dulce de la familia Percidae que se parece a su pariente cercano, la lucioperca americana. La especie pertenece al mayor orden de vertebrados, Perciformes. Es la especie de pércido más migratoria de Norteamérica. La lucioperca canadiense tiene dos aletas dorsales: la primera es espinosa y la posterior, de radios blandos. Sus aletas pares están en posición torácica y su aleta caudal es truncada, es decir, con las esquinas en ángulo recto, una característica de la familia Percidae. Otra característica física de la lucioperca canadiense son sus escamas ctenoideas, habituales en los peces más evolucionados. Tiene un cuerpo fusiforme, por lo que es un depredador bien adaptado, capaz de nadar en corrientes rápidas con una resistencia mínima. Se distingue de la lucioperca americana por su aleta dorsal claramente moteada, por la ausencia de una mancha blanca en la aleta caudal, por la piel áspera que cubre sus branquias y por su color, por lo general más parecido al del latón, o más oscuro (casi negro) en algunas regiones. Una lucioperca canadiense típica pesa entre 300 y 400 g (11 a 14 onzas).","Le doré noir (Sander canadensis) est un poisson perciforme d'eau douce de la famille des percidés (Percidae), qui ressemble à son proche parent, le doré jaune. L'espèce appartient au plus grand ordre de vertébrés, les Perciformes. C'est le percidé le plus migrateur d'Amérique du Nord. Le doré noir possède deux nageoires dorsales : la première est épineuse et la seconde, postérieure, est à rayons mous. Ses nageoires paires sont en position thoracique et sa nageoire caudale est tronquée, c'est-à-dire coupée droit avec des angles nets, une caractéristique de la famille des percidés. Ses écailles cténoïdes, fréquentes chez les poissons évolués, sont une autre de ses caractéristiques physiques. Son corps fusiforme fait du doré noir un prédateur bien adapté, capable de nager dans des courants rapides en offrant un minimum de résistance. On le distingue du doré jaune par sa nageoire dorsale nettement tachetée, par l'absence de tache blanche sur la nageoire caudale, par la peau rugueuse qui recouvre ses opercules et par sa couleur généralement plus cuivrée, ou plus foncée (presque noire) dans certaines régions. Un doré noir typique pèse de 300 à 400 g (11 à 14 oz).",加拿大梭鱸（Sander canadensis）是鱸科（Percidae）的一種淡水鱸形目魚類，與其近親玻璃梭鱸相似。該物種屬於脊椎動物中最大的目——鱸形目（Perciformes）。它是北美洲洄游性最強的鱸科魚類。加拿大梭鱸有兩個背鰭：第一背鰭具硬棘，後方的背鰭則由軟鰭條構成。它們的偶鰭位於胸位，尾鰭為截形，即末端平直、邊角呈方形，這是鱸科魚類的特徵。加拿大梭鱸的另一項外形特徵是櫛鱗，這在較高等的魚類中很常見。加拿大梭鱸身體呈紡錘形，因此是適應良好的掠食性魚類，能夠游到湍急的水流中，而身體所受的阻力極小。它們與玻璃梭鱸的區別在於：背鰭上有明顯的斑點、尾鰭上沒有白色斑塊、鰓蓋上的皮膚粗糙，而且體色通常更偏黃銅色，在某些地區則呈較深的顏色（近乎黑色）。典型的加拿大梭鱸體重為 300 至 400 克（11 至 14 盎司）。,ソーガー（Sander canadensis）は、ペルカ科（Percidae）に属するスズキ目の淡水魚で、近縁種のウォールアイによく似ている。本種は、脊椎動物で最大の目であるスズキ目（Perciformes）の一員である。北アメリカのペルカ科魚類の中で最も回遊性が強い。ソーガーには背びれが2基あり、前の背びれは棘条からなり、後ろの背びれは軟条からなる。対になったひれは胸部の位置にあり、尾びれは切りそろえたような形、つまり角が四角くなった形をしていて、これはペルカ科の特徴である。ソーガーのもう一つの身体的特徴は櫛鱗で、これは高等な魚類によく見られる。ソーガーは紡錘形の体をしているため、捕食魚としてよく適応しており、体にかかる抵抗を最小限に抑えて速い流れの中へ泳いでいくことができる。ウォールアイとは、背びれにはっきりとした斑点があること、尾びれに白い斑がないこと、えらを覆う皮膚がざらざらしていること、そして体色が全体に真鍮色がかっているか、地域によってはより暗い（ほとんど黒に近い）色であることで見分けられる。典型的なソーガーの体重は300～400g（11～14オンス）である。,"O sauger (Sander canadensis) é um peixe perciforme de água doce da família Percidae, semelhante ao seu parente próximo, o olho-de-vidro. A espécie pertence à maior ordem de vertebrados, a dos Perciformes. É a espécie de percídeo mais migratória da América do Norte. O sauger tem duas barbatanas dorsais: a primeira é espinhosa e a posterior tem raios moles. As barbatanas pares estão em posição torácica e a barbatana caudal é truncada, isto é, de cantos retos, uma característica da família Percidae. Outra característica física do sauger são as escamas ctenoides, comuns nos peixes mais evoluídos. Tem um corpo fusiforme e, por isso, é um predador bem adaptado, capaz de nadar contra correntes rápidas com um arrasto mínimo. Distingue-se do olho-de-vidro pela barbatana dorsal nitidamente pintalgada, pela ausência de uma mancha branca na barbatana caudal, pela pele áspera sobre as guelras e pela cor, geralmente mais semelhante à do latão, ou mais escura (quase preta) em algumas regiões. O sauger típico pesa 300 a 400 g (11 a 14 oz).",加拿大梭鲈（Sander canadensis）是鲈科（Percidae）的一种淡水鲈形目鱼类，与其近亲玻璃梭鲈相似。该物种属于脊椎动物中最大的目——鲈形目（Perciformes）。它是北美洲洄游性最强的鲈科鱼类。加拿大梭鲈有两个背鳍：第一背鳍具硬棘，后方的背鳍则由软鳍条构成。它们的偶鳍位于胸位，尾鳍为截形，即末端平直、边角呈方形，这是鲈科鱼类的特征。加拿大梭鲈的另一项外形特征是栉鳞，这在较高等的鱼类中很常见。加拿大梭鲈身体呈纺锤形，因此是适应良好的掠食性鱼类，能够游到湍急的水流中，而身体所受的阻力极小。它们与玻璃梭鲈的区别在于：背鳍上有明显的斑点、尾鳍上没有白色斑块、鳃盖上的皮肤粗糙，而且体色通常更偏黄铜色，在某些地区则呈较深的颜色（近乎黑色）。典型的加拿大梭鲈体重为 300 至 400 克（11 至 14 盎司）。
str_fish_sauger_fillet,Sauger Fillet,Sauger Fillet,Filet z candáta kanadského,Filet vom Kanadischen Zander,Филе канадского судака,Filet z sandacza kanadyjskiego,Kanadai süllő filé,Filetto di lucioperca canadese,Filete de lucioperca canadiense,Filet de doré noir,加拿大梭鱸魚片,ソーガーのフィレ,Filete de sauger,加拿大梭鲈鱼片
str_fish_severum,Severum,Severum,Severum,Severum,Северум,Severum,Severum,Severum,Severum,Sévérum,英麗魚,セベラム,Severum,英丽鱼
str_fish_severum_desc,"Heros severus, is a species of tropical freshwater cichlid native to the upper Orinoco and upper Rio Negro basins in South America. It has historically been confused with several other species in the genus, most recently H. liberifer. This species is rarely found in the aquarium trade.","Heros severus is a species of tropical freshwater cichlid native to the upper Orinoco and upper Rio Negro basins in South America. It has historically been confused with several other species in the genus, most recently H. liberifer. This species is rarely found in the aquarium trade.","Heros severus je druh tropické sladkovodní cichlidy pocházející z povodí horního Orinoka a horního Rio Negra v Jižní Americe. V minulosti byl zaměňován s několika dalšími druhy rodu, naposledy s H. liberifer. Tento druh se v akvaristice vyskytuje jen zřídka.","Heros severus ist ein tropischer Süßwasserbuntbarsch, der im Einzugsgebiet des oberen Orinoco und des oberen Rio Negro in Südamerika heimisch ist. In der Vergangenheit wurde er mit mehreren anderen Arten der Gattung verwechselt, zuletzt mit H. liberifer. Im Aquarienhandel ist diese Art nur selten anzutreffen.","Heros severus — вид тропических пресноводных цихлид, обитающий в бассейнах верхнего течения Ориноко и Рио-Негро в Южной Америке. Его не раз путали с другими видами рода, последний раз — с H. liberifer. В аквариумной торговле этот вид встречается редко.","Heros severus to gatunek tropikalnej słodkowodnej pielęgnicy pochodzącej z dorzeczy górnego Orinoko i górnego Rio Negro w Ameryce Południowej. W przeszłości mylono go z kilkoma innymi gatunkami tego rodzaju, ostatnio z H. liberifer. Gatunek ten rzadko spotyka się w handlu akwarystycznym.","A Heros severus trópusi édesvízi bölcsőszájú hal, amely Dél-Amerikában, az Orinoco és a Rio Negro felső vízgyűjtőjében őshonos. A múltban gyakran összetévesztették a nembe tartozó több más fajjal, legutóbb a H. liberiferrel. Ez a faj ritkán fordul elő az akváriumi kereskedelemben.","Heros severus è una specie di ciclide tropicale d'acqua dolce originaria dei bacini dell'alto Orinoco e dell'alto Rio Negro, in Sud America. In passato è stata confusa con diverse altre specie del genere, più di recente con H. liberifer. Questa specie si trova raramente nel commercio acquariofilo.","Heros severus es una especie de cíclido tropical de agua dulce originaria de las cuencas altas de los ríos Orinoco y Negro, en Sudamérica. Históricamente se ha confundido con varias otras especies del género, más recientemente con H. liberifer. Esta especie rara vez se encuentra en el comercio de acuarios.","Heros severus est une espèce de cichlidé tropical d'eau douce originaire des bassins du haut Orénoque et du haut rio Negro, en Amérique du Sud. Il a longtemps été confondu avec plusieurs autres espèces du genre, en dernier lieu avec H. liberifer. Cette espèce est rarement proposée dans le commerce aquariophile.",Heros severus 是一種熱帶淡水慈鯛，原產於南美洲奧里諾科河上游和內格羅河上游流域。歷史上，它曾與同屬的其他幾個物種混淆，最近一次是與 H. liberifer 混淆。這個物種在觀賞魚貿易中很少見。,セベラム（Heros severus）は、南アメリカのオリノコ川上流域とネグロ川上流域を原産とする、熱帯性の淡水シクリッドの一種である。これまで同属のほかのいくつかの種と混同されてきており、最近ではH. liberiferと混同されていた。本種が観賞魚として流通することはまれである。,"Heros severus é uma espécie de ciclídeo tropical de água doce nativa das bacias do alto Orinoco e do alto rio Negro, na América do Sul. Historicamente, tem sido confundida com várias outras espécies do género, mais recentemente com H. liberifer. Esta espécie raramente se encontra no comércio de aquários.",Heros severus 是一种热带淡水慈鲷，原产于南美洲奥里诺科河上游和内格罗河上游流域。历史上，它曾与同属的其他几个物种混淆，最近一次是与 H. liberifer 混淆。这个物种在观赏鱼贸易中很少见。
str_fish_severum_fillet,Severum Fillet,Severum Fillet,Filet ze severum,Severum-Filet,Филе северума,Filet z severum,Severum filé,Filetto di severum,Filete de severum,Filet de sévérum,英麗魚片,セベラムのフィレ,Filete de severum,英丽鱼片
str_fish_siamesetigerfish,Siamese Tigerfish,Siamese Tigerfish,Tygří ryba siamská,Siamesischer Tigerfisch,Сиамская тигровая рыбка,Syjamska ryba tygrysia,Sziámi tigrishal,Pesce tigre siamese,Pez tigre siamés,Poisson-tigre siamois,暹羅虎魚,シャムタイガー,Peixe-tigre siamês,暹罗虎鱼
str_fish_siamesetigerfish_desc,"The Siamese tigerfish, also known as the Siamese tiger perch, is a critically endangered Asian fish native to the Chao Phraya, Mae Klong and Mekong basins. It has vertical yellow and black stripes running the length of its body. The dorsal fin has a spiny appearance. Siamese tigerfish grow to 40 cm in standard length.","The Siamese tigerfish, also known as the Siamese tiger perch, is a critically endangered Asian fish native to the Chao Phraya, Mae Klong and Mekong basins. It has vertical yellow and black stripes running the length of its body. The dorsal fin has a spiny appearance. Siamese tigerfish grow to 40 cm in standard length.","Tygří ryba siamská, anglicky známá také jako ""Siamese tiger perch"", je kriticky ohrožená asijská ryba původní v povodí řek Čao Phraja, Mae Klong a Mekong. Po celé délce těla má svislé žluté a černé pruhy. Hřbetní ploutev má ostnitý vzhled. Tygří ryby siamské dorůstají standardní délky 40 cm.","Der Siamesische Tigerfisch, auch Siamesischer Tigerbarsch genannt, ist ein vom Aussterben bedrohter asiatischer Fisch, der in den Flusssystemen von Chao Phraya, Mae Klong und Mekong heimisch ist. Sein Körper trägt auf ganzer Länge senkrechte gelbe und schwarze Streifen. Die Rückenflosse wirkt stachelig. Der Siamesische Tigerfisch erreicht eine Standardlänge von 40 cm.","Сиамская тигровая рыбка, известная также как сиамский тигровый окунь, — азиатская рыба, находящаяся на грани исчезновения; обитает в бассейнах рек Чаупхрая, Меклонг и Меконг. Вдоль всего тела у неё идут вертикальные жёлтые и чёрные полосы. Спинной плавник выглядит колючим. Стандартная длина сиамской тигровой рыбки достигает 40 см.","Syjamska ryba tygrysia, znana również jako ""Siamese tiger perch"", to krytycznie zagrożony gatunek azjatyckiej ryby, pochodzący z dorzeczy Chao Phraya, Mae Klong i Mekongu. Na całej długości ciała ma pionowe żółte i czarne pasy. Płetwa grzbietowa ma kolczasty wygląd. Syjamska ryba tygrysia dorasta do 40 cm długości standardowej.","A sziámi tigrishal, más néven sziámi tigrissügér, kritikusan veszélyeztetett ázsiai halfaj, amely a Chao Phraya, a Mae Klong és a Mekong vízgyűjtőjében őshonos. Testét teljes hosszában függőleges sárga és fekete sávok tarkítják. Hátúszója tüskés megjelenésű. A sziámi tigrishal standard testhossza elérheti a 40 cm-t.","Il pesce tigre siamese, noto anche come ""Siamese tiger perch"", è un pesce asiatico in pericolo critico di estinzione, originario dei bacini del Chao Phraya, del Mae Klong e del Mekong. Ha strisce verticali gialle e nere che si susseguono per tutta la lunghezza del corpo. La pinna dorsale ha un aspetto spinoso. Il pesce tigre siamese raggiunge i 40 cm di lunghezza standard.","El pez tigre siamés, también conocido en inglés como ""Siamese tiger perch"", es un pez asiático en peligro crítico de extinción originario de las cuencas de los ríos Chao Phraya, Mae Klong y Mekong. Tiene rayas verticales amarillas y negras a lo largo de todo el cuerpo. La aleta dorsal tiene un aspecto espinoso. El pez tigre siamés alcanza los 40 cm de longitud estándar.","Le poisson-tigre siamois (en anglais aussi ""Siamese tiger perch"") est un poisson d'Asie en danger critique d'extinction, originaire des bassins de la Chao Phraya, de la Mae Klong et du Mékong. Il porte des rayures verticales jaunes et noires sur toute la longueur du corps. Sa nageoire dorsale a un aspect épineux. Le poisson-tigre siamois atteint 40 cm de longueur standard.",暹羅虎魚（英文又稱「Siamese tiger perch」）是一種極度瀕危的亞洲魚類，原產於湄南河、夜功河和湄公河流域。它的身上有黃黑相間的垂直條紋，遍佈整個身體。背鰭外觀帶有硬棘。暹羅虎魚的標準體長可達 40 公分。,シャムタイガーは、英語では「シャム・タイガーフィッシュ」や「シャム・タイガーパーチ」と呼ばれ、チャオプラヤー川、メークロン川、メコン川の流域を原産とする、深刻な絶滅の危機にあるアジアの魚である。体には、黄色と黒の垂直な縞が体の全長にわたって並んでいる。背びれはとげとげしい外見をしている。シャムタイガーは標準体長40cmにまで成長する。,"O peixe-tigre siamês, também conhecido em inglês como ""Siamese tiger perch"", é um peixe asiático em perigo crítico de extinção, nativo das bacias dos rios Chao Phraya, Mae Klong e Mekong. Tem riscas verticais amarelas e pretas ao longo de todo o corpo. A barbatana dorsal tem um aspeto espinhoso. O peixe-tigre siamês atinge 40 cm de comprimento padrão.",暹罗虎鱼（英文又称「Siamese tiger perch」）是一种极度濒危的亚洲鱼类，原产于湄南河、夜功河和湄公河流域。它的身上有黄黑相间的垂直条纹，遍布整个身体。背鳍外观带有硬棘。暹罗虎鱼的标准体长可达 40 公分。
str_fish_siamesetigerfish_fillet,Siamese Tigerfish Fillet,Siamese Tigerfish Fillet,Filet z tygří ryby siamské,Siamesisches Tigerfischfilet,Филе сиамской тигровой рыбки,Filet z ryby tygrysiej syjamskiej,Sziámi tigrishal filé,Filetto di pesce tigre siamese,Filete de pez tigre siamés,Filet de poisson-tigre siamois,暹羅虎魚片,シャムタイガーのフィレ,Filete de peixe-tigre siamês,暹罗虎鱼片
str_fish_slimysculpin,Slimy Sculpin,Slimy Sculpin,Vranka slizká,Schleimige Groppe,Слизистый подкаменщик,Głowacz śluzowaty,Nyálkás kölönte,Scazzone viscido,Charrasco viscoso,Chabot visqueux,黏杜父魚,スライミー・スカルピン,Caboz viscoso,粘杜父鱼
str_fish_slimysculpin_desc,"The slimy sculpin (Cottus cognatus) is a freshwater species of fish belonging to the family Cottidae, which is the largest sculpin family. They usually inhabit cold rocky streams or lakes across North America, ranging from the Great Lakes, southeast Minnesota, northeast Iowa, southwest Wisconsin and northeast Canada. Slimy sculpins have also been found roaming the cold streams of eastern Siberia. They are commonly confused with their closely related relatives, Mottled sculpin (Cottus bairdi), and with tubenose gobies who are both freshwater fishes as well. The slimy sculpin is a nocturnal fish that usually spends most of its time on the stream bottom and seeks shelter under rocks and logs, especially during spawning season. When it swims, it sometimes appears to be ""hopping"" along the bottom because of its inefficient ability to swim. This is partly due to the absence of a swim bladder, which normally gives buoyancy to a fish.","The slimy sculpin (Cottus cognatus) is a freshwater species of fish belonging to the family Cottidae, which is the largest sculpin family. They usually inhabit cold rocky streams or lakes across North America, ranging from the Great Lakes, southeast Minnesota, northeast Iowa, southwest Wisconsin and northeast Canada. Slimy sculpins have also been found roaming the cold streams of eastern Siberia. They are commonly confused with their closely related relatives, Mottled sculpin (Cottus bairdii), and with tubenose gobies who are both freshwater fishes as well. The slimy sculpin is a nocturnal fish that usually spends most of its time on the stream bottom and seeks shelter under rocks and logs, especially during spawning season. When it swims, it sometimes appears to be ""hopping"" along the bottom because of its inefficient ability to swim. This is partly due to the absence of a swim bladder, which normally gives buoyancy to a fish.","Vranka slizká (Cottus cognatus) je sladkovodní druh ryby z čeledi vrankovitých (Cottidae), která je největší z čeledí vranek. Obvykle obývá studené kamenité potoky nebo jezera v Severní Americe, od oblasti Velkých jezer, jihovýchodní Minnesoty, severovýchodní Iowy a jihozápadního Wisconsinu po severovýchodní Kanadu. Vranky slizké byly zjištěny také ve studených tocích východní Sibiře. Často bývají zaměňovány se svou blízkou příbuznou, vrankou Cottus bairdii (anglicky ""mottled sculpin""), a s hlavačkami rodu Proterorhinus; obě jsou rovněž sladkovodní ryby. Vranka slizká je noční ryba, která většinu času obvykle tráví na dně potoka a ukrývá se pod kameny a kmeny, zejména v období tření. Při plavání se někdy zdá, že po dně ""poskakuje"", protože plave jen neobratně. Částečně je to dáno absencí plynového měchýře, který rybám běžně zajišťuje vztlak.","Die Schleimige Groppe (Cottus cognatus) ist eine Süßwasserfischart aus der Familie Cottidae, der größten Groppenfamilie. Sie lebt meist in kalten, steinigen Bächen oder Seen in ganz Nordamerika, von den Großen Seen über den Südosten Minnesotas, den Nordosten Iowas und den Südwesten Wisconsins bis in den Nordosten Kanadas. Schleimige Groppen wurden auch in den kalten Flüssen Ostsibiriens nachgewiesen. Häufig werden sie mit ihrer nahen Verwandten Cottus bairdii (englisch ""mottled sculpin"") sowie mit der Marmorgrundel verwechselt, die beide ebenfalls Süßwasserfische sind. Die Schleimige Groppe ist nachtaktiv, verbringt meist den größten Teil ihrer Zeit am Bachgrund und sucht vor allem während der Laichzeit Schutz unter Steinen und Baumstämmen. Beim Schwimmen scheint sie manchmal über den Grund zu ""hüpfen"", weil sie nur schlecht schwimmen kann. Das liegt unter anderem daran, dass ihr eine Schwimmblase fehlt, die einem Fisch normalerweise Auftrieb verleiht.","Слизистый подкаменщик (Cottus cognatus) — пресноводный вид рыб семейства Cottidae, крупнейшего семейства рогатковых рыб. Обычно эти рыбы населяют холодные каменистые ручьи и озёра по всей Северной Америке — от Великих озёр, юго-востока Миннесоты, северо-востока Айовы и юго-запада Висконсина до северо-востока Канады. Слизистых подкаменщиков находили и в холодных ручьях Восточной Сибири. Их часто путают с близким родственником Cottus bairdii (в английском ""mottled sculpin""), а также с бычком-цуциком — обе эти рыбы тоже пресноводные. Слизистый подкаменщик ведёт ночной образ жизни, большую часть времени проводит на дне ручья и прячется под камнями и корягами, особенно в нерестовый период. Плавает он плохо, поэтому иногда кажется, что он ""прыгает"" по дну. Отчасти это объясняется отсутствием плавательного пузыря, который обычно обеспечивает рыбе плавучесть.","Głowacz śluzowaty (Cottus cognatus) to słodkowodny gatunek ryby z rodziny głowaczowatych (Cottidae), największej rodziny głowaczy. Zamieszkuje zwykle zimne, kamieniste strumienie lub jeziora w Ameryce Północnej: w rejonie Wielkich Jezior, w południowo-wschodniej Minnesocie, w północno-wschodniej części stanu Iowa, w południowo-zachodnim Wisconsin i w północno-wschodniej Kanadzie. Głowacze śluzowate spotykano również w zimnych strumieniach wschodniej Syberii. Często są mylone z blisko spokrewnionym Cottus bairdii (ang. ""mottled sculpin"") oraz z babkami z rodzaju Proterorhinus (ang. ""tubenose gobies""), które również są rybami słodkowodnymi. Głowacz śluzowaty prowadzi nocny tryb życia; zwykle większość czasu spędza na dnie strumienia i szuka schronienia pod kamieniami i kłodami, zwłaszcza w okresie tarła. Podczas pływania czasem wygląda, jakby ""skakał"" po dnie, ponieważ słabo pływa. Wynika to częściowo z braku pęcherza pławnego, który normalnie zapewnia rybom pływalność.","A nyálkás kölönte (Cottus cognatus) a kölöntefélék (Cottidae) családjába tartozó édesvízi halfaj; ez a kölönték legnagyobb családja. Általában hideg, köves patakokban vagy tavakban él Észak-Amerika-szerte, a Nagy-tavaktól Minnesota délkeleti, Iowa északkeleti és Wisconsin délnyugati részén át Kanada északkeleti részéig. Kelet-Szibéria hideg patakjaiban is előkerült. Gyakran összetévesztik közeli rokonával, a Cottus bairdii fajjal (angolul ""mottled sculpin""), valamint a tarka gébekkel, amelyek szintén édesvízi halak. A nyálkás kölönte éjszaka aktív hal, amely ideje nagy részét általában a patak fenekén tölti, és kövek, farönkök alatt keres menedéket, különösen az ívási időszakban. Úszás közben néha úgy tűnik, mintha ""ugrálna"" a fenéken, mert nem képes hatékonyan úszni. Ez részben annak tudható be, hogy nincs úszóhólyagja, amely a halaknak általában felhajtóerőt biztosít.","Lo scazzone viscido (Cottus cognatus) è una specie di pesce d'acqua dolce della famiglia Cottidae, la più grande famiglia di scazzoni. Vive di solito in torrenti o laghi freddi e rocciosi del Nord America, con un areale che comprende i Grandi Laghi, il Minnesota sud-orientale, l'Iowa nord-orientale, il Wisconsin sud-occidentale e il Canada nord-orientale. Lo scazzone viscido è stato trovato anche nei freddi corsi d'acqua della Siberia orientale. Viene spesso confuso con il suo stretto parente, il ""mottled sculpin"" (Cottus bairdii), e con i ghiozzi del genere Proterorhinus, anch'essi pesci d'acqua dolce. Lo scazzone viscido è un pesce notturno che di solito trascorre la maggior parte del tempo sul fondo dei torrenti e cerca riparo sotto sassi e tronchi, soprattutto durante la stagione riproduttiva. Quando nuota, a volte sembra ""saltellare"" sul fondo, perché è un nuotatore poco efficiente. Ciò è dovuto in parte all'assenza della vescica natatoria, che normalmente garantisce il galleggiamento dei pesci.","El charrasco viscoso (Cottus cognatus) es una especie de pez de agua dulce de la familia Cottidae, la mayor de las familias de charrascos. Suele habitar en arroyos o lagos fríos y rocosos de toda Norteamérica, con una distribución que abarca los Grandes Lagos, el sureste de Minnesota, el noreste de Iowa, el suroeste de Wisconsin y el noreste de Canadá. También se han encontrado charrascos viscosos en los arroyos fríos del este de Siberia. Se suelen confundir con su pariente cercano Cottus bairdii (en inglés ""mottled sculpin"") y con los gobios del género Proterorhinus, que también son peces de agua dulce. El charrasco viscoso es un pez nocturno que suele pasar la mayor parte del tiempo en el fondo del arroyo y busca refugio bajo rocas y troncos, sobre todo durante la época de desove. Cuando nada, a veces parece ir ""saltando"" por el fondo debido a su escasa capacidad natatoria. Esto se debe en parte a la ausencia de vejiga natatoria, el órgano que normalmente proporciona flotabilidad a los peces.","Le chabot visqueux (Cottus cognatus) est une espèce de poisson d'eau douce de la famille des Cottidae, la plus grande famille de chabots. Il vit généralement dans les cours d'eau froids et rocailleux ou les lacs d'Amérique du Nord, son aire de répartition comprenant les Grands Lacs, le sud-est du Minnesota, le nord-est de l'Iowa, le sud-ouest du Wisconsin et le nord-est du Canada. On a également observé des chabots visqueux dans les cours d'eau froids de l'est de la Sibérie. Il est souvent confondu avec son proche parent, le chabot tacheté (Cottus bairdii), ainsi qu'avec le gobie à nez tubulaire, tous deux également des poissons d'eau douce. Le chabot visqueux est un poisson nocturne qui passe la plupart de son temps sur le fond des cours d'eau et s'abrite sous les pierres et les troncs, en particulier pendant la période de frai. Lorsqu'il nage, il semble parfois ""sautiller"" sur le fond, car il nage mal. Cela s'explique en partie par l'absence de vessie natatoire, l'organe qui assure normalement la flottabilité d'un poisson.",黏杜父魚（Cottus cognatus）是一種淡水魚，屬於杜父魚科（Cottidae），這是杜父魚中最大的一個科。它們通常棲息在北美洲各地寒冷且多岩石的溪流或湖泊中，分佈範圍包括五大湖、明尼蘇達州東南部、艾奧瓦州東北部、威斯康星州西南部和加拿大東北部。在西伯利亞東部的寒冷溪流中也曾發現黏杜父魚的蹤跡。它們常與近親 Cottus bairdii（英文稱「mottled sculpin」）以及管鼻蝦虎魚混淆，這兩者同樣都是淡水魚。黏杜父魚是夜行性魚類，通常大部分時間都待在溪底，並在岩石和倒木下尋找藏身處，產卵季節尤其如此。由於游泳能力不佳，它游泳時有時看起來像是在水底「跳躍」前進。部分原因是它沒有魚鰾，而魚鰾通常能為魚提供浮力。,スライミー・スカルピン（Cottus cognatus）は、カジカ類で最大の科であるカジカ科（Cottidae）に属する淡水魚の一種である。通常は北アメリカ各地の冷たく岩の多い川や湖に生息し、その範囲は五大湖、ミネソタ州南東部、アイオワ州北東部、ウィスコンシン州南西部、カナダ北東部に及ぶ。スライミー・スカルピンは、東シベリアの冷たい川を泳ぎ回っているのも見つかっている。近縁種のモトルド・スカルピン（Cottus bairdii）や、同じく淡水魚であるチューブノーズ・ゴビーとよく混同される。スライミー・スカルピンは夜行性の魚で、ふだんは大半の時間を川底で過ごし、特に産卵期には岩や倒木の下に身を隠す。泳ぐのが下手なため、泳ぐときには川底を「跳ねている」ように見えることがある。これは、通常は魚に浮力を与える浮き袋がないことが一因である。,"O caboz viscoso (Cottus cognatus) é uma espécie de peixe de água doce da família Cottidae, a maior família de ""sculpins"". Habita geralmente riachos ou lagos rochosos e frios em toda a América do Norte, desde os Grandes Lagos, o sudeste do Minnesota, o nordeste do Iowa e o sudoeste do Wisconsin até ao nordeste do Canadá. O caboz viscoso também foi encontrado nos riachos frios do leste da Sibéria. É muitas vezes confundido com o seu parente próximo Cottus bairdii (em inglês ""mottled sculpin"") e com as espécies do género Proterorhinus (em inglês ""tubenose gobies""), que também são peixes de água doce. O caboz viscoso é um peixe noturno que passa geralmente a maior parte do tempo no fundo dos riachos e procura abrigo debaixo de pedras e troncos, sobretudo na época de desova. Quando nada, parece por vezes ""saltitar"" ao longo do fundo, devido à sua fraca capacidade de natação. Isto deve-se, em parte, à ausência de bexiga natatória, que normalmente dá flutuabilidade aos peixes.",粘杜父鱼（Cottus cognatus）是一种淡水鱼，属于杜父鱼科（Cottidae），这是杜父鱼中最大的一个科。它们通常栖息在北美洲各地寒冷且多岩石的溪流或湖泊中，分布范围包括五大湖、明尼苏达州东南部、艾奥瓦州东北部、威斯康星州西南部和加拿大东北部。在西伯利亚东部的寒冷溪流中也曾发现粘杜父鱼的踪迹。它们常与近亲 Cottus bairdii（英文称「mottled sculpin」）以及管鼻虾虎鱼混淆，这两者同样都是淡水鱼。粘杜父鱼是夜行性鱼类，通常大部分时间都待在溪底，并在岩石和倒木下寻找藏身处，产卵季节尤其如此。由于游泳能力不佳，它游泳时有时看起来像是在水底「跳跃」前进。部分原因是它没有鱼鳔，而鱼鳔通常能为鱼提供浮力。
str_fish_slimysculpin_fillet,Slimy Sculpin Fillet,Slimy Sculpin Fillet,Filet z vranky slizké,Filet von der Schleimigen Groppe,Филе слизистого подкаменщика,Filet z głowacza śluzowatego,Nyálkás kölönte filé,Filetto di scazzone viscido,Filete de charrasco viscoso,Filet de chabot visqueux,黏杜父魚片,スライミー・スカルピン・フィレ,Filete de caboz viscoso,粘杜父鱼片
str_fish_smallmouthbass,Smallmouth Bass,Smallmouth Bass,Okounek černý,Kleinmaulbarsch,Малоротый окунь,Bass małogębowy,Fekete sügér,Persico trota bocca piccola,Lobina boca chica,Achigan à petite bouche,小口黑鱸,スモールマウスバス,Achigã-de-boca-pequena,小口黑鲈
str_fish_smallmouthbass_desc,"The smallmouth bass (Micropterus dolomieu) is a species of freshwater fish in the sunfish family (Centrarchidae) of the order Centrarchiformes. It is the type species of its genus Micropterus (black basses), and is a popular game fish sought by anglers throughout the temperate zones of North America, and has been spread by stocking, as well as illegal introductions, to many cool-water tributaries and lakes in Canada and even more in the United States.","The smallmouth bass (Micropterus dolomieu) is a species of freshwater fish in the sunfish family (Centrarchidae) of the order Centrarchiformes. It is the type species of its genus Micropterus (black basses), and is a popular game fish sought by anglers throughout the temperate zones of North America, and has been spread by stocking, as well as illegal introductions, to many cool-water tributaries and lakes in Canada and even more in the United States.","Okounek černý (Micropterus dolomieu) je druh sladkovodní ryby z čeledi okounkovitých (Centrarchidae) řádu Centrarchiformes. Je typovým druhem rodu Micropterus (okounci) a oblíbenou sportovní rybou, o kterou usilují rybáři v celém mírném pásmu Severní Ameriky. Zarybňováním i nelegálním vysazováním se rozšířil do mnoha přítoků a jezer s chladnější vodou v Kanadě a ještě více byl vysazován ve Spojených státech.","Der Kleinmaulbarsch (Micropterus dolomieu) ist eine Süßwasserfischart aus der Familie der Sonnenbarsche (Centrarchidae) in der Ordnung Centrarchiformes. Er ist die Typusart seiner Gattung Micropterus (Schwarzbarsche) und ein beliebter Sportfisch, dem Angler in den gemäßigten Zonen Nordamerikas nachstellen. Durch Besatz, aber auch durch illegale Aussetzungen wurde er in viele kühle Zuflüsse und Seen in Kanada und in noch größerem Umfang in den Vereinigten Staaten verbreitet.","Малоротый окунь (Micropterus dolomieu) — вид пресноводных рыб семейства центрарховых (Centrarchidae) отряда Centrarchiformes. Это типовой вид рода Micropterus (чёрные окуни) и популярный объект спортивной рыбалки во всей умеренной зоне Северной Америки. Благодаря зарыблению, а также незаконным вселениям он распространился во многие прохладноводные притоки и озёра Канады и ещё шире — в США.","Bass małogębowy (Micropterus dolomieu) to gatunek ryby słodkowodnej z rodziny bassowatych (Centrarchidae) z rzędu Centrarchiformes. Jest gatunkiem typowym rodzaju Micropterus (czarne bassy) i popularną rybą wędkarską, poszukiwaną przez wędkarzy w całej strefie umiarkowanej Ameryki Północnej. W wyniku zarybień, a także nielegalnych introdukcji, rozprzestrzenił się w wielu chłodnych dopływach i jeziorach Kanady, a jeszcze szerzej wprowadzano go w Stanach Zjednoczonych.","A fekete sügér (Micropterus dolomieu) a Centrarchiformes rend díszsügérfélék (Centrarchidae) családjába tartozó édesvízi halfaj. A Micropterus nemnek (feketesügérek) a típusfaja, Észak-Amerika mérsékelt övi területein a horgászok kedvelt sporthala, és telepítések, valamint illegális betelepítések révén Kanadában számos hűvös vizű mellékfolyóba és tóba eljutott, az Egyesült Államokban pedig még szélesebb körben betelepítették.","Il persico trota bocca piccola (Micropterus dolomieu) è una specie di pesce d'acqua dolce della famiglia dei centrarchidi (Centrarchidae), ordine Centrarchiformes. È la specie tipo del genere Micropterus (black bass) ed è una preda molto ricercata dai pescatori sportivi in tutte le zone temperate del Nord America; è stato diffuso con ripopolamenti, ma anche con introduzioni illegali, in molti affluenti e laghi di acque fresche del Canada e, in misura ancora maggiore, degli Stati Uniti.","La lobina boca chica (Micropterus dolomieu) es una especie de pez de agua dulce de la familia de los peces sol (Centrarchidae), del orden Centrarchiformes. Es la especie tipo de su género, Micropterus (lobinas), y es un pez muy popular en la pesca deportiva, buscado por los pescadores en todas las zonas templadas de Norteamérica; además, se ha extendido mediante repoblaciones, así como mediante introducciones ilegales, a muchos afluentes y lagos de aguas frescas de Canadá y, en mayor medida, de Estados Unidos.","L'achigan à petite bouche (Micropterus dolomieu) est une espèce de poisson d'eau douce de la famille des centrarchidés (Centrarchidae), dans l'ordre des Centrarchiformes. C'est l'espèce type de son genre, Micropterus (achigans), et un poisson sportif populaire, recherché par les pêcheurs dans toutes les zones tempérées d'Amérique du Nord. Il a été répandu par empoissonnement, ainsi que par des introductions illégales, dans de nombreux lacs et affluents d'eau fraîche au Canada, et plus encore aux États-Unis.",小口黑鱸（Micropterus dolomieu）是棘臀魚目（Centrarchiformes）太陽魚科（Centrarchidae）的一種淡水魚。它是黑鱸屬（Micropterus）的模式種，也是北美洲溫帶地區各地釣友追捧的熱門垂釣魚種。經由人工放養以及非法引入，它已擴散到加拿大許多涼水支流和湖泊，在美國的引入範圍則更廣。,スモールマウスバス（Micropterus dolomieu）は、サンフィッシュ目（Centrarchiformes）サンフィッシュ科（Centrarchidae）に属する淡水魚の一種である。オオクチバス属（Micropterus、ブラックバス類）のタイプ種で、北アメリカの温帯域全域で釣り人に狙われる人気のゲームフィッシュであり、放流や違法な移入によってカナダの多くの冷水域の支流や湖に広がり、アメリカではさらに広く移入されている。,"O achigã-de-boca-pequena (Micropterus dolomieu) é uma espécie de peixe de água doce da família dos peixes-sol (Centrarchidae), da ordem Centrarchiformes. É a espécie-tipo do seu género, Micropterus (achigãs), e é um peixe popular na pesca desportiva, procurado pelos pescadores em todas as zonas temperadas da América do Norte. Foi disseminado através de repovoamentos, bem como de introduções ilegais, em muitos afluentes e lagos de águas frescas do Canadá, e foi introduzido em ainda maior escala nos Estados Unidos.",小口黑鲈（Micropterus dolomieu）是棘臀鱼目（Centrarchiformes）太阳鱼科（Centrarchidae）的一种淡水鱼。它是黑鲈属（Micropterus）的模式种，也是北美洲温带地区各地钓友追捧的热门垂钓鱼种。经由人工放养以及非法引入，它已扩散到加拿大许多凉水支流和湖泊，在美国的引入范围则更广。
str_fish_smallmouthbass_fillet,Smallmouth Bass Fillet,Smallmouth Bass Fillet,Filet z okounka černého,Kleinmaulbarschfilet,Филе малоротого окуня,Filet z bassa małogębowego,Fekete sügér filé,Filetto di persico trota bocca piccola,Filete de lobina boca chica,Filet d'achigan à petite bouche,小口黑鱸魚片,スモールマウスバス・フィレ,Filete de achigã-de-boca-pequena,小口黑鲈鱼片
str_fish_sockeyesalmon,Sockeye Salmon,Sockeye Salmon,Losos nerka,Rotlachs,Нерка,Łosoś czerwony,Vörös lazac,Salmone rosso,Salmón rojo,Saumon rouge,紅鮭,ベニザケ,Salmão-vermelho,红大马哈鱼
str_fish_sockeyesalmon_desc,"The sockeye salmon (Oncorhynchus nerka), also called red salmon, kokanee salmon, blueback salmon, or simply sockeye, is an anadromous species of salmon found in the Northern Pacific Ocean and rivers discharging into it. This species is a Pacific salmon that is primarily red in hue during spawning. They can grow up to 84cm (2ft 9in) in length and weigh 2.3 to 7 kg (5-15 lb). Juveniles remain in freshwater until they are ready to migrate to the ocean, over distances of up to 1,600 km (1,000 mi). Their diet consists primarily of zooplankton. Sockeye salmon are semelparous, dying after they spawn. Some populations, referred to as kokanee, do not migrate to the ocean and live their entire lives in fresh water.","The sockeye salmon (Oncorhynchus nerka), also called red salmon, kokanee salmon, blueback salmon, or simply sockeye, is an anadromous species of salmon found in the Northern Pacific Ocean and rivers discharging into it. This species is a Pacific salmon that is primarily red in hue during spawning. They can grow up to 84cm (2ft 9in) in length and weigh 2.3 to 7 kg (5-15 lb). Juveniles remain in freshwater until they are ready to migrate to the ocean, over distances of up to 1,600 km (1,000 mi). Their diet consists primarily of zooplankton. Sockeye salmon are semelparous, dying after they spawn. Some populations, referred to as kokanee, do not migrate to the ocean and live their entire lives in fresh water.","Losos nerka (Oncorhynchus nerka), anglicky nazývaný také ""red salmon"", ""kokanee salmon"", ""blueback salmon"" nebo jednoduše ""sockeye"", je anadromní druh lososa, který žije v severní části Tichého oceánu a v řekách, které do něj ústí. Jde o tichomořského lososa, který je v době tření převážně červeně zbarvený. Může dorůst délky až 84 cm (2 stopy 9 palců) a hmotnosti 2,3 až 7 kg (5-15 liber). Mladé ryby zůstávají ve sladké vodě, dokud nejsou připraveny k migraci do oceánu, a to na vzdálenost až 1 600 km (1 000 mil). Jejich potravu tvoří především zooplankton. Losos nerka je semelparní, po vytření tedy hyne. Některé populace, označované jako kokanee, do oceánu netáhnou a celý život žijí ve sladké vodě.","Der Rotlachs (Oncorhynchus nerka), auch Sockeye-Lachs, Kokanee-Lachs, Blaurückenlachs oder einfach Sockeye genannt, ist eine anadrome Lachsart, die im nördlichen Pazifik und in den in ihn mündenden Flüssen vorkommt. Die Art gehört zu den Pazifischen Lachsen und ist vor allem während der Laichzeit rot gefärbt. Rotlachse können bis zu 84 cm (2 Fuß 9 Zoll) lang und 2,3 bis 7 kg (5-15 lb) schwer werden. Die Jungfische bleiben im Süßwasser, bis sie bereit sind, ins Meer abzuwandern, wobei sie Strecken von bis zu 1.600 km (1.000 Meilen) zurücklegen. Ihre Nahrung besteht vorwiegend aus Zooplankton. Rotlachse sind semelpar, das heißt, sie sterben nach dem Laichen. Einige Populationen, die als Kokanee bezeichnet werden, wandern nicht ins Meer ab und verbringen ihr ganzes Leben im Süßwasser.","Нерка (Oncorhynchus nerka), которую также называют красной, кокани, ""blueback salmon"" или просто ""sockeye"", — анадромный вид лососей, обитающий в северной части Тихого океана и впадающих в него реках. Это тихоокеанский лосось, который во время нереста приобретает преимущественно красную окраску. Нерка может достигать 84 см (2 фута 9 дюймов) в длину и весить от 2,3 до 7 кг (5–15 фунтов). Молодь остаётся в пресной воде, пока не будет готова к миграции в океан на расстояние до 1600 км (1000 миль). Питается нерка в основном зоопланктоном. Нерка нерестится один раз в жизни и после нереста погибает. Некоторые популяции, называемые кокани, не уходят в океан и всю жизнь проводят в пресной воде.","Łosoś czerwony (Oncorhynchus nerka), zwany też nerką, a po angielsku również ""kokanee salmon"", ""blueback salmon"" lub po prostu ""sockeye"", to anadromiczny gatunek łososia występujący w północnej części Oceanu Spokojnego i w uchodzących do niego rzekach. Jest to łosoś pacyficzny, który w okresie tarła przybiera głównie czerwoną barwę. Może dorastać do 84 cm (2 stóp 9 cali) długości i ważyć od 2,3 do 7 kg (5-15 funtów). Młode osobniki pozostają w wodach słodkich, dopóki nie są gotowe do wędrówki do oceanu, na odległość do 1600 km (1000 mil). Ich pokarm stanowi głównie zooplankton. Łososie czerwone są semelparyczne, czyli giną po odbyciu tarła. Niektóre populacje, zwane kokanee, nie wędrują do oceanu i całe życie spędzają w wodach słodkich.","A vörös lazac (Oncorhynchus nerka), angolul ""sockeye salmon"", ""red salmon"", ""kokanee salmon"", ""blueback salmon"" vagy egyszerűen ""sockeye"", a Csendes-óceán északi részén és az abba ömlő folyókban élő anadrom lazacfaj. Ez a csendes-óceáni lazacfaj ívás idején túlnyomórészt vörös színű. Akár 84 cm (2 láb 9 hüvelyk) hosszúra is megnőhet, tömege 2,3-7 kg (5-15 font). A fiatal halak addig maradnak az édesvízben, amíg készen nem állnak a tengerbe vándorlásra, amely akár 1600 km (1000 mérföld) megtételét is jelentheti. Táplálékuk főként zooplanktonból áll. A vörös lazac életében csak egyszer szaporodik: ívás után elpusztul. Egyes populációk, amelyeket ""kokanee"" néven emlegetnek, nem vándorolnak a tengerbe, és egész életüket édesvízben töltik.","Il salmone rosso (Oncorhynchus nerka), chiamato anche salmone sockeye, ""kokanee salmon"", ""blueback salmon"" o semplicemente sockeye, è una specie anadroma di salmone presente nell'Oceano Pacifico settentrionale e nei fiumi che vi sfociano. Questa specie è un salmone del Pacifico che durante la riproduzione assume una colorazione prevalentemente rossa. Può raggiungere gli 84 cm (2 piedi e 9 pollici) di lunghezza e pesare da 2,3 a 7 kg (5-15 libbre). I giovani restano in acqua dolce finché non sono pronti a migrare verso l'oceano, percorrendo distanze fino a 1.600 km (1.000 miglia). La loro dieta è composta principalmente da zooplancton. Il salmone rosso è semelparo: muore dopo la riproduzione. Alcune popolazioni, chiamate ""kokanee"", non migrano verso l'oceano e trascorrono l'intera vita in acqua dolce.","El salmón rojo (Oncorhynchus nerka), también llamado en inglés ""red salmon"", ""kokanee salmon"", ""blueback salmon"" o simplemente ""sockeye"", es una especie anádroma de salmón que se encuentra en el norte del océano Pacífico y en los ríos que desembocan en él. Esta especie es un salmón del Pacífico de tonalidad principalmente roja durante el desove. Puede alcanzar 84 cm (2 pies y 9 pulgadas) de longitud y pesar de 2,3 a 7 kg (5-15 libras). Los juveniles permanecen en agua dulce hasta que están listos para migrar al océano, recorriendo distancias de hasta 1.600 km (1.000 millas). Su dieta se compone principalmente de zooplancton. El salmón rojo es semélparo: muere después de desovar. Algunas poblaciones, conocidas como kokanee, no migran al océano y pasan toda su vida en agua dulce.","Le saumon rouge (Oncorhynchus nerka), également appelé saumon sockeye, saumon kokani, ""blueback salmon"" ou simplement sockeye, est une espèce de saumon anadrome que l'on trouve dans le nord de l'océan Pacifique et dans les rivières qui s'y jettent. C'est un saumon du Pacifique qui prend une teinte principalement rouge pendant le frai. Il peut atteindre 84 cm (2 ft 9 in) de long et peser de 2,3 à 7 kg (5 à 15 lb). Les juvéniles restent en eau douce jusqu'à ce qu'ils soient prêts à migrer vers l'océan, sur des distances pouvant atteindre 1 600 km (1 000 mi). Son régime alimentaire se compose principalement de zooplancton. Le saumon rouge est sémelpare : il meurt après avoir frayé. Certaines populations, appelées kokanis, ne migrent pas vers l'océan et passent toute leur vie en eau douce.",紅鮭（Oncorhynchus nerka），英文又稱「red salmon」、「kokanee salmon」、「blueback salmon」，或簡稱「sockeye」，是一種溯河洄游的鮭魚，分佈於北太平洋及注入北太平洋的河流中。這是一種太平洋鮭魚，產卵期間體色以紅色為主。它們體長可達 84 公分（2 英尺 9 英寸），體重 2.3 至 7 公斤（5 至 15 磅）。幼魚會一直留在淡水中，直到準備好遷往海洋為止，遷徙距離可達 1600 公里（1000 英里）。它們的食物主要是浮游動物。紅鮭一生只繁殖一次，產卵後便會死亡。有些種群被稱為「kokanee」，它們不會洄游入海，而是終生生活在淡水中。,"ベニザケ（Oncorhynchus nerka）は、英語ではレッドサーモン、コカニー・サーモン、ブルーバック・サーモン、あるいは単に「ソッカイ」とも呼ばれ、北太平洋とそこに注ぐ河川に生息する遡河回遊性のサケの一種である。本種は太平洋のサケの一種で、産卵期には主に赤い体色になる。体長は最大84cm（2フィート9インチ）、体重は2.3～7kg（5～15ポンド）に成長する。稚魚は海へ下る準備が整うまで淡水域にとどまり、その移動距離は最大1,600km（1,000マイル）に及ぶ。餌は主に動物プランクトンである。ベニザケは一回繁殖型で、産卵を終えると死ぬ。ヒメマス（コカニー）と呼ばれる一部の個体群は海へ下らず、一生を淡水で過ごす。","O salmão-vermelho (Oncorhynchus nerka), também chamado em inglês ""red salmon"", ""kokanee salmon"", ""blueback salmon"" ou simplesmente ""sockeye"", é uma espécie anádroma de salmão que se encontra no norte do Oceano Pacífico e nos rios que nele desaguam. Esta espécie é um salmão do Pacífico de tonalidade predominantemente vermelha durante a desova. Pode atingir 84 cm (2 pés e 9 pol.) de comprimento e pesar de 2,3 a 7 kg (5-15 lb). Os juvenis permanecem em água doce até estarem prontos para migrar para o oceano, percorrendo distâncias de até 1.600 km (1.000 milhas). A sua dieta consiste sobretudo em zooplâncton. O salmão-vermelho é semélparo, morrendo após a desova. Algumas populações, chamadas kokanee, não migram para o oceano e vivem toda a vida em água doce.",红大马哈鱼（Oncorhynchus nerka），英文又称「red salmon」、「kokanee salmon」、「blueback salmon」，或简称「sockeye」，是一种溯河洄游的鲑鱼，分布于北太平洋及注入北太平洋的河流中。这是一种太平洋鲑鱼，产卵期间体色以红色为主。它们体长可达 84 公分（2 英尺 9 英寸），体重 2.3 至 7 公斤（5 至 15 磅）。幼鱼会一直留在淡水中，直到准备好迁往海洋为止，迁徙距离可达 1600 公里（1000 英里）。它们的食物主要是浮游动物。红大马哈鱼一生只繁殖一次，产卵后便会死亡。有些种群被称为「kokanee」，它们不会洄游入海，而是终生生活在淡水中。
str_fish_sockeyesalmon_fillet,Sockeye Salmon Fillet,Sockeye Salmon Fillet,Filet z lososa nerky,Rotlachsfilet,Филе нерки,Filet z łososia czerwonego,Vörös lazac filé,Filetto di salmone rosso,Filete de salmón rojo,Filet de saumon rouge,紅鮭魚片,ベニザケのフィレ,Filete de salmão-vermelho,红大马哈鱼片
str_fish_starfish,Starfish,Starfish,Hvězdice,Seestern,Морская звезда,Rozgwiazda,Tengeri csillag,Stella marina,Estrella de mar,Étoile de mer,海星,ヒトデ,Estrela-do-mar,海星
str_fish_starfish_desc,"Starfish or sea stars are star-shaped echinoderms belonging to the class Asteroidea. Common usage frequently finds these names being also applied to ophiuroids, which are correctly referred to as brittle stars or basket stars. Starfish are also known as asteroids due to being in the class Asteroidea. About 1,900 species of starfish live on the seabed in all the world's oceans, from warm, tropical zones to frigid, polar regions. They are found from the intertidal zone down to abyssal depths, at 6,000 m (20,000 ft) below the surface.","Starfish or sea stars are star-shaped echinoderms belonging to the class Asteroidea. Common usage frequently finds these names being also applied to ophiuroids, which are correctly referred to as brittle stars or basket stars. Starfish are also known as asteroids due to being in the class Asteroidea. About 1,900 species of starfish live on the seabed in all the world's oceans, from warm, tropical zones to frigid, polar regions. They are found from the intertidal zone down to abyssal depths, at 6,000 m (20,000 ft) below the surface.","Hvězdice, lidově též mořské hvězdice, jsou ostnokožci hvězdicovitého tvaru, kteří patří do třídy Asteroidea. V běžné řeči se tyto názvy často používají i pro zástupce třídy Ophiuroidea, které je správné nazývat hadice. Hvězdice se podle třídy Asteroidea označují také jako asteroidy. Na mořském dně všech světových oceánů, od teplých tropických oblastí po ledové polární kraje, žije asi 1 900 druhů hvězdic. Vyskytují se od přílivové zóny až po abysální hloubky 6 000 m (20 000 stop) pod hladinou.","Seesterne sind sternförmige Stachelhäuter aus der Klasse Asteroidea. Im allgemeinen Sprachgebrauch wird der Name häufig auch für Ophiuroiden verwendet, die korrekt als Schlangensterne oder Gorgonenhäupter bezeichnet werden. Wegen ihrer Zugehörigkeit zur Klasse Asteroidea werden Seesterne auch Asteroiden genannt. Etwa 1.900 Seesternarten leben auf dem Meeresgrund aller Ozeane der Welt, von warmen tropischen Zonen bis zu eisigen Polarregionen. Man findet sie von der Gezeitenzone bis hinab in abyssale Tiefen von 6.000 m (20.000 Fuß) unter der Oberfläche.","Морские звёзды — звездообразные иглокожие, относящиеся к классу Asteroidea. В обиходе это название часто распространяют и на офиур, которых правильно называть змеехвостками или горгоноцефалами. Поскольку морские звёзды относятся к классу Asteroidea, их называют также астероидеями. Около 1900 видов морских звёзд живут на морском дне во всех океанах мира — от тёплых тропических вод до холодных полярных областей. Они встречаются от приливно-отливной зоны до абиссальных глубин — 6000 м (20 000 футов) ниже поверхности.","Rozgwiazdy, czyli gwiazdy morskie, to szkarłupnie w kształcie gwiazdy, należące do gromady Asteroidea. W potocznym użyciu nazwy te często stosuje się również do Ophiuroidea, które poprawnie nazywa się wężowidłami (ang. ""brittle stars"" lub ""basket stars""). Rozgwiazdy bywają też nazywane asteroidami, ponieważ należą do gromady Asteroidea. Około 1900 gatunków rozgwiazd żyje na dnie morskim we wszystkich oceanach świata, od ciepłych stref tropikalnych po mroźne regiony polarne. Spotyka się je od strefy pływów aż po głębiny abysalne, 6000 m (20 000 stóp) pod powierzchnią.","A tengeri csillagok az Asteroidea osztályba tartozó, csillag alakú tüskésbőrűek. A köznyelv ezt az elnevezést gyakran a kígyókarúakra (Ophiuroidea) is használja, amelyek helyes angol neve ""brittle star"" vagy ""basket star"". Mivel az Asteroidea osztályba tartoznak, a tengeri csillagokat aszteroideáknak is nevezik. A tengeri csillagoknak mintegy 1900 faja él a tengerfenéken a világ összes óceánjában, a meleg trópusi övezetektől a fagyos sarkvidékekig. Az árapályzónától egészen az abisszális mélységekig, a felszín alatt 6000 m-ig (20 000 láb) megtalálhatók.","Le stelle marine, o stelle di mare, sono echinodermi a forma di stella appartenenti alla classe Asteroidea. Nell'uso comune questi nomi vengono spesso applicati anche agli ofiuroidei, che si chiamano più correttamente ofiure o stelle gorgone. Le stelle marine sono note anche come asteroidei, poiché appartengono alla classe Asteroidea. Circa 1.900 specie di stelle marine vivono sui fondali di tutti gli oceani del mondo, dalle calde zone tropicali alle gelide regioni polari. Si trovano dalla zona intertidale fino alle profondità abissali, a 6.000 m (20.000 piedi) sotto la superficie.","Las estrellas de mar son equinodermos con forma de estrella pertenecientes a la clase Asteroidea. En el uso común, este nombre se aplica a menudo también a los ofiuroideos, cuyo nombre correcto es ofiuras o estrellas canasta. Las estrellas de mar también se conocen como asteroideos por pertenecer a la clase Asteroidea. Unas 1.900 especies de estrellas de mar viven en el lecho marino de todos los océanos del mundo, desde las cálidas zonas tropicales hasta las gélidas regiones polares. Se encuentran desde la zona intermareal hasta profundidades abisales, a 6.000 m (20.000 pies) bajo la superficie.","Les étoiles de mer, ou astéries, sont des échinodermes en forme d'étoile appartenant à la classe des Asteroidea. Dans l'usage courant, ces noms sont souvent appliqués aussi aux ophiuroïdes, qu'il convient d'appeler ophiures ou gorgonocéphales. Les étoiles de mer sont également appelées astéroïdes, car elles appartiennent à la classe des Asteroidea. Environ 1 900 espèces d'étoiles de mer vivent sur les fonds marins de tous les océans du monde, des zones tropicales chaudes aux régions polaires glaciales. On les trouve de la zone intertidale jusqu'aux profondeurs abyssales, à 6 000 m (20 000 ft) sous la surface.",海星（英文作「starfish」或「sea star」）是屬於海星綱（Asteroidea）的星形棘皮動物。在日常用語中，這些名稱也常被用來指稱蛇尾綱動物，但後者的正確名稱應為蛇尾或筐蛇尾。由於屬於海星綱（Asteroidea），海星在英文中也被稱為「asteroids」。約有 1900 種海星生活在世界各大洋的海床上，從溫暖的熱帶海域到嚴寒的極地地區都有分佈。從潮間帶一直到海面以下 6000 米（20000 英尺）的深海，都能發現它們的蹤跡。,"ヒトデ（英語ではスターフィッシュまたはシースター）は、ヒトデ綱（Asteroidea）に属する星形の棘皮動物である。一般には、これらの名前がクモヒトデ綱の動物にも使われることがよくあるが、それらは正しくはブリトルスター（クモヒトデ類）またはバスケットスター（テヅルモヅル類）と呼ばれる。ヒトデはヒトデ綱（Asteroidea）に属することから、英語ではアステロイド（asteroid）とも呼ばれる。約1,900種のヒトデが、温暖な熱帯域から極寒の極域まで、世界中のすべての海の海底に生息している。潮間帯から、海面下6,000m（20,000フィート）の深海底まで見られる。","As estrelas-do-mar são equinodermes em forma de estrela pertencentes à classe Asteroidea. No uso comum, este nome é muitas vezes aplicado também aos ofiuroides, que se designam corretamente por estrelas-serpente ou estrelas-cesto. As estrelas-do-mar são também conhecidas como asteroides, por pertencerem à classe Asteroidea. Cerca de 1.900 espécies de estrelas-do-mar vivem no fundo do mar em todos os oceanos do mundo, desde as zonas tropicais quentes até às gélidas regiões polares. Encontram-se desde a zona entremarés até às profundidades abissais, a 6.000 m (20.000 pés) abaixo da superfície.",海星（英文作「starfish」或「sea star」）是属于海星纲（Asteroidea）的星形棘皮动物。在日常用语中，这些名称也常被用来指称蛇尾纲动物，但后者的正确名称应为蛇尾或筐蛇尾。由于属于海星纲（Asteroidea），海星在英文中也被称为「asteroids」。约有 1900 种海星生活在世界各大洋的海床上，从温暖的热带海域到严寒的极地地区都有分布。从潮间带一直到海面以下 6000 米（20000 英尺）的深海，都能发现它们的踪迹。
str_fish_redbreastsunfish,Redbreast Sunfish,Redbreast Sunfish,Slunečnice ušatá,Rotbrust-Sonnenbarsch,Красногрудый солнечник,Słonecznica rdzawobrzucha,Vörösmellű naphal,Persico sole pettorosso,Pez sol pechirrojo,Crapet rouge,紅胸太陽魚,レッドブレスト・サンフィッシュ,Peixe-sol-de-peito-vermelho,红胸太阳鱼
str_fish_redbreastsunfish_desc,"The redbreast sunfish (Lepomis auritus) is a freshwater fish of the sunfish family (Centrarchidae) in the order Centrarchiformes. It is native to rivers and streams on the Atlantic side of North America, from New Brunswick in Canada south to Florida, and has been introduced to many other waters. It prefers rocky and sandy pools in streams and rivers, as well as lake shores. Its back is olive to bronze, its cheeks carry blue-green streaks, and it has a long, narrow, black ear flap. Breeding males get a bright orange-red breast, which gives the species its name. It eats aquatic insects, crustaceans, snails and small fish, usually grows to 10–20 cm (4–8 in) and rarely passes 0.5 kg (1 lb). A popular panfish, it bites readily on worms, crickets and small spinners.","The redbreast sunfish (Lepomis auritus) is a freshwater fish of the sunfish family (Centrarchidae) in the order Centrarchiformes. It is native to rivers and streams on the Atlantic side of North America, from New Brunswick in Canada south to Florida, and has been introduced to many other waters. It prefers rocky and sandy pools in streams and rivers, as well as lake shores. Its back is olive to bronze, its cheeks carry blue-green streaks, and it has a long, narrow, black ear flap. Breeding males get a bright orange-red breast, which gives the species its name. It eats aquatic insects, crustaceans, snails and small fish, usually grows to 10–20 cm (4–8 in) and rarely passes 0.5 kg (1 lb). A popular panfish, it bites readily on worms, crickets and small spinners.","Slunečnice ušatá (Lepomis auritus) je sladkovodní ryba z čeledi okounkovitých (Centrarchidae) řádu Centrarchiformes. Pochází z řek a potoků na atlantské straně Severní Ameriky, od Nového Brunšviku v Kanadě na jih po Floridu, a byla vysazena do mnoha dalších vod. Vyhledává skalnaté a písčité tůně potoků a řek i břehy jezer. Hřbet má olivový až bronzový, na lících modrozelené proužky a skřele končí dlouhým, úzkým černým výběžkem, podle něhož dostala jméno ušatá. Samci v době tření mají jasně oranžovočervenou hruď. Živí se vodním hmyzem, korýši, plži a drobnými rybami, obvykle dorůstá 10–20 cm (4–8 palců) a jen zřídka přesáhne 0,5 kg (1 libru). Je to oblíbená rybka sportovních rybářů, která ochotně bere na žížaly, cvrčky a malé rotační třpytky.","Der Rotbrust-Sonnenbarsch (Lepomis auritus) ist ein Süßwasserfisch aus der Familie der Sonnenbarsche (Centrarchidae) in der Ordnung Centrarchiformes. Er stammt aus den Flüssen und Bächen der Atlantikseite Nordamerikas, von New Brunswick in Kanada bis nach Florida im Süden, und wurde in viele andere Gewässer eingeführt. Er bevorzugt felsige und sandige Gumpen in Bächen und Flüssen sowie Seeufer. Sein Rücken ist oliv- bis bronzefarben, die Wangen tragen blaugrüne Streifen, und der Kiemendeckel endet in einem langen, schmalen, schwarzen Lappen. Laichende Männchen bekommen eine leuchtend orangerote Brust, der die Art ihren Namen verdankt. Er frisst Wasserinsekten, Krebstiere, Schnecken und kleine Fische, wird meist 10–20 cm (4–8 Zoll) lang und wiegt selten mehr als 0,5 kg (1 lb). Als beliebter kleiner Angelfisch beißt er bereitwillig auf Würmer, Grillen und kleine Spinner.","Красногрудый солнечник (Lepomis auritus) — пресноводная рыба семейства центрарховых (Centrarchidae) отряда Centrarchiformes. Родом из рек и ручьёв атлантической стороны Северной Америки — от Нью-Брансуика в Канаде на юг до Флориды; его также вселили во многие другие водоёмы. Предпочитает каменистые и песчаные ямы ручьёв и рек, а также берега озёр. Спина у него оливковая или бронзовая, на щеках сине-зелёные полоски, а жаберная крышка заканчивается длинным узким чёрным выростом. У самцов в нерестовый период грудь становится ярко-оранжево-красной, отсюда и название вида. Питается водными насекомыми, ракообразными, улитками и мелкой рыбой, обычно вырастает до 10–20 см (4–8 дюймов) и редко бывает тяжелее 0,5 кг (1 фунта). Это популярная добыча рыболовов-любителей, охотно берущая на червя, сверчков и небольшие вертушки.","Słonecznica rdzawobrzucha (Lepomis auritus) to słodkowodna ryba z rodziny bassowatych (Centrarchidae) z rzędu Centrarchiformes. Pochodzi z rzek i strumieni atlantyckiej części Ameryki Północnej, od Nowego Brunszwiku w Kanadzie na południe po Florydę, i została wprowadzona do wielu innych wód. Preferuje skaliste i piaszczyste głęboczki w strumieniach i rzekach oraz brzegi jezior. Grzbiet ma oliwkowy do brązowego, na policzkach niebieskozielone smugi, a pokrywa skrzelowa kończy się długim, wąskim, czarnym płatkiem. W okresie tarła samce mają jaskrawą, pomarańczowoczerwoną pierś, od której gatunek wziął nazwę. Żywi się owadami wodnymi, skorupiakami, ślimakami i małymi rybami, zwykle dorasta do 10–20 cm (4–8 cali) i rzadko przekracza 0,5 kg (1 funta). To popularna ryba wędkarska, która chętnie bierze na robaki, świerszcze i małe błystki obrotowe.","A vörösmellű naphal (Lepomis auritus) a Centrarchiformes rend díszsügérfélék (Centrarchidae) családjába tartozó édesvízi hal. Észak-Amerika atlanti oldalának folyóiban és patakjaiban őshonos, a kanadai New Brunswicktól délen Floridáig, és sok más vízbe is betelepítették. A patakok és folyók köves vagy homokos aljzatú, mélyebb szakaszait, valamint a tavak partjait kedveli. Háta olívzöld vagy bronzszínű, pofáján kékeszöld csíkok húzódnak, kopoltyúfedője pedig hosszú, keskeny, fekete lebenyben végződik. Az ívó hímek melle élénk narancsvörös lesz, innen kapta a faj a nevét. Vízi rovarokkal, rákokkal, csigákkal és apró halakkal táplálkozik, többnyire 10–20 cm (4–8 hüvelyk) hosszúra nő, és ritkán nehezebb 0,5 kg-nál (1 fontnál). Kedvelt horgászhal, szívesen kap gilisztára, tücsökre és kis körforgó villantókra.","Il persico sole pettorosso (Lepomis auritus) è un pesce d'acqua dolce della famiglia dei centrarchidi (Centrarchidae), ordine Centrarchiformes. È originario dei fiumi e dei torrenti del versante atlantico del Nord America, dal Nuovo Brunswick, in Canada, fino alla Florida, ed è stato introdotto in molte altre acque. Predilige le buche rocciose e sabbiose di torrenti e fiumi e le rive dei laghi. Il dorso va dal verde oliva al bronzo, le guance hanno striature blu-verdi e l'opercolo termina con un lembo nero, lungo e stretto. In periodo riproduttivo i maschi sfoggiano un petto arancione-rosso acceso, da cui la specie prende il nome. Si nutre di insetti acquatici, crostacei, chiocciole e piccoli pesci, di solito misura 10–20 cm (4–8 pollici) e raramente supera 0,5 kg (1 libbra). È un pesce molto apprezzato nella pesca sportiva e abbocca volentieri a vermi, grilli e piccoli rotanti.","El pez sol pechirrojo (Lepomis auritus) es un pez de agua dulce de la familia de los peces sol (Centrarchidae), del orden Centrarchiformes. Es originario de los ríos y arroyos de la vertiente atlántica de Norteamérica, desde Nuevo Brunswick, en Canadá, hasta Florida, y se ha introducido en muchas otras aguas. Prefiere las pozas rocosas y arenosas de arroyos y ríos, así como las orillas de los lagos. Tiene el dorso de color oliva a bronce, franjas verdiazuladas en las mejillas y un opérculo que termina en un lóbulo negro, largo y estrecho. En época de cría, los machos lucen un pecho rojo anaranjado intenso, que da nombre a la especie. Se alimenta de insectos acuáticos, crustáceos, caracoles y peces pequeños, suele medir 10–20 cm (4–8 pulgadas) y rara vez supera los 0,5 kg (1 libra). Es un pez muy apreciado en la pesca deportiva y pica con facilidad con lombrices, grillos y pequeñas cucharillas giratorias.","Le crapet rouge (Lepomis auritus) est un poisson d'eau douce de la famille des centrarchidés (Centrarchidae), dans l'ordre des Centrarchiformes. Il est originaire des rivières et ruisseaux du versant atlantique de l'Amérique du Nord, du Nouveau-Brunswick, au Canada, jusqu'en Floride, et a été introduit dans de nombreuses autres eaux. Il fréquente les fosses rocheuses et sablonneuses des ruisseaux et des rivières, ainsi que les rives des lacs. Son dos va de l'olive au bronze, ses joues portent des stries bleu-vert et son opercule se prolonge par un lobe noir, long et étroit. En période de fraie, les mâles arborent une poitrine d'un rouge orangé éclatant, d'où le nom de l'espèce. Il se nourrit d'insectes aquatiques, de crustacés, d'escargots et de petits poissons, mesure généralement 10 à 20 cm (4 à 8 in) et dépasse rarement 0,5 kg (1 lb). Très apprécié des pêcheurs, il mord volontiers aux vers, aux grillons et aux petites cuillers tournantes.",紅胸太陽魚（Lepomis auritus）是棘臀魚目（Centrarchiformes）太陽魚科（Centrarchidae）的一種淡水魚，原產於北美洲大西洋一側的河流和溪流，從加拿大的新不倫瑞克省向南一直到佛羅里達州，並已被引入許多其他水域。它偏好溪流和河流中多岩石或沙質的深潭，也見於湖岸。它的背部呈橄欖色至古銅色，臉頰上有藍綠色條紋，鰓蓋末端延伸成一片細長的黑色耳狀瓣。繁殖期的雄魚胸部會變成鮮豔的橙紅色，這也是其名稱的由來。它以水生昆蟲、甲殼類、螺類和小魚為食，體長通常為 10 至 20 公分（4 至 8 英寸），體重很少超過 0.5 公斤（1 磅）。它是廣受歡迎的小型垂釣魚種，很容易用蚯蚓、蟋蟀和小型旋轉亮片釣到。,レッドブレスト・サンフィッシュ（Lepomis auritus）は、サンフィッシュ目（Centrarchiformes）サンフィッシュ科（Centrarchidae）に属する淡水魚である。北アメリカの大西洋側の河川や小川に自然分布し、カナダのニューブランズウィック州から南はフロリダ州まで見られるほか、ほかの多くの水域にも移入されている。小川や川の岩や砂の多い淵、湖岸を好む。背中はオリーブ色から青銅色で、頬には青緑色の筋があり、えらぶたの後端は黒く細長い耳たぶ状に伸びる。繁殖期のオスは胸が鮮やかな橙赤色になり、これが名前の由来である。水生昆虫、甲殻類、巻貝、小魚を食べ、全長はふつう10～20cm（4～8インチ）で、体重が0.5kg（1ポンド）を超えることはまれである。人気のパンフィッシュで、ミミズやコオロギ、小型のインラインスピナーによく食いつく。,"O peixe-sol-de-peito-vermelho (Lepomis auritus) é um peixe de água doce da família dos peixes-sol (Centrarchidae), da ordem Centrarchiformes. É nativo dos rios e ribeiros da vertente atlântica da América do Norte, desde o Novo Brunswick, no Canadá, até à Flórida, e foi introduzido em muitas outras águas. Prefere os pegos rochosos e arenosos de ribeiros e rios, bem como as margens dos lagos. O dorso vai do verde-azeitona ao bronze, as faces apresentam riscas azul-esverdeadas e o opérculo termina num lóbulo negro, comprido e estreito. Na época de reprodução, os machos exibem um peito vermelho-alaranjado vivo, que dá nome à espécie. Alimenta-se de insetos aquáticos, crustáceos, caracóis e pequenos peixes, mede geralmente 10–20 cm (4–8 polegadas) e raramente ultrapassa 0,5 kg (1 lb). É um peixe muito procurado na pesca desportiva e morde facilmente em minhocas, grilos e pequenos spinners.",红胸太阳鱼（Lepomis auritus）是棘臀鱼目（Centrarchiformes）太阳鱼科（Centrarchidae）的一种淡水鱼，原产于北美洲大西洋一侧的河流和溪流，从加拿大的新不伦瑞克省向南一直到佛罗里达州，并已被引入许多其他水域。它偏好溪流和河流中多岩石或沙质的深潭，也见于湖岸。它的背部呈橄榄色至古铜色，脸颊上有蓝绿色条纹，鳃盖末端延伸成一片细长的黑色耳状瓣。繁殖期的雄鱼胸部会变成鲜艳的橙红色，这也是其名称的由来。它以水生昆虫、甲壳类、螺类和小鱼为食，体长通常为 10 至 20 公分（4 至 8 英寸），体重很少超过 0.5 公斤（1 磅）。它是广受欢迎的小型垂钓鱼种，很容易用蚯蚓、蟋蟀和小型旋转亮片钓到。
str_fish_redbreastsunfish_fillet,Redbreast Sunfish Fillet,Redbreast Sunfish Fillet,Filet ze slunečnice ušaté,Rotbrust-Sonnenbarsch-Filet,Филе красногрудого солнечника,Filet ze słonecznicy rdzawobrzuchej,Vörösmellű naphal filé,Filetto di persico sole pettorosso,Filete de pez sol pechirrojo,Filet de crapet rouge,紅胸太陽魚片,レッドブレスト・サンフィッシュのフィレ,Filete de peixe-sol-de-peito-vermelho,红胸太阳鱼片
str_fish_walleye,Walleye,Walleye,Candát americký,Glasaugenbarsch,Светлопёрый судак,Sandacz amerykański,Amerikai süllő,Lucioperca americana,Lucioperca americana,Doré jaune,玻璃梭鱸,ウォールアイ,Olho-de-vidro,玻璃梭鲈
str_fish_walleye_desc,"The walleye (Sander vitreus, synonym Stizostedion vitreum), also called the yellow pike or yellow pickerel, is a freshwater perciform fish native to most of Canada and to the Northern United States. It is a North American close relative of the European zander, also known as the pikeperch. The walleye is sometimes called the yellow walleye to distinguish it from the blue walleye, which is a color morph that was once found in the southern Ontario and Quebec regions, but is now presumed extinct.","The walleye (Sander vitreus, synonym Stizostedion vitreum), also called the yellow pike or yellow pickerel, is a freshwater perciform fish native to most of Canada and to the Northern United States. It is a North American close relative of the European zander, also known as the pikeperch. The walleye is sometimes called the yellow walleye to distinguish it from the blue walleye, which is a color morph that was once found in the southern Ontario and Quebec regions, but is now presumed extinct.","Candát americký (Sander vitreus, synonymum Stizostedion vitreum), anglicky nazývaný také ""yellow pike"" nebo ""yellow pickerel"", je sladkovodní ostnoploutvá ryba původní ve většině Kanady a na severu Spojených států. Je severoamerickým blízkým příbuzným evropského candáta obecného. Candát americký se někdy nazývá ""yellow walleye"", aby se odlišil od candáta modrého, barevné formy, která se kdysi vyskytovala v oblastech jižního Ontaria a Québecu, ale dnes je považována za vyhynulou.","Der Glasaugenbarsch (Sander vitreus, Synonym Stizostedion vitreum), im Englischen auch ""yellow pike"" oder ""yellow pickerel"" genannt, ist ein barschartiger Süßwasserfisch, der in den meisten Teilen Kanadas und im Norden der Vereinigten Staaten heimisch ist. Er ist ein naher nordamerikanischer Verwandter des europäischen Zanders, der auch Hechtbarsch genannt wird. Der Glasaugenbarsch wird manchmal ""yellow walleye"" genannt, um ihn vom ""blue walleye"" zu unterscheiden, einer Farbvariante, die früher im Süden Ontarios und Quebecs vorkam, heute aber als ausgestorben gilt.","Светлопёрый судак (Sander vitreus, синоним Stizostedion vitreum), в английском также ""yellow pike"" или ""yellow pickerel"", — пресноводная окунеобразная рыба, обитающая на большей части Канады и на севере США. Это близкий североамериканский родственник европейского обыкновенного судака (в английском ""zander"" или ""pikeperch""). Светлопёрого судака иногда называют ""yellow walleye"", чтобы отличать его от ""blue walleye"" — цветовой формы, которая когда-то встречалась на юге Онтарио и Квебека, но сейчас считается вымершей.","Sandacz amerykański (Sander vitreus, synonim Stizostedion vitreum), po angielsku zwany też ""yellow pike"" lub ""yellow pickerel"", to słodkowodna ryba okoniokształtna występująca naturalnie w większości Kanady i w północnych Stanach Zjednoczonych. Jest bliskim północnoamerykańskim krewnym europejskiego sandacza (ang. ""zander"" lub ""pikeperch""). Sandacza amerykańskiego nazywa się czasem ""yellow walleye"", aby odróżnić go od ""blue walleye"", odmiany barwnej, która występowała niegdyś w południowej części Ontario i Quebecu, a obecnie uważana jest za wymarłą.","Az amerikai süllő (Sander vitreus, szinonimája Stizostedion vitreum), angolul ""yellow pike"" vagy ""yellow pickerel"" néven is ismert, Kanada nagy részén és az Egyesült Államok északi részén őshonos édesvízi, sügéralakú hal. Az európai süllő (angolul ""zander"" vagy ""pikeperch"") közeli észak-amerikai rokona. Az amerikai süllőt néha ""yellow walleye"" néven is emlegetik, megkülönböztetésül a ""blue walleye"" néven ismert kék színváltozattól, amely egykor Ontario és Québec déli részén fordult elő, de ma már feltehetően kihalt.","La lucioperca americana (Sander vitreus, sinonimo Stizostedion vitreum), chiamata anche ""yellow pike"" o ""yellow pickerel"", è un pesce perciforme d'acqua dolce originario di gran parte del Canada e degli Stati Uniti settentrionali. È una stretta parente nordamericana della lucioperca europea, detta anche sandra. La lucioperca americana è talvolta chiamata ""yellow walleye"" per distinguerla dal ""blue walleye"", una variante cromatica che un tempo si trovava nelle regioni meridionali dell'Ontario e del Québec, ma che oggi si presume estinta.","La lucioperca americana (Sander vitreus, sinónimo Stizostedion vitreum), también llamada en inglés ""yellow pike"" o ""yellow pickerel"", es un pez perciforme de agua dulce originario de la mayor parte de Canadá y del norte de Estados Unidos. Es una pariente cercana norteamericana de la lucioperca europea, también conocida simplemente como lucioperca. A veces se la llama en inglés ""yellow walleye"" para distinguirla de la ""blue walleye"", una variante de color que antes se encontraba en el sur de Ontario y Quebec, pero que hoy se da por extinguida.","Le doré jaune (Sander vitreus, synonyme Stizostedion vitreum), aussi appelé en anglais ""yellow pike"" ou ""yellow pickerel"", est un poisson perciforme d'eau douce originaire de la majeure partie du Canada et du nord des États-Unis. C'est un proche parent nord-américain du sandre d'Europe, aussi appelé ""pikeperch"" en anglais. Le doré est parfois appelé doré jaune pour le distinguer du doré bleu, une forme de couleur que l'on trouvait autrefois dans le sud de l'Ontario et du Québec, mais qui est aujourd'hui présumée éteinte.",玻璃梭鱸（Sander vitreus，異名 Stizostedion vitreum），英文又稱「yellow pike」或「yellow pickerel」，是一種淡水鱸形目魚類，原產於加拿大大部分地區和美國北部。它是歐洲白梭吻鱸（又稱梭鱸）在北美洲的近親。玻璃梭鱸有時也被稱為「yellow walleye」，以便與「blue walleye」區分；後者是一種體色變異型，曾見於安大略省南部和魁北克地區，但現在推測已經滅絕。,ウォールアイ（Sander vitreus、シノニム Stizostedion vitreum）は、イエローパイクやイエローピッカレルとも呼ばれる、カナダの大部分とアメリカ北部を原産とするスズキ目の淡水魚である。ヨーロッパのザンダー（パイクパーチとも呼ばれる）に近縁な北アメリカの魚である。ウォールアイは、ブルー・ウォールアイと区別するためにイエロー・ウォールアイと呼ばれることもある。ブルー・ウォールアイは、かつてオンタリオ州南部やケベック州で見られた体色変異型だが、現在では絶滅したと考えられている。,"O olho-de-vidro (Sander vitreus, sinónimo Stizostedion vitreum), também chamado em inglês ""yellow pike"" ou ""yellow pickerel"", é um peixe perciforme de água doce nativo da maior parte do Canadá e do norte dos Estados Unidos. É um parente próximo norte-americano da lucioperca europeia (em inglês ""zander"" ou ""pikeperch""). O olho-de-vidro é por vezes chamado ""yellow walleye"" para o distinguir do ""blue walleye"", uma variante de cor que existia outrora nas regiões do sul do Ontário e do Quebeque, mas que hoje se presume extinta.",玻璃梭鲈（Sander vitreus，异名 Stizostedion vitreum），英文又称「yellow pike」或「yellow pickerel」，是一种淡水鲈形目鱼类，原产于加拿大大部分地区和美国北部。它是欧洲白梭吻鲈（又称梭鲈）在北美洲的近亲。玻璃梭鲈有时也被称为「yellow walleye」，以便与「blue walleye」区分；后者是一种体色变异型，曾见于安大略省南部和魁北克地区，但现在推测已经灭绝。
str_fish_walleye_fillet,Walleye Fillet,Walleye Fillet,Filet z candáta amerického,Glasaugenbarschfilet,Филе светлопёрого судака,Filet z sandacza amerykańskiego,Amerikai süllő filé,Filetto di lucioperca americana,Filete de lucioperca americana,Filet de doré jaune,玻璃梭鱸魚片,ウォールアイ・フィレ,Filete de olho-de-vidro,玻璃梭鲈鱼片
str_fish_whitebass,White Bass,White Bass,Mořčák stříbřitý,Weißbarsch,Белый окунь,Bass biały,Fehér sügér,Spigola bianca,Lubina blanca,Bar blanc,白鱸魚,ホワイト・バス,Robalo branco,白鲈
str_fish_whitebass_desc,"The white bass, silver bass, or sand bass (Morone chrysops) is a freshwater fish of the temperate bass family Moronidae. commonly around 12-15 inches long. The species' main color is silver-white to pale green. Its back is dark, with white sides and belly, and with narrow dark stripes running lengthwise on its sides. It has large, rough scales and two dorsal fins. They are widely distributed across North America, inhabiting large reservoirs and rivers. When mating in the spring, they are more often found in shallow rivers, creeks, and streams. They have been introduced in some places as sport fish and also to predate on nuisance fish, such as gizzard shad. It is the state fish of Oklahoma.","The white bass, silver bass, or sand bass (Morone chrysops) is a freshwater fish of the temperate bass family Moronidae. It is commonly around 12-15 inches long. The species' main color is silver-white to pale green. Its back is dark, with white sides and belly, and with narrow dark stripes running lengthwise on its sides. It has large, rough scales and two dorsal fins. They are widely distributed across North America, inhabiting large reservoirs and rivers. When mating in the spring, they are more often found in shallow rivers, creeks, and streams. They have been introduced in some places as sport fish and also to predate on nuisance fish, such as gizzard shad. It is the state fish of Oklahoma.","Mořčák stříbřitý (Morone chrysops), anglicky též ""silver bass"" nebo ""sand bass"", je sladkovodní ryba z čeledi mořčákovitých (Moronidae). Obvykle měří kolem 12-15 palců. Základní barva tohoto druhu je stříbřitě bílá až světle zelená. Hřbet je tmavý, boky a břicho bílé a po bocích se podélně táhnou úzké tmavé pruhy. Má velké, drsné šupiny a dvě hřbetní ploutve. Bílí okouni jsou široce rozšířeni po celé Severní Americe, kde obývají velké nádrže a řeky. V době páření na jaře se častěji zdržují v mělkých řekách, potocích a říčkách. Na některých místech byli vysazeni jako sportovní ryba a také proto, aby požírali nežádoucí ryby, jako je Dorosoma cepedianum (anglicky ""gizzard shad""). Je státní rybou Oklahomy.","Der Weißbarsch (Morone chrysops), im Englischen auch ""silver bass"" oder ""sand bass"" genannt, ist ein Süßwasserfisch aus der Familie der Wolfsbarsche (Moronidae) und wird meist etwa 12-15 Zoll lang. Die Grundfarbe der Art ist silbrig-weiß bis blassgrün. Der Rücken ist dunkel, Flanken und Bauch sind weiß, und an den Seiten verlaufen schmale dunkle Längsstreifen. Er hat große, raue Schuppen und zwei Rückenflossen. Die Fische sind in ganz Nordamerika weit verbreitet und bewohnen große Stauseen und Flüsse. Zur Paarungszeit im Frühjahr findet man sie häufiger in flachen Flüssen, Bächen und kleinen Wasserläufen. An manchen Orten wurden sie als Sportfische eingeführt, aber auch, um Jagd auf unerwünschte Fische wie Dorosoma cepedianum zu machen. Der Weißbarsch ist der Staatsfisch von Oklahoma.","Белый окунь (Morone chrysops), в английском также ""silver bass"" или ""sand bass"", — пресноводная рыба семейства мороновых (Moronidae). Обычно достигает 12–15 дюймов в длину. Основной цвет — от серебристо-белого до бледно-зелёного. Спина тёмная, бока и брюхо белые, вдоль боков тянутся узкие тёмные полосы. У него крупная шероховатая чешуя и два спинных плавника. Вид широко распространён по всей Северной Америке и населяет крупные водохранилища и реки. Во время весеннего нереста его чаще можно встретить в мелких реках, ручьях и речках. В некоторых местах его вселили как объект спортивной рыбалки, а также для истребления сорной рыбы, например Dorosoma cepedianum (в английском ""gizzard shad""). Это официальная рыба штата Оклахома.","Bass biały (Morone chrysops), po angielsku nazywany też ""silver bass"" lub ""sand bass"", to ryba słodkowodna z rodziny moronowatych (Moronidae). Zwykle mierzy około 12-15 cali długości. Podstawowe ubarwienie tego gatunku jest srebrzystobiałe do bladozielonego. Grzbiet jest ciemny, boki i brzuch białe, a wzdłuż boków biegną wąskie ciemne paski. Ma duże, szorstkie łuski i dwie płetwy grzbietowe. Gatunek ten jest szeroko rozpowszechniony w Ameryce Północnej, gdzie zamieszkuje duże zbiorniki zaporowe i rzeki. W okresie godów, wiosną, częściej spotyka się go w płytkich rzekach, strumieniach i potokach. W niektórych miejscach wprowadzono go jako rybę wędkarską, a także po to, by polował na niepożądane ryby, takie jak ""gizzard shad"" (Dorosoma cepedianum). Jest rybą stanową Oklahomy.","A fehér sügér (Morone chrysops), angolul ""silver bass"" vagy ""sand bass"" néven is ismert, a Moronidae családba tartozó édesvízi hal. Általában körülbelül 12-15 hüvelyk hosszú. Fő színe az ezüstösfehértől a halványzöldig terjed. Háta sötét, oldala és hasa fehér, oldalán hosszanti irányban keskeny sötét csíkok futnak. Pikkelyei nagyok és érdesek, két hátúszója van. Észak-Amerikában széles körben elterjedt, nagy víztározókban és folyókban él. A tavaszi párzási időszakban gyakrabban található sekély folyókban, patakokban és csermelyekben. Egyes helyekre sporthalként telepítették be, illetve azért, hogy a kártékony halakat, például a Dorosoma cepedianum állományait gyérítse. Oklahoma állami hala.","La spigola bianca (Morone chrysops), detta anche, in inglese, ""silver bass"" o ""sand bass"", è un pesce d'acqua dolce della famiglia dei moronidi (Moronidae), lungo di solito circa 12-15 pollici. Il colore principale della specie va dal bianco argenteo al verde pallido. Il dorso è scuro, i fianchi e il ventre sono bianchi e sui fianchi corrono strette strisce scure longitudinali. Ha squame grandi e ruvide e due pinne dorsali. È ampiamente diffusa in tutto il Nord America, dove vive in grandi bacini artificiali e fiumi. Durante l'accoppiamento, in primavera, si trova più spesso in fiumi, torrenti e ruscelli poco profondi. In alcune località è stata introdotta come pesce sportivo e anche per predare pesci indesiderati, come il ""gizzard shad"". È il pesce simbolo dello stato dell'Oklahoma.","La lubina blanca (Morone chrysops), también llamada en inglés ""silver bass"" o ""sand bass"", es un pez de agua dulce de la familia de los morónidos (Moronidae) que suele medir entre 12 y 15 pulgadas de largo. El color principal de la especie va del blanco plateado al verde pálido. Tiene el dorso oscuro, los costados y el vientre blancos, y estrechas rayas oscuras que recorren longitudinalmente los costados. Sus escamas son grandes y ásperas, y tiene dos aletas dorsales. Está ampliamente distribuida por Norteamérica, donde habita en grandes embalses y ríos. Cuando se aparea, en primavera, se encuentra con más frecuencia en ríos poco profundos, arroyos y riachuelos. Se ha introducido en algunos lugares como pez de pesca deportiva y también para que se alimente de peces indeseados, como la sardina molleja. Es el pez estatal de Oklahoma.","Le bar blanc (Morone chrysops), aussi appelé ""silver bass"" ou ""sand bass"" en anglais, est un poisson d'eau douce de la famille des bars tempérés, les Moronidae. Il mesure couramment de 12 à 15 pouces de long. Sa couleur dominante va du blanc argenté au vert pâle. Son dos est sombre, ses flancs et son ventre sont blancs, et d'étroites rayures sombres parcourent ses flancs dans le sens de la longueur. Il possède de grandes écailles rugueuses et deux nageoires dorsales. L'espèce est largement répandue en Amérique du Nord, dans les grands réservoirs et les rivières. Au moment de la reproduction, au printemps, on la trouve plus souvent dans les rivières peu profondes, les ruisseaux et les petits cours d'eau. Elle a été introduite à certains endroits comme poisson sportif, ainsi que pour s'attaquer aux poissons indésirables comme l'alose à gésier. C'est le poisson emblème de l'Oklahoma.",白鱸魚（Morone chrysops），英文又稱「silver bass」或「sand bass」，是狼鱸科（Moronidae）的一種淡水魚，體長通常約為 12 至 15 英寸。這個物種的主要體色為銀白色至淡綠色。它的背部顏色較深，體側和腹部為白色，體側有縱向的狹窄深色條紋。它的鱗片大而粗糙，有兩個背鰭。它們廣泛分佈於北美洲，棲息在大型水庫和河流中。春季交配時，它們更常出現在淺水河流、小溪和溪流中。在一些地方，人們引入它們作為垂釣魚種，也用來捕食「gizzard shad」（Dorosoma cepedianum）等有害魚類。它是俄克拉何馬州的州魚。,ホワイト・バス（Morone chrysops）は、英語ではシルバー・バスやサンド・バスとも呼ばれる、温帯性のバス類からなるモロネ科（Moronidae）の淡水魚で、体長は12～15インチ前後のものが多い。体色は主に銀白色から淡い緑色である。背は暗色で、体側と腹は白く、体側には細い暗色の縞が体に沿って何本も走っている。大きくざらざらした鱗と2基の背びれをもつ。北アメリカに広く分布し、大きな貯水池や河川に生息する。春の繁殖期には、浅い川や小川、渓流で見られることが多くなる。釣りの対象魚として、またギザードシャッドなどの厄介な魚を捕食させるために移入された場所もある。オクラホマ州の州魚である。,"O robalo branco (Morone chrysops), também chamado em inglês ""silver bass"" ou ""sand bass"", é um peixe de água doce da família dos robalos de águas temperadas, Moronidae. Mede normalmente cerca de 12-15 polegadas de comprimento. A cor principal da espécie vai do branco-prateado ao verde-pálido. O dorso é escuro, os flancos e o ventre são brancos, e tem riscas escuras estreitas que percorrem os flancos no sentido do comprimento. Tem escamas grandes e ásperas e duas barbatanas dorsais. Está amplamente distribuído pela América do Norte, onde habita grandes reservatórios e rios. Na época de acasalamento, na primavera, encontra-se mais frequentemente em rios, ribeiros e riachos pouco profundos. Foi introduzido em alguns locais como peixe de pesca desportiva e também para predar peixes indesejáveis, como Dorosoma cepedianum. É o peixe-símbolo do estado de Oklahoma.",白鲈（Morone chrysops），英文又称「silver bass」或「sand bass」，是狼鲈科（Moronidae）的一种淡水鱼，体长通常约为 12 至 15 英寸。这个物种的主要体色为银白色至淡绿色。它的背部颜色较深，体侧和腹部为白色，体侧有纵向的狭窄深色条纹。它的鳞片大而粗糙，有两个背鳍。它们广泛分布于北美洲，栖息在大型水库和河流中。春季交配时，它们更常出现在浅水河流、小溪和溪流中。在一些地方，人们引入它们作为垂钓鱼种，也用来捕食「gizzard shad」（Dorosoma cepedianum）等有害鱼类。它是俄克拉何马州的州鱼。
str_fish_whitebass_fillet,White Bass Fillet,White Bass Fillet,Filet z mořčáka stříbřitého,Weißbarschfilet,Филе белого окуня,Filet z bassa białego,Fehér sügér filé,Filetto di spigola bianca,Filete de lubina blanca,Filet de bar blanc,白鱸魚片,ホワイトバスフィレ,Filete de robalo branco,白鲈鱼片
str_fish_yellowfintuna,Yellowfin Tuna,Yellowfin Tuna,Tuňák žlutoploutvý,Gelbflossen-Thunfisch,Желтоперый тунец,Tuńczyk żółtopłetwy,Sárgaúszójú tonhal,Tonno pinna gialla,Atún de aleta amarilla,Thon à nageoires jaunes,黃鰭金槍魚,キハダマグロ,Atum albacora,黄鳍金枪鱼
str_fish_yellowfintuna_desc,"The yellowfin tuna (Thunnus albacares) is a species of tuna found in pelagic waters of tropical and subtropical oceans worldwide.

Yellowfin is often marketed as ahi, from the Hawaiian ?ahi, a name also used there for the closely related bigeye tuna. The species name, albacares (""white meat"") can also lead to confusion: in English, the albacore (Thunnus alalunga) is a different species, while yellowfin is officially designated albacore in French and referred to as albacora by Portuguese fishermen.

The yellowfin tuna is among the larger tuna species, reaching weights over 180 kg (400 lb), but is significantly smaller than the Atlantic and Pacific bluefin tunas, which can reach over 450 kg (990 lb), and slightly smaller than the bigeye tuna and the southern bluefin tuna.","The yellowfin tuna (Thunnus albacares) is a species of tuna found in pelagic waters of tropical and subtropical oceans worldwide.

Yellowfin is often marketed as ahi, from the Hawaiian 'ahi, a name also used there for the closely related bigeye tuna. The species name, albacares (""white meat"") can also lead to confusion: in English, the albacore (Thunnus alalunga) is a different species, while yellowfin is officially designated albacore in French and referred to as albacora by Portuguese fishermen.

The yellowfin tuna is among the larger tuna species, reaching weights over 180 kg (400 lb), but is significantly smaller than the Atlantic and Pacific bluefin tunas, which can reach over 450 kg (990 lb), and slightly smaller than the bigeye tuna and the southern bluefin tuna.","Tuňák žlutoploutvý (Thunnus albacares) je druh tuňáka, který se vyskytuje v pelagických vodách tropických a subtropických oceánů po celém světě.

Tuňák žlutoploutvý se často prodává pod názvem ahi, z havajského 'ahi, což je název, který se tam používá i pro blízce příbuzného tuňáka velkookého. K záměně může vést i druhové jméno albacares (""bílé maso""): v angličtině se jako albacore označuje jiný druh, tuňák křídlatý (Thunnus alalunga), zatímco tuňák žlutoploutvý je ve francouzštině oficiálně nazýván albacore a portugalští rybáři mu říkají albacora.

Tuňák žlutoploutvý patří mezi větší druhy tuňáků a dosahuje hmotnosti přes 180 kg (400 liber), je však výrazně menší než atlantský tuňák obecný a tuňák pacifický, kteří mohou vážit přes 450 kg (990 liber), a o něco menší než tuňák velkooký a tuňák australský.","Der Gelbflossen-Thunfisch (Thunnus albacares) ist eine Thunfischart, die weltweit in den pelagischen Gewässern tropischer und subtropischer Ozeane vorkommt.

Gelbflossen-Thunfisch wird oft unter dem Namen ""Ahi"" vermarktet, nach dem hawaiischen 'ahi, einem Namen, der dort auch für den eng verwandten Großaugen-Thunfisch verwendet wird. Auch der Artname albacares (""weißes Fleisch"") kann zu Verwechslungen führen: Im Englischen bezeichnet ""albacore"" eine andere Art, den Weißen Thun (Thunnus alalunga), während der Gelbflossen-Thunfisch im Französischen offiziell ""albacore"" heißt und von portugiesischen Fischern ""albacora"" genannt wird.

Der Gelbflossen-Thunfisch gehört zu den größeren Thunfischarten und erreicht Gewichte von über 180 kg (400 lb). Er ist jedoch deutlich kleiner als der Atlantische und der Pazifische Blauflossen-Thunfisch, die über 450 kg (990 lb) schwer werden können, und etwas kleiner als der Großaugen-Thunfisch und der Südliche Blauflossen-Thunfisch.","Желтопёрый тунец (Thunnus albacares) — вид тунцов, обитающий в пелагических водах тропических и субтропических океанов по всему миру.

Желтопёрого тунца часто продают под названием ""ахи"" — от гавайского 'ahi; на Гавайях так называют и близкородственного большеглазого тунца. Видовое название albacares (""белое мясо"") тоже может сбивать с толку: в английском albacore — это другой вид, длинноперый тунец (Thunnus alalunga), тогда как во французском желтопёрый тунец официально называется albacore, а португальские рыбаки называют его albacora.

Желтопёрый тунец — один из наиболее крупных тунцов: он достигает веса более 180 кг (400 фунтов), но заметно уступает атлантическому и тихоокеанскому синим тунцам, которые могут весить более 450 кг (990 фунтов), и немного уступает большеглазому и южному синему тунцам.","Tuńczyk żółtopłetwy (Thunnus albacares) to gatunek tuńczyka występujący w wodach pelagicznych oceanów tropikalnych i subtropikalnych na całym świecie.

Tuńczyk żółtopłetwy jest często sprzedawany pod nazwą ahi, od hawajskiego 'ahi, nazwy używanej tam również dla blisko spokrewnionego tuńczyka wielkookiego. Do nieporozumień może też prowadzić nazwa gatunkowa albacares (""białe mięso""): w języku angielskim albacore oznacza inny gatunek, tuńczyka białego (Thunnus alalunga), natomiast po francusku tuńczyk żółtopłetwy oficjalnie nazywa się albacore, a portugalscy rybacy nazywają go albacora.

Tuńczyk żółtopłetwy należy do większych gatunków tuńczyków i osiąga masę ponad 180 kg (400 funtów), jest jednak znacznie mniejszy od atlantyckiego i pacyficznego tuńczyka błękitnopłetwego, które mogą przekraczać 450 kg (990 funtów), oraz nieco mniejszy od tuńczyka wielkookiego i tuńczyka południowego.","A sárgaúszójú tonhal (Thunnus albacares) egy tonhalfaj, amely világszerte a trópusi és szubtrópusi óceánok nyílt tengeri vizeiben él.

A sárgaúszójú tonhalat gyakran ahi néven forgalmazzák, a hawaii 'ahi szóból, amelyet ott a közeli rokon nagyszemű tonhalra is használnak. A fajnév, az albacares (""fehér hús"") szintén félreértésekre adhat okot: angolul az albacore (Thunnus alalunga) egy másik faj, míg a sárgaúszójú tonhalat franciául hivatalosan albacore-nak nevezik, a portugál halászok pedig albacora néven emlegetik.

A sárgaúszójú tonhal a nagyobb tonhalfajok közé tartozik, tömege a 180 kg-ot (400 font) is meghaladhatja, de jelentősen kisebb az atlanti és a csendes-óceáni kékúszójú tonhalnál, amelyek 450 kg-nál (990 font) is nehezebbek lehetnek, és valamivel kisebb a nagyszemű tonhalnál és a déli kékúszójú tonhalnál.","Il tonno pinna gialla (Thunnus albacares) è una specie di tonno che vive nelle acque pelagiche degli oceani tropicali e subtropicali di tutto il mondo.

Il tonno pinna gialla è spesso commercializzato come ahi, dall'hawaiano 'ahi, nome usato lì anche per il tonno obeso, suo stretto parente. Anche il nome specifico, albacares (""carne bianca""), può creare confusione: in inglese ""albacore"" indica una specie diversa, l'alalunga (Thunnus alalunga), mentre il tonno pinna gialla è ufficialmente chiamato albacore in francese e albacora dai pescatori portoghesi.

Il tonno pinna gialla è tra le specie di tonno più grandi e può superare i 180 kg (400 libbre) di peso, ma è nettamente più piccolo del tonno rosso atlantico e del tonno rosso del Pacifico, che possono superare i 450 kg (990 libbre), e leggermente più piccolo del tonno obeso e del tonno australe.","El atún de aleta amarilla (Thunnus albacares) es una especie de atún que habita en las aguas pelágicas de los océanos tropicales y subtropicales de todo el mundo.

El atún de aleta amarilla se comercializa a menudo como ""ahi"", del hawaiano 'ahi, nombre que allí también se usa para el patudo, una especie estrechamente emparentada. El nombre específico, albacares (""carne blanca""), también puede llevar a confusión: en inglés, el ""albacore"" (Thunnus alalunga) es una especie diferente, mientras que en francés el atún de aleta amarilla recibe oficialmente el nombre de ""albacore"" y los pescadores portugueses lo llaman ""albacora"".

El atún de aleta amarilla es una de las especies de atún de mayor tamaño y puede superar los 180 kg (400 libras) de peso, pero es bastante más pequeño que los atunes rojos del Atlántico y del Pacífico, que pueden superar los 450 kg (990 libras), y algo más pequeño que el patudo y el atún rojo del sur.","Le thon à nageoires jaunes (Thunnus albacares) est une espèce de thon présente dans les eaux pélagiques des océans tropicaux et subtropicaux du monde entier.

Il est souvent commercialisé sous le nom d'ahi, de l'hawaïen 'ahi, nom également utilisé à Hawaï pour le thon obèse, une espèce étroitement apparentée. Le nom d'espèce, albacares (""chair blanche""), peut aussi prêter à confusion : en anglais, ""albacore"" désigne une autre espèce, le germon (Thunnus alalunga), alors que le thon à nageoires jaunes est officiellement appelé albacore en français et albacora par les pêcheurs portugais.

Le thon à nageoires jaunes compte parmi les plus grandes espèces de thon et peut dépasser 180 kg (400 lb), mais il est nettement plus petit que les thons rouges de l'Atlantique et du Pacifique, qui peuvent dépasser 450 kg (990 lb), et légèrement plus petit que le thon obèse et le thon rouge du Sud.","黃鰭金槍魚（Thunnus albacares）是一種金槍魚，分佈於全球熱帶和亞熱帶海洋的大洋性水域。

黃鰭金槍魚在市場上常以「ahi」之名銷售，這個名稱源自夏威夷語「'ahi」，當地也用這個名字稱呼與它親緣關係很近的大眼金槍魚。其種小名 albacares（意為「白肉」）也可能造成混淆：在英文中，「albacore」指的是另一個物種長鰭金槍魚（Thunnus alalunga），但黃鰭金槍魚在法文中的正式名稱就是「albacore」，葡萄牙漁民也稱它為「albacora」。

黃鰭金槍魚屬於體型較大的金槍魚，體重可超過 180 公斤（400 磅），但明顯小於可超過 450 公斤（990 磅）的大西洋藍鰭金槍魚和太平洋藍鰭金槍魚，也略小於大眼金槍魚和南方藍鰭金槍魚。","キハダマグロ（Thunnus albacares）は、世界中の熱帯・亜熱帯の海の外洋域に生息するマグロの一種である。

キハダはよく「アヒ」の名で販売されている。これはハワイ語に由来する名前で、ハワイでは近縁のメバチにもこの名が使われている。種小名のalbacares（「白い肉」の意）も混乱を招くことがある。英語ではalbacore（ビンナガ、Thunnus alalunga）は別種を指すが、フランス語ではキハダが正式に「albacore」と呼ばれ、ポルトガルの漁師の間では「albacora」と呼ばれている。

キハダはマグロ類の中でも大型の種で、体重は180kg（400ポンド）を超えるが、450kg（990ポンド）を超えることもある大西洋のタイセイヨウクロマグロや太平洋のクロマグロよりはかなり小さく、メバチやミナミマグロよりもやや小さい。","O atum albacora (Thunnus albacares) é uma espécie de atum que se encontra nas águas pelágicas dos oceanos tropicais e subtropicais de todo o mundo.

O atum albacora é frequentemente comercializado como ahi, do havaiano 'ahi, um nome também usado no Havai para o atum-patudo, uma espécie muito próxima. O nome da espécie, albacares (""carne branca""), também pode gerar confusão: em inglês, ""albacore"" (Thunnus alalunga) é uma espécie diferente, enquanto o atum albacora é oficialmente designado ""albacore"" em francês e chamado ""albacora"" pelos pescadores portugueses.

O atum albacora está entre as maiores espécies de atum, atingindo pesos superiores a 180 kg (400 lb), mas é significativamente menor do que o atum-rabilho do Atlântico e o do Pacífico, que podem ultrapassar os 450 kg (990 lb), e ligeiramente menor do que o atum-patudo e o atum-do-sul.","黄鳍金枪鱼（Thunnus albacares）是一种金枪鱼，分布于全球热带和亚热带海洋的大洋性水域。

黄鳍金枪鱼在市场上常以「ahi」之名销售，这个名称源自夏威夷语「'ahi」，当地也用这个名字称呼与它亲缘关系很近的大眼金枪鱼。其种小名 albacares（意为「白肉」）也可能造成混淆：在英文中，「albacore」指的是另一个物种长鳍金枪鱼（Thunnus alalunga），但黄鳍金枪鱼在法文中的正式名称就是「albacore」，葡萄牙渔民也称它为「albacora」。

黄鳍金枪鱼属于体型较大的金枪鱼，体重可超过 180 公斤（400 磅），但明显小于可超过 450 公斤（990 磅）的大西洋蓝鳍金枪鱼和太平洋蓝鳍金枪鱼，也略小于大眼金枪鱼和南方蓝鳍金枪鱼。"
str_fish_yellowfintuna_fillet,Yellowfin Tuna Fillet,Yellowfin Tuna Fillet,Filet z tuňáka žlutoploutvého,Gelbflossen-Thunfischfilet,Филе желтоперого тунца,Filet z tuńczyka żółtopłetwego,Sárgaúszójú tonhal filé,Filetto di tonno pinna gialla,Filete de atún de aleta amarilla,Filet de thon à nageoires jaunes,黃鰭金槍魚片,キハダマグロのフィレ,Filete de atum albacora,黄鳍金枪鱼片
str_fish_yellowperch,Yellow Perch,Yellow Perch,Okoun žlutý,Gelber Flussbarsch,Желтый окунь,Okoń żółty,Sárga sügér,Pesce persico giallo,Perca amarilla,Perche jaune,黃鱸,イエロー・パーチ,Perca amarela,黄鲈
str_fish_yellowperch_desc,"The yellow perch (Perca flavescens), commonly referred to as perch, striped perch, American perch or preacher is a freshwater perciform fish native to much of North America. The yellow perch was described in 1814 by Samuel Latham Mitchill from New York. It is closely related, and morphologically similar to the European perch (Perca fluviatilis); and is sometimes considered a subspecies of its European counterpart.

Latitudinal variability in age, growth rates, and size have been observed among populations of yellow perch, likely resulting from differences in day length and annual water temperatures. In many populations, yellow perch often live 9 to 10 years, with adults generally ranging 4-10 in (10-25 cm) in length.","The yellow perch (Perca flavescens), commonly referred to as perch, striped perch, American perch or preacher is a freshwater perciform fish native to much of North America. The yellow perch was described in 1814 by Samuel Latham Mitchill from New York. It is closely related, and morphologically similar to the European perch (Perca fluviatilis); and is sometimes considered a subspecies of its European counterpart.

Latitudinal variability in age, growth rates, and size have been observed among populations of yellow perch, likely resulting from differences in day length and annual water temperatures. In many populations, yellow perch often live 9 to 10 years, with adults generally ranging 4-10 in (10-25 cm) in length.","Okoun žlutý (Perca flavescens), v angličtině běžně označovaný jako ""perch"", ""striped perch"", ""American perch"" nebo ""preacher"", je sladkovodní ostnoploutvá ryba původní ve velké části Severní Ameriky. Okouna žlutého popsal v roce 1814 Samuel Latham Mitchill z New Yorku. Je blízce příbuzný a morfologicky podobný okounu říčnímu (Perca fluviatilis) a někdy je považován za poddruh svého evropského protějšku.

Mezi populacemi okouna žlutého byly pozorovány rozdíly ve věku, rychlosti růstu a velikosti v závislosti na zeměpisné šířce, které pravděpodobně vyplývají z rozdílů v délce dne a v ročních teplotách vody. V mnoha populacích se okouni žlutí často dožívají 9 až 10 let a dospělí jedinci obvykle měří 4-10 palců (10-25 cm).","Der Gelbe Flussbarsch (Perca flavescens), im Englischen gemeinhin ""perch"", ""striped perch"", ""American perch"" oder ""preacher"" genannt, ist ein barschartiger Süßwasserfisch, der in weiten Teilen Nordamerikas heimisch ist. Der Gelbe Flussbarsch wurde 1814 von Samuel Latham Mitchill aus New York beschrieben. Er ist eng mit dem Europäischen Flussbarsch (Perca fluviatilis) verwandt und ihm morphologisch ähnlich; mitunter wird er als Unterart seines europäischen Gegenstücks angesehen.

Zwischen Populationen des Gelben Flussbarschs wurden breitengradabhängige Unterschiede in Alter, Wachstumsrate und Größe beobachtet, die wahrscheinlich auf Unterschiede in der Tageslänge und der jährlichen Wassertemperatur zurückgehen. In vielen Populationen werden Gelbe Flussbarsche oft 9 bis 10 Jahre alt; ausgewachsene Tiere sind meist 4-10 Zoll (10-25 cm) lang.","Жёлтый окунь (Perca flavescens), которого в английском обычно называют ""perch"", ""striped perch"", ""American perch"" или ""preacher"", — пресноводная окунеобразная рыба, обитающая на большей части Северной Америки. Жёлтого окуня описал в 1814 году Сэмюэл Лейтем Митчилл из Нью-Йорка. Он близкородствен и морфологически сходен с европейским речным окунем (Perca fluviatilis); иногда его даже считают подвидом своего европейского сородича.

У разных популяций жёлтого окуня отмечены широтные различия в возрасте, темпах роста и размерах — вероятно, из-за разницы в продолжительности дня и годовой температуре воды. Во многих популяциях жёлтый окунь нередко живёт 9–10 лет, а взрослые особи обычно имеют длину 4–10 дюймов (10–25 см).","Okoń żółty (Perca flavescens), powszechnie nazywany po prostu okoniem, a po angielsku także ""striped perch"", ""American perch"" lub ""preacher"", to słodkowodna ryba okoniokształtna występująca naturalnie w dużej części Ameryki Północnej. Okoń żółty został opisany w 1814 roku przez Samuela Lathama Mitchilla z Nowego Jorku. Jest blisko spokrewniony z okoniem europejskim (Perca fluviatilis) i podobny do niego morfologicznie; czasami uznaje się go za podgatunek swojego europejskiego odpowiednika.

W populacjach okonia żółtego zaobserwowano zmienność wieku, tempa wzrostu i wielkości zależną od szerokości geograficznej, wynikającą prawdopodobnie z różnic w długości dnia i rocznej temperaturze wody. W wielu populacjach okonie żółte żyją często od 9 do 10 lat, a dorosłe osobniki mają zwykle od 4 do 10 cali (10-25 cm) długości.","A sárga sügér (Perca flavescens), amelyet angolul gyakran ""perch"", ""striped perch"", ""American perch"" vagy ""preacher"" néven emlegetnek, Észak-Amerika nagy részén őshonos édesvízi, sügéralakú hal. A sárga sügért 1814-ben a New York-i Samuel Latham Mitchill írta le. Közeli rokona az európai csapó sügérnek (Perca fluviatilis), és alaktanilag is hasonlít hozzá; néha európai rokona alfajának is tekintik.

A sárga sügér populációi között a földrajzi szélességtől függő eltéréseket figyeltek meg az életkorban, a növekedési ütemben és a méretben, amelyek valószínűleg a nappalok hosszának és az éves vízhőmérsékletnek a különbségeiből adódnak. Sok populációban a sárga sügér gyakran 9-10 évig él, a kifejlett egyedek hossza általában 4-10 hüvelyk (10-25 cm).","Il pesce persico giallo (Perca flavescens), chiamato comunemente persico o, in inglese, ""striped perch"", ""American perch"" o ""preacher"", è un pesce perciforme d'acqua dolce originario di gran parte del Nord America. Il pesce persico giallo fu descritto nel 1814 da Samuel Latham Mitchill di New York. È strettamente imparentato e morfologicamente simile al pesce persico europeo (Perca fluviatilis) ed è talvolta considerato una sottospecie della sua controparte europea.

Tra le popolazioni di pesce persico giallo sono state osservate variazioni latitudinali di età, tassi di crescita e dimensioni, probabilmente dovute a differenze nella durata del giorno e nelle temperature annuali dell'acqua. In molte popolazioni il pesce persico giallo vive spesso 9-10 anni, e gli adulti misurano in genere 4-10 pollici (10-25 cm) di lunghezza.","La perca amarilla (Perca flavescens), conocida comúnmente como perca o perca americana y, en inglés, también como ""striped perch"" o ""preacher"", es un pez perciforme de agua dulce originario de gran parte de Norteamérica. La perca amarilla fue descrita en 1814 por Samuel Latham Mitchill, en Nueva York. Está estrechamente emparentada con la perca europea (Perca fluviatilis) y es morfológicamente similar a ella, y a veces se considera una subespecie de su homóloga europea.

Se ha observado variabilidad latitudinal en la edad, las tasas de crecimiento y el tamaño entre las poblaciones de perca amarilla, probablemente debida a diferencias en la duración del día y en las temperaturas anuales del agua. En muchas poblaciones, la perca amarilla suele vivir entre 9 y 10 años, y los adultos miden por lo general 4-10 pulgadas (10-25 cm) de longitud.","La perche jaune (Perca flavescens), communément appelée perche, ou en anglais ""striped perch"", ""American perch"" ou ""preacher"", est un poisson perciforme d'eau douce originaire d'une grande partie de l'Amérique du Nord. La perche jaune a été décrite en 1814 par Samuel Latham Mitchill, de New York. Elle est étroitement apparentée et morphologiquement semblable à la perche européenne (Perca fluviatilis), dont elle est parfois considérée comme une sous-espèce.

On a observé chez les populations de perche jaune une variabilité de l'âge, du taux de croissance et de la taille selon la latitude, probablement due aux différences de durée du jour et de température annuelle de l'eau. Dans de nombreuses populations, la perche jaune vit souvent de 9 à 10 ans, et les adultes mesurent généralement de 4 à 10 in (10 à 25 cm).","黃鱸（Perca flavescens），英文俗稱「perch」、「striped perch」、「American perch」或「preacher」，是一種淡水鱸形目魚類，原產於北美洲大部分地區。黃鱸於 1814 年由 Samuel Latham Mitchill 根據採自紐約的標本描述。它與歐洲的河鱸（Perca fluviatilis）親緣關係密切，形態也相似，有時被視為這種歐洲近親的一個亞種。

據觀察，黃鱸不同種群的年齡、生長速度和體型存在隨緯度變化的差異，這可能是由日照長度和全年水溫的不同所造成。在許多種群中，黃鱸的壽命通常為 9 到 10 年，成魚體長一般為 4 至 10 英寸（10 至 25 公分）。","イエロー・パーチ（Perca flavescens）は、一般にパーチ、ストライプド・パーチ、アメリカン・パーチ、またはプリーチャーと呼ばれる、北アメリカの広い地域を原産とするスズキ目の淡水魚である。イエロー・パーチは1814年、ニューヨークのサミュエル・レイサム・ミッチルによって記載された。ヨーロピアン・パーチ（Perca fluviatilis）と近縁で形態もよく似ており、このヨーロッパの近縁種の亜種とみなされることもある。

イエロー・パーチの個体群の間では、年齢、成長速度、大きさに緯度による違いが見られ、これはおそらく日長と年間の水温の違いによるものである。多くの個体群では、イエロー・パーチは9～10年生きることが多く、成魚の体長はおおむね4～10インチ（10～25cm）である。","A perca amarela (Perca flavescens), vulgarmente chamada perca e, em inglês, também ""striped perch"", ""American perch"" ou ""preacher"", é um peixe perciforme de água doce nativo de grande parte da América do Norte. A perca amarela foi descrita em 1814 por Samuel Latham Mitchill, de Nova Iorque. É estreitamente aparentada com a perca europeia (Perca fluviatilis) e morfologicamente semelhante a ela, sendo por vezes considerada uma subespécie da sua congénere europeia.

Foi observada variabilidade latitudinal na idade, nas taxas de crescimento e no tamanho entre populações de perca amarela, provavelmente resultante de diferenças na duração do dia e nas temperaturas anuais da água. Em muitas populações, a perca amarela vive muitas vezes 9 a 10 anos, e os adultos medem geralmente 4-10 pol. (10-25 cm) de comprimento.","黄鲈（Perca flavescens），英文俗称「perch」、「striped perch」、「American perch」或「preacher」，是一种淡水鲈形目鱼类，原产于北美洲大部分地区。黄鲈于 1814 年由 Samuel Latham Mitchill 根据采自纽约的标本描述。它与欧洲的河鲈（Perca fluviatilis）亲缘关系密切，形态也相似，有时被视为这种欧洲近亲的一个亚种。

据观察，黄鲈不同种群的年龄、生长速度和体型存在随纬度变化的差异，这可能是由日照长度和全年水温的不同所造成。在许多种群中，黄鲈的寿命通常为 9 到 10 年，成鱼体长一般为 4 至 10 英寸（10 至 25 公分）。"
str_fish_yellowperch_fillet,Yellow Perch Fillet,Yellow Perch Fillet,Filet ze žlutého okouna,Filet vom Gelben Flussbarsch,Филе желтого окуня,Filet z okonia żółtego,Sárga sügér filé,Filetto di pesce persico giallo,Filete de perca amarilla,Filet de perche jaune,黃鱸魚片,イエロー・パーチ・フィレ,Filete de perca amarela,黄鲈鱼片
str_tools_bluefishknife,Blue Fish Knife,Blue Fish Knife,Modrý nůž na ryby,Blaues Fischmesser,Синий нож для рыбы,Niebieski nóż do ryb,Kék halkés,Coltello da pesca blu,Cuchillo azul para pescado,Couteau de pêche bleu,藍色魚刀,ブルー・フィッシュ・ナイフ,Faca azul para peixe,蓝色鱼刀
str_tools_bluerod,Blue Fishing Rod,Blue Fishing Rod,Modrý rybářský prut,Blaue Angelrute,Синяя удочка,Niebieska wędka,Kék horgászbot,Canna da pesca blu,Caña de pescar azul,Canne à pêche bleue,藍色釣竿,青い釣り竿,Cana de pesca azul,蓝色钓鱼竿
str_tools_bluetackle,Blue Tackle Box,Blue Tackle Box,Modrá krabička na nástrahy,Blaue Tackle-Box,Синий ящик для снастей,Niebieskie pudełko wędkarskie,Kék horgászdoboz,Scatola da pesca blu,Caja de aparejos azul,Boîte de pêche bleue,藍色釣具箱,青いタックルボックス,Caixa de pesca azul,蓝色钓具盒
str_tools_browntackle,Brown Tackle Box,Brown Tackle Box,Hnědá krabička na nástrahy,Braune Tackle-Box,Коричневый ящик для снастей,Brązowe pudełko wędkarskie,Barna horgászdoboz,Scatola da pesca marrone,Caja de aparejos marrón,Boîte de pêche marron,棕色釣具箱,ブラウンのタックルボックス,Caixa de pesca castanha,棕色钓具盒
str_tools_bugcontainer,Bug Catcher,Bug Catcher,Lapač hmyzu,Insektenfänger,Контейнер для насекомых,Łapacz owadów,Rovarfogó,Acchiappainsetti,Cazabichos,Attrape-insectes,捕蟲器,虫かご,Apanha-insetos,捕虫器
str_tools_bugcontainer_desc,A container that is used for holding insects.,A container that is used for holding insects.,"Nádoba, která se používá k uchovávání hmyzu.","Ein Behälter, der zur Aufnahme von Insekten verwendet wird.","Контейнер, используемый для содержания насекомых.",Pojemnik używany do przechowywania owadów.,Rovarok tartására szolgáló tartály.,Un contenitore per tenere gli insetti.,Recipiente que se utiliza para contener insectos.,Récipient utilisé pour conserver les insectes.,用來裝昆蟲的容器。,昆虫を入れる容器。,Um recipiente usado para guardar insetos.,用来装昆虫的容器。
str_tools_camotackle,Camouflage Tackle Box,Camouflage Tackle Box,Maskovací krabička na nástrahy,Tarnfarbene Tackle-Box,Камуфляжный ящик для снастей,Maskujące pudełko wędkarskie,Terepmintás horgászdoboz,Scatola da pesca mimetica,Caja de aparejos de camuflaje,Boîte de pêche camouflage,迷彩釣具箱,カモフラージュ・タックルボックス,Caixa de pesca camuflada,迷彩钓具箱
str_tools_fieldcricket,Field Cricket,Field Cricket,Cvrček polní,Feldgrille,Полевой сверчок,Świerszcz polny,Mezei tücsök,Grillo campestre,Grillo de campo,Grillon champêtre,田野蟋蟀,コオロギ,Grilo-do-campo,田野蟋蟀
str_tools_fieldcricket_desc,A cricket,A cricket,Cvrček,Eine Grille,Сверчок,Świerszcz,Egy tücsök,Un grillo,Un grillo,Un grillon,蟋蟀,コオロギ,Um grilo,蟋蟀
str_tools_fishingknife_desc,A knife that was built for fish.,A knife that was built for fish.,Nůž stvořený pro ryby.,"Ein Messer, das speziell für Fisch gefertigt wurde.","Нож, сделанный специально для рыбы.",Nóż stworzony z myślą o rybach.,Kifejezetten halakhoz készült kés.,Un coltello fatto apposta per il pesce.,Un cuchillo hecho para el pescado.,Un couteau conçu pour le poisson.,一把專為魚打造的刀。,魚用に作られたナイフ。,Uma faca própria para peixe.,一把专为鱼打造的刀。
str_tools_fishingnet,Bamboo Fishing Net,Bamboo Fishing Net,Bambusová rybářská síť,Fischernetz aus Bambus,Бамбуковая рыболовная сеть,Bambusowa sieć rybacka,Bambusz halászháló,Rete da pesca in bambù,Red de pesca de bambú,Filet de pêche en bambou,竹製漁網,竹の漁網,Rede de pesca de bambu,竹渔网
str_tools_fishingnet_desc,A fishing net that is perfect for small fish and other aquatic life.,A fishing net that is perfect for small fish and other aquatic life.,"Rybářská síť, která je ideální pro lov malých ryb a dalších vodních živočichů.","Ein Fischernetz, das sich perfekt für kleine Fische und andere Wasserbewohner eignet.","Рыболовная сеть, которая идеально подходит для ловли мелкой рыбы и других водных обитателей.",Sieć rybacka idealna do połowu małych ryb i innych organizmów wodnych.,"Halászháló, amely tökéletes apró halak és más vízi élőlények fogására.",Una rete da pesca perfetta per piccoli pesci e altri animali acquatici.,Una red de pesca perfecta para peces pequeños y otros animales acuáticos.,Un filet de pêche parfait pour les petits poissons et autres espèces aquatiques.,這種漁網非常適合捕捉小魚和其他水生生物。,小魚などの水生生物に最適な漁網。,Uma rede de pesca perfeita para pequenos peixes e outros animais aquáticos.,这种渔网非常适合捕捉小鱼和其他水生生物。
str_tools_fungreentackle,Fun Green Tackle Box,Fun Green Tackle Box,Zábavná zelená krabička na nástrahy,Knallgrüne Tackle-Box,Веселый зеленый ящик для снастей,Zielone pudełko wędkarskie Fun,Vidám zöld horgászdoboz,Scatola da pesca verde vivace,Caja de aparejos verde alegre,Boîte de pêche Fun verte,趣味綠色釣具箱,ポップなグリーンのタックルボックス,Caixa de pesca verde divertida,趣味绿色钓具盒
str_tools_funpurpletackle,Fun Purple Tackle Box,Fun Purple Tackle Box,Zábavná fialová krabička na nástrahy,Knallviolette Tackle-Box,Веселый фиолетовый ящик для снастей,Fioletowe pudełko wędkarskie Fun,Vidám lila horgászdoboz,Scatola da pesca viola vivace,Caja de aparejos morada alegre,Boîte de pêche Fun violette,趣味紫色釣具箱,ポップなパープルのタックルボックス,Caixa de pesca roxa divertida,趣味紫色钓具盒
str_tools_funredtackle,Fun Red Tackle Box,Fun Red Tackle Box,Zábavná červená krabička na nástrahy,Knallrote Tackle-Box,Веселый красный ящик для снастей,Czerwone pudełko wędkarskie Fun,Vidám piros horgászdoboz,Scatola da pesca rosso vivace,Caja de aparejos roja alegre,Boîte de pêche Fun rouge,趣味紅色釣具箱,ポップなレッドのタックルボックス,Caixa de pesca vermelha divertida,趣味红色钓具盒
str_tools_funyellowtackle,Fun Yellow Tackle Box,Fun Yellow Tackle Box,Zábavná žlutá krabička na nástrahy,Knallgelbe Tackle-Box,Веселый желтый ящик для снастей,Żółte pudełko wędkarskie Fun,Vidám sárga horgászdoboz,Scatola da pesca giallo vivace,Caja de aparejos amarilla alegre,Boîte de pêche Fun jaune,趣味黃色釣具箱,ポップなイエローのタックルボックス,Caixa de pesca amarela divertida,趣味黄色钓具盒
str_tools_grasshopper,Grasshopper,Grasshopper,Saranče,Grashüpfer,Кузнечик,Konik polny,Sáska,Cavalletta,Saltamontes,Criquet,蚱蜢,バッタ,Gafanhoto,蚱蜢
str_tools_grasshopper_desc,"Grasshoppers are a group of insects belonging to the suborder Caelifera. They are among what is probably the most ancient living group of chewing herbivorous insects, dating back to the early Triassic around 250 million years ago.","Grasshoppers are a group of insects belonging to the suborder Caelifera. They are among what is probably the most ancient living group of chewing herbivorous insects, dating back to the early Triassic around 250 million years ago.","Saranče jsou skupinou hmyzu z podřádu krátkorozí (Caelifera). Patří k pravděpodobně nejstarší dosud žijící skupině býložravého hmyzu s kousacím ústním ústrojím, jejíž počátky sahají do raného triasu, zhruba před 250 miliony let.","Grashüpfer sind eine Gruppe von Insekten, die zur Unterordnung Caelifera gehören. Sie gehören zu der wahrscheinlich ältesten lebenden Gruppe kauender pflanzenfressender Insekten, die auf die frühe Trias vor etwa 250 Millionen Jahren zurückgeht.","Кузнечики — группа насекомых подотряда Caelifera. Вероятно, это одна из древнейших ныне живущих групп грызущих растительноядных насекомых: её история восходит к раннему триасу, около 250 миллионов лет назад.","Koniki polne to grupa owadów należących do podrzędu Caelifera. Należą prawdopodobnie do najstarszej żyjącej grupy roślinożernych owadów o gryzącym aparacie gębowym, której początki sięgają wczesnego triasu, około 250 milionów lat temu.","A sáskák a Caelifera alrendbe tartozó rovarok csoportja. A rágó növényevő rovarok valószínűleg legősibb élő csoportjába tartoznak, amely a korai triász korszakból, mintegy 250 millió évvel ezelőttről származik.","Le cavallette sono un gruppo di insetti appartenenti al sottordine Caelifera. Fanno parte di quello che è probabilmente il più antico gruppo vivente di insetti erbivori masticatori, risalente all'inizio del Triassico, circa 250 milioni di anni fa.","Los saltamontes son un grupo de insectos pertenecientes al suborden Caelifera. Se encuentran entre lo que probablemente sea el grupo vivo más antiguo de insectos herbívoros masticadores, cuyo origen se remonta a principios del Triásico, hace unos 250 millones de años.","Les criquets sont un groupe d'insectes appartenant au sous-ordre des Caelifera. Ils font partie de ce qui est probablement le plus ancien groupe vivant d'insectes herbivores masticateurs, remontant au début du Trias, il y a environ 250 millions d'années.",蚱蜢是屬於錐角亞目（Caelifera）的一類昆蟲。它們可能是現存最古老的咀嚼式植食性昆蟲類群之一，其歷史可追溯到約 2.5 億年前的三疊紀早期。,"バッタは、バッタ亜目（Caelifera）に属する昆虫のグループである。植物をかんで食べる草食性昆虫の現生グループとしては、おそらく最も古いものの一つで、その起源は約2億5,000万年前の三畳紀前期にまでさかのぼる。","Os gafanhotos são um grupo de insetos pertencentes à subordem Caelifera. Fazem parte daquele que é provavelmente o mais antigo grupo vivo de insetos herbívoros mastigadores, que remonta ao início do Triássico, há cerca de 250 milhões de anos.",蚱蜢是属于锥角亚目（Caelifera）的一类昆虫。它们可能是现存最古老的咀嚼式植食性昆虫类群之一，其历史可追溯到约 2.5 亿年前的三叠纪早期。
str_tools_greenfishknife,Green Fish Knife,Green Fish Knife,Zelený nůž na ryby,Grünes Fischmesser,Зелёный нож для рыбы,Zielony nóż do ryb,Zöld halkés,Coltello da pesca verde,Cuchillo verde para pescado,Couteau de pêche vert,綠色魚刀,グリーン・フィッシュ・ナイフ,Faca verde para peixe,绿色鱼刀
str_tools_greenrod,Green Fishing Rod,Green Fishing Rod,Zelený rybářský prut,Grüne Angelrute,Зеленая удочка,Zielona wędka,Zöld horgászbot,Canna da pesca verde,Caña de pescar verde,Canne à pêche verte,綠色釣竿,緑の釣り竿,Cana de pesca verde,绿色钓鱼竿
str_tools_greentackle,Green Tackle Box,Green Tackle Box,Zelená krabička na nástrahy,Grüne Tackle-Box,Зеленый ящик для снастей,Zielone pudełko wędkarskie,Zöld horgászdoboz,Scatola da pesca verde,Caja de aparejos verde,Boîte de pêche verte,綠色釣具箱,緑のタックルボックス,Caixa de pesca verde,绿色钓具箱
str_tools_grubworm,Grub Worm,Grub Worm,Ponrava,Engerling,Личинка жука,Pędrak,Pajor,Larva di coleottero,Larva de escarabajo,Ver blanc,蠐螬,ジムシ,Larva de besouro,蛴螬
str_tools_grubworm_desc,A grub worm,A grub worm,Ponrava,Ein Engerling,Личинка жука,Pędrak,Egy pajor,Una larva di coleottero,Una larva de escarabajo,Un ver blanc,蠐螬,ジムシ,Uma larva de besouro.,蛴螬
str_tools_lightbluetackle,Light Blue Tackle Box,Light Blue Tackle Box,Světle modrá krabička na nástrahy,Hellblaue Tackle-Box,Голубой ящик для снастей,Jasnoniebieskie pudełko wędkarskie,Világoskék horgászdoboz,Scatola da pesca azzurra,Caja de aparejos azul claro,Boîte de pêche bleu clair,淺藍色釣具箱,ライトブルーのタックルボックス,Caixa de pesca azul-claro,浅蓝色钓具盒
str_tools_limetackle,Lime Tackle Box,Lime Tackle Box,Limetková krabička na nástrahy,Limettengrüne Tackle-Box,Лаймовый ящик для снастей,Limonkowe pudełko wędkarskie,Limezöld horgászdoboz,Scatola da pesca verde lime,Caja de aparejos verde lima,Boîte de pêche vert lime,萊姆綠釣具箱,ライム・タックルボックス,Caixa de pesca verde-lima,青柠色钓具盒
str_tools_lure1,Popper Lure,Popper Lure,Popper,Popper-Köder,Поппер,Popper,Popper csali,Popper,Señuelo popper,Leurre popper,波爬餌,ポッパー,Isca popper,波爬饵
str_tools_lure1_desc,"Popper baits are topwater lures featuring a cupped face that creates a loud ""popping"" sound and splashing action to imitate injured baitfish or surface-feeding fish. Ideal for spring and summer, they are highly effective for bass and saltwater species like Giant Trevally. Retrieve with a ""pop-pause"" technique, letting it sit to trigger explosive strikes. ","Popper baits are topwater lures featuring a cupped face that creates a loud ""popping"" sound and splashing action to imitate injured baitfish or surface-feeding fish. Ideal for spring and summer, they are highly effective for bass and saltwater species like Giant Trevally. Retrieve with a ""pop-pause"" technique, letting it sit to trigger explosive strikes.","Poppery jsou hladinové nástrahy s miskovitě prohloubenou čelní plochou, která při přitažení vydává hlasité ""pukání"" a cáká, čímž napodobuje zraněnou rybku nebo rybu, která se krmí u hladiny. Nejlépe se hodí na jaro a léto a jsou velmi účinné na okounky i na mořské druhy, jako je kranas obrovský. Veďte je technikou ""škubnout a počkat"" a nechávejte nástrahu chvíli ležet, aby vyprovokovala prudký záběr.","Popper sind Oberflächenköder mit einer ausgehöhlten Front, die beim Einholen ein lautes „Ploppen“ und Spritzer erzeugt und so einen verletzten Köderfisch oder einen an der Oberfläche jagenden Fisch imitiert. Ideal im Frühjahr und Sommer und besonders fängig auf Schwarzbarsche und Salzwasserarten wie die Riesen-Makrele. Mit der „Plopp-Pause“-Technik führen und den Köder liegen lassen, um explosive Bisse auszulösen.","Попперы — поверхностные приманки с вогнутой мордочкой, которая при проводке издаёт громкий «чпокающий» звук и поднимает брызги, имитируя раненую рыбку или рыбу, кормящуюся у поверхности. Лучше всего работают весной и летом и очень эффективны на чёрного окуня и морские виды, например гигантского каранкса. Ведите приманку рывками с паузами, давая ей полежать, — это провоцирует резкие поклёвки.","Poppery to przynęty powierzchniowe z wklęsłym czołem, które podczas prowadzenia wydaje głośne ""cmoknięcie"" i rozbryzguje wodę, imitując ranną rybkę lub rybę żerującą przy powierzchni. Idealne na wiosnę i lato, są bardzo skuteczne na bassy i gatunki morskie, takie jak karanks olbrzymi. Prowadź je techniką ""cmoknięcie i pauza"", pozwalając przynęcie chwilę poleżeć na wodzie, by sprowokować gwałtowne brania.","A popperek felszíni műcsalik homorú fejjel, amely behúzáskor hangos „pukkanó” hangot ad és fröcsköl, így sérült csalihalat vagy a felszínen táplálkozó halat utánoz. Tavasszal és nyáron a legjobbak, és nagyon hatásosak feketesügérre és olyan tengeri fajokra, mint az óriás tüskésmakréla. Vezesd „pukkantás–szünet” technikával, és hagyd állni a csalit, hogy robbanásszerű kapásokat válts ki.","I popper sono esche di superficie con la parte anteriore concava che produce un forte ""schiocco"" e spruzzi d'acqua per imitare un pesce foraggio ferito o un pesce che si nutre in superficie. Ideali in primavera e in estate, sono molto efficaci per il black bass e per specie marine come il carango gigante. Recuperali con la tecnica ""pop-pausa"", lasciandoli fermi per provocare attacchi esplosivi.","Los poppers son señuelos de superficie con la parte frontal cóncava, que produce un fuerte ""chasquido"" y salpicaduras para imitar a un pez pasto herido o a peces que se alimentan en superficie. Ideales en primavera y verano, son muy eficaces para la lobina y para especies marinas como el jurel gigante. Recógelos con la técnica de ""tirón y pausa"", dejándolos quietos para provocar ataques explosivos.","Les poppers sont des leurres de surface dotés d'une face concave qui produit un fort ""bloup"" et des éclaboussures, imitant un poisson-fourrage blessé ou un poisson qui se nourrit en surface. Idéaux au printemps et en été, ils sont très efficaces pour l'achigan et les espèces marines comme la carangue géante. Ramenez-les selon la technique ""pop-pause"", en les laissant immobiles un instant pour déclencher des attaques explosives.",波爬是一種水面系假餌，凹面的頭部在收線時會發出響亮的「啵」聲並激起水花，模仿受傷的餌魚或在水面覓食的魚。最適合春夏兩季，對鱸魚以及浪人鰺等海水魚種非常有效。以「抽動—停頓」的方式收線，讓假餌在水面停留，誘發猛烈的攻擊。,ポッパーはカップ状にくぼんだ顔を持つトップウォータールアーで、大きな「ポコッ」という音と水しぶきを立て、傷ついたベイトフィッシュや水面で捕食する魚を演出する。春から夏に最適で、ブラックバスやロウニンアジなどのソルトウォーターの魚に非常に効果的。「ポップ＆ポーズ」で操作し、水面に止めて爆発的なバイトを誘おう。,"Os poppers são iscas de superfície com a frente côncava que, ao serem recolhidas, produzem um forte ""estalo"" e salpicos, imitando um peixe-isco ferido ou peixes que se alimentam à superfície. Ideais na primavera e no verão, são muito eficazes para o achigã e espécies de água salgada como o xaréu-gigante. Recolha com a técnica ""toque e pausa"", deixando a isca parada para provocar ataques explosivos.",波爬是一种水面系假饵，凹面的头部在收线时会发出响亮的「啵」声并激起水花，模仿受伤的饵鱼或在水面觅食的鱼。最适合春夏两季，对鲈鱼以及浪人鲹等海水鱼种非常有效。以「抽动—停顿」的方式收线，让假饵在水面停留，诱发猛烈的攻击。
str_tools_lure2,Purple Crankbait,Purple Crankbait,Fialový crankbait,Lila Crankbait,Фиолетовый воблер,Fioletowy crankbait,Lila crankbait,Crankbait viola,Crankbait morado,Crankbait violet,紫色搖擺魚餌,パープルクランクベイト,Crankbait roxo,紫色摇摆鱼饵
str_tools_lure2_desc,"Crankbaits are hard-bodied, diving fishing lures with bills that determine depth, used primarily for bass, walleye, and crappie by reeling them in with a consistent, fast retrieve to mimic baitfish.","Crankbaits are hard-bodied, diving fishing lures with bills that determine depth, used primarily for bass, walleye, and crappie by reeling them in with a consistent, fast retrieve to mimic baitfish.","Crankbaity jsou potápivé woblery s pevným tělem a lopatkou, která určuje hloubku ponoru. Používají se hlavně na okounky rodu Micropterus, candáty americké a okounky rodu Pomoxis; vedou se rovnoměrným, rychlým navíjením, aby napodobily drobnou rybku.","Crankbaits sind tauchende Hartköder mit einer Tauchschaufel, die die Lauftiefe bestimmt. Man fischt sie vor allem auf Schwarzbarsch, Glasaugenbarsch und Crappie, indem man sie gleichmäßig und zügig einholt, um einen Köderfisch zu imitieren.","Кренкбейты — твёрдотелые заглубляющиеся воблеры с лопаткой, которая задаёт глубину хода. Ими ловят в основном чёрного окуня, светлопёрого судака и краппи, ведя приманку равномерной быстрой проводкой, чтобы она имитировала мелкую рыбку.","Crankbaity to twarde, nurkujące przynęty ze sterem, który określa głębokość prowadzenia. Łowi się nimi głównie bassy, sandacze amerykańskie i ""crappie"", prowadząc je równomiernie i szybko, tak by imitowały małe rybki.","A crankbaitek merev testű, merülő műcsalik, amelyeknek a terelőlapja határozza meg a merülési mélységet. Főként feketesügér, amerikai süllő és ""crappie"" horgászatára használják őket: egyenletes, gyors behúzással vezetik, hogy csalihalat utánozzanak.","I crankbait sono esche artificiali rigide che si immergono durante il recupero, con una paletta che ne determina la profondità. Si usano soprattutto per black bass, lucioperca americana e crappie, recuperandoli con un ritmo costante e veloce per imitare un pesce foraggio.","Los crankbaits son señuelos de cuerpo rígido que se sumergen, con una paleta que determina la profundidad. Se usan sobre todo para la lobina, la lucioperca americana y los ""crappies"", recogiéndolos de forma constante y rápida para imitar a los peces pasto.","Les crankbaits sont des leurres durs plongeants dont la bavette détermine la profondeur de nage. On les utilise surtout pour l'achigan, le doré et la marigane, avec une récupération régulière et rapide qui imite un poisson-fourrage.",搖擺餌（Crankbait）是硬身的潛水型假餌，前端的潛水唇決定泳層深度。主要用於鱸魚、玻璃梭鱸和刺蓋太陽魚，以穩定且快速的收線模仿小餌魚。,クランクベイトはハードボディのダイビングルアーで、リップの形状で潜行深度が決まる。主にブラックバス、ウォールアイ、クラッピーを狙い、一定の速いリトリーブでベイトフィッシュを演出する。,"Os crankbaits são iscas rígidas de mergulho, com uma palheta que determina a profundidade. Usam-se sobretudo para achigã, olho-de-vidro e ""crappie"", recolhendo-as a um ritmo constante e rápido para imitar um peixe-isco.",摇摆饵（Crankbait）是硬身的潜水型假饵，前端的潜水唇决定泳层深度。主要用于鲈鱼、玻璃梭鲈和刺盖太阳鱼，以稳定且快速的收线模仿小饵鱼。
str_tools_lure3,Yellow Crankbait,Yellow Crankbait,Žlutý crankbait,Gelber Crankbait,Жёлтый воблер,Żółty crankbait,Sárga crankbait,Crankbait giallo,Crankbait amarillo,Crankbait jaune,黃色搖擺魚餌,イエロークランクベイト,Crankbait amarelo,黄色摇摆鱼饵
str_tools_lure3_desc,"Crankbaits are hard-bodied, diving fishing lures with bills that determine depth, used primarily for bass, walleye, and crappie by reeling them in with a consistent, fast retrieve to mimic baitfish.","Crankbaits are hard-bodied, diving fishing lures with bills that determine depth, used primarily for bass, walleye, and crappie by reeling them in with a consistent, fast retrieve to mimic baitfish.","Crankbaity jsou potápivé woblery s pevným tělem a lopatkou, která určuje hloubku ponoru. Používají se hlavně na okounky rodu Micropterus, candáty americké a okounky rodu Pomoxis; vedou se rovnoměrným, rychlým navíjením, aby napodobily drobnou rybku.","Crankbaits sind tauchende Hartköder mit einer Tauchschaufel, die die Lauftiefe bestimmt. Man fischt sie vor allem auf Schwarzbarsch, Glasaugenbarsch und Crappie, indem man sie gleichmäßig und zügig einholt, um einen Köderfisch zu imitieren.","Кренкбейты — твёрдотелые заглубляющиеся воблеры с лопаткой, которая задаёт глубину хода. Ими ловят в основном чёрного окуня, светлопёрого судака и краппи, ведя приманку равномерной быстрой проводкой, чтобы она имитировала мелкую рыбку.","Crankbaity to twarde, nurkujące przynęty ze sterem, który określa głębokość prowadzenia. Łowi się nimi głównie bassy, sandacze amerykańskie i ""crappie"", prowadząc je równomiernie i szybko, tak by imitowały małe rybki.","A crankbaitek merev testű, merülő műcsalik, amelyeknek a terelőlapja határozza meg a merülési mélységet. Főként feketesügér, amerikai süllő és ""crappie"" horgászatára használják őket: egyenletes, gyors behúzással vezetik, hogy csalihalat utánozzanak.","I crankbait sono esche artificiali rigide che si immergono durante il recupero, con una paletta che ne determina la profondità. Si usano soprattutto per black bass, lucioperca americana e crappie, recuperandoli con un ritmo costante e veloce per imitare un pesce foraggio.","Los crankbaits son señuelos de cuerpo rígido que se sumergen, con una paleta que determina la profundidad. Se usan sobre todo para la lobina, la lucioperca americana y los ""crappies"", recogiéndolos de forma constante y rápida para imitar a los peces pasto.","Les crankbaits sont des leurres durs plongeants dont la bavette détermine la profondeur de nage. On les utilise surtout pour l'achigan, le doré et la marigane, avec une récupération régulière et rapide qui imite un poisson-fourrage.",搖擺餌（Crankbait）是硬身的潛水型假餌，前端的潛水唇決定泳層深度。主要用於鱸魚、玻璃梭鱸和刺蓋太陽魚，以穩定且快速的收線模仿小餌魚。,クランクベイトはハードボディのダイビングルアーで、リップの形状で潜行深度が決まる。主にブラックバス、ウォールアイ、クラッピーを狙い、一定の速いリトリーブでベイトフィッシュを演出する。,"Os crankbaits são iscas rígidas de mergulho, com uma palheta que determina a profundidade. Usam-se sobretudo para achigã, olho-de-vidro e ""crappie"", recolhendo-as a um ritmo constante e rápido para imitar um peixe-isco.",摇摆饵（Crankbait）是硬身的潜水型假饵，前端的潜水唇决定泳层深度。主要用于鲈鱼、玻璃梭鲈和刺盖太阳鱼，以稳定且快速的收线模仿小饵鱼。
str_tools_lure4,Squarebill Lure,Squarebill Lure,Squarebill,Squarebill-Köder,Воблер-сквербилл,Squarebill,Squarebill csali,Squarebill,Señuelo squarebill,Leurre squarebill,方唇搖擺餌,スクエアビル,Isca squarebill,方唇摇摆饵
str_tools_lure4_desc,"A square bill lure is a shallow-running, shallow-diving crankbait characterized by a flat, square-shaped plastic or circuit board lip. Designed for fishing in 1–8 feet of water, its unique bill deflects sharply off timber, rocks, and shallow cover to trigger reaction strikes. These lures often feature a wide, ""hunting"" wobble.","A square bill lure is a shallow-running, shallow-diving crankbait characterized by a flat, square-shaped plastic or circuit board lip. Designed for fishing in 1–8 feet of water, its unique bill deflects sharply off timber, rocks, and shallow cover to trigger reaction strikes. These lures often feature a wide, ""hunting"" wobble.","Squarebill je mělce jdoucí, mělce se potápějící crankbait s plochou, hranatou lopatkou z plastu nebo z desky plošných spojů. Je určen k lovu ve vodě hluboké 1-8 stop a jeho charakteristická lopatka se ostře odráží od kmenů, kamenů a mělkých překážek, čímž vyvolává reflexní záběry. Tyto nástrahy mají často široký, ""hledací"" chod.","Ein Squarebill ist ein flach laufender, flach tauchender Crankbait mit einer flachen, eckigen Tauchschaufel aus Kunststoff oder Platinenmaterial. Er ist zum Angeln in 1-8 Fuß tiefem Wasser gedacht; seine besondere Schaufel prallt scharf von Holz, Steinen und Hindernissen im Flachwasser ab und löst so Reflexbisse aus. Diese Köder haben oft einen weiten, ""ausbrechenden"" Taumellauf.","Сквербилл — мелкоидущий кренкбейт с небольшим заглублением и плоской квадратной лопаткой из пластика или текстолита. Он рассчитан на ловлю на глубине от 1 до 8 футов, а его особая лопатка резко отскакивает от коряг, камней и укрытий на мелководье, провоцируя рефлекторные поклёвки. У таких приманок часто широкая ""рыскающая"" игра.","Squarebill to płytko pracujący, płytko nurkujący crankbait z płaskim, kwadratowym sterem z plastiku lub z płytki drukowanej. Przeznaczony jest do łowienia na głębokości 1-8 stóp, a jego charakterystyczny ster gwałtownie odbija się od zatopionych pni, kamieni i innych płytkich przeszkód, prowokując odruchowe brania. Przynęty te często mają szeroką, ""myszkującą"" pracę.","A squarebill sekélyen futó, kis mélységbe merülő crankbait, lapos, szögletes műanyag vagy nyáklemez terelőlappal. 1-8 láb mély vízhez tervezték; különleges terelőlapja élesen lepattan a fákról, kövekről és sekély akadókról, és ezzel reflexkapásokat vált ki. Ezek a csalik gyakran széles, ""kereső"" billegéssel mozognak.","Lo squarebill è un crankbait che nuota e si immerge a bassa profondità, caratterizzato da una paletta piatta e squadrata in plastica o in circuito stampato. Pensato per pescare in 1-8 piedi d'acqua, grazie alla sua paletta particolare rimbalza bruscamente contro tronchi, rocce e ostacoli in acqua bassa, provocando attacchi di reazione. Questi artificiali hanno spesso un'ampia oscillazione erratica (""hunting"").","El señuelo squarebill es un crankbait de nado somero y poca inmersión, caracterizado por una paleta plana y cuadrada de plástico o de placa de circuito impreso. Diseñado para pescar en aguas de 1 a 8 pies de profundidad, su paleta única rebota bruscamente en troncos, rocas y obstáculos poco profundos, lo que provoca ataques de reacción. Estos señuelos suelen tener un bamboleo amplio, de ""búsqueda"".","Le leurre squarebill est un crankbait à nage peu profonde et à faible plongée, reconnaissable à sa bavette plate et carrée en plastique ou en circuit imprimé. Conçu pour pêcher par 1 à 8 pieds d'eau, il possède une bavette unique qui ricoche franchement sur le bois, les roches et les obstacles peu profonds pour déclencher des attaques réflexes. Ces leurres ont souvent une nage large et ""chercheuse"".",方唇搖擺餌是一種淺泳、淺潛的搖擺餌，特徵是前端有一片扁平的方形潛水唇，材質為塑膠或電路板。它專為 1 至 8 英尺深的水域設計，獨特的潛水唇碰到沉木、岩石和淺水障礙物時會猛然彈開，從而誘發反射性的咬餌。這類假餌通常帶有大幅度的「遊走式」擺動。,スクエアビルは、平たい四角形のプラスチック製または基板製のリップを特徴とする、浅いレンジを引く潜行深度の浅いクランクベイトである。水深1～8フィートでの釣りに向けて設計されており、独特のリップが立ち木や岩、浅場のカバーに当たって鋭く弾かれるように向きを変え、リアクションバイトを誘う。ワイドで「ハンティング」するようなウォブリングアクションをもつものが多い。,"O squarebill é um crankbait de natação e mergulho pouco profundos, caracterizado por uma palheta plana e quadrada de plástico ou de placa de circuito. Concebido para pescar a 1-8 pés de profundidade, tem uma palheta especial que ressalta bruscamente em troncos, pedras e outros obstáculos em águas pouco profundas, provocando ataques de reação. Estas iscas têm muitas vezes uma oscilação larga, de ""procura"".",方唇摇摆饵是一种浅泳、浅潜的摇摆饵，特征是前端有一片扁平的方形潜水唇，材质为塑胶或电路板。它专为 1 至 8 英尺深的水域设计，独特的潜水唇碰到沉木、岩石和浅水障碍物时会猛然弹开，从而诱发反射性的咬饵。这类假饵通常带有大幅度的「游走式」摆动。
str_tools_baitbucket,Bait Bucket,Bait Bucket,Kbelík na návnady,Ködereimer,Ведро для наживки,Wiadro na przynęty,Csalis vödör,Secchiello per esche,Cubo de cebos,Seau à appâts,餌料桶,エサバケツ,Balde de iscas,饵料桶
str_tools_baitbucket_desc,A container that is used for holding minnows and other small aquatic life.,A container that is used for holding minnows and other small aquatic life.,"Nádoba, která se používá k uchovávání drobných rybek a jiných drobných vodních živočichů.","Ein Behälter, der zur Aufnahme von Elritzen und anderen kleinen Wassertieren verwendet wird.","Контейнер, используемый для содержания гольянов и других мелких водных обитателей.",Pojemnik używany do przechowywania rybek i innych małych organizmów wodnych.,Csalihalak és más apró vízi élőlények tartására szolgáló tartály.,Un contenitore per tenere pesciolini e altri piccoli animali acquatici.,Recipiente que se utiliza para contener pececillos y otros animales acuáticos pequeños.,Récipient utilisé pour contenir des vairons et d'autres petites espèces aquatiques.,用於盛放小魚和其他小型水生生物的容器。,ミノーなどの小さな水生生物を入れる容器。,Um recipiente utilizado para guardar peixinhos e outros pequenos animais aquáticos.,用于盛放小鱼和其他小型水生生物的容器。
str_tools_oldbluetackle,Old Blue Tackle Box,Old Blue Tackle Box,Stará modrá krabice na nástrahy,Alte blaue Tackle-Box,Старый синий ящик для снастей,Stare niebieskie pudełko wędkarskie,Régi kék horgászdoboz,Vecchia scatola blu per attrezzi da pesca,Caja de aparejos azul vieja,Vieille boîte de pêche bleue,舊藍色釣具箱,古い青いタックルボックス,Caixa de pesca azul antiga,旧蓝色钓具盒
str_tools_oldgreentackle,Old Green Tackle Box,Old Green Tackle Box,Stará zelená krabice na nástrahy,Alte grüne Tackle-Box,Старый зеленый ящик для снастей,Stare zielone pudełko wędkarskie,Régi zöld horgászdoboz,Vecchia scatola verde per attrezzi da pesca,Caja de aparejos verde vieja,Vieille boîte de pêche verte,舊綠色釣具箱,古い緑のタックルボックス,Caixa de pesca verde antiga,旧绿色钓具盒
str_tools_oldpurpletackle,Old Purple Tackle Box,Old Purple Tackle Box,Stará fialová krabice na nástrahy,Alte lila Tackle-Box,Старый фиолетовый ящик для снастей,Stare fioletowe pudełko wędkarskie,Régi lila horgászdoboz,Vecchia scatola viola per attrezzi da pesca,Caja de aparejos morada vieja,Vieille boîte de pêche violette,舊紫色釣具箱,古い紫のタックルボックス,Caixa de pesca roxa antiga,旧紫色钓具盒
str_tools_oldredtackle,Old Red Tackle Box,Old Red Tackle Box,Stará červená krabice na nástrahy,Alte rote Tackle-Box,Старый красный ящик для снастей,Stare czerwone pudełko wędkarskie,Régi piros horgászdoboz,Vecchia scatola rossa per attrezzi da pesca,Caja de aparejos roja vieja,Vieille boîte de pêche rouge,舊紅色釣具箱,古い赤いタックルボックス,Caixa de pesca vermelha antiga,旧红色钓具盒
str_tools_orangefishknife,Orange Fish Knife,Orange Fish Knife,Oranžový nůž na ryby,Orangefarbenes Fischmesser,Оранжевый нож для рыбы,Pomarańczowy nóż do ryb,Narancssárga halkés,Coltello da pesca arancione,Cuchillo naranja para pescado,Couteau de pêche orange,橙色魚刀,オレンジフィッシュナイフ,Faca laranja para peixe,橙色鱼刀
str_tools_orangetackle,Orange Tackle Box,Orange Tackle Box,Oranžová krabička na nástrahy,Orange Tackle-Box,Оранжевый ящик для снастей,Pomarańczowe pudełko wędkarskie,Narancssárga horgászdoboz,Scatola da pesca arancione,Caja de aparejos naranja,Boîte de pêche orange,橙色釣具箱,オレンジのタックルボックス,Caixa de pesca cor de laranja,橙色钓具盒
str_tools_pinktackle,Pink Tackle Box,Pink Tackle Box,Růžová krabička na nástrahy,Rosa Tackle-Box,Розовый ящик для снастей,Różowe pudełko wędkarskie,Rózsaszín horgászdoboz,Scatola da pesca rosa,Caja de aparejos rosa,Boîte de pêche rose,粉紅色釣具箱,ピンクのタックルボックス,Caixa de pesca cor-de-rosa,粉色钓具盒
str_tools_purplefishknife,Purple Fish Knife,Purple Fish Knife,Fialový nůž na ryby,Lila Fischmesser,Фиолетовый нож для рыбы,Fioletowy nóż do ryb,Lila halkés,Coltello da pesca viola,Cuchillo morado para pescado,Couteau de pêche violet,紫色魚刀,パープルフィッシュナイフ,Faca roxa para peixe,紫色鱼刀
str_tools_purplerod,Purple Fishing Rod,Purple Fishing Rod,Fialový rybářský prut,Lila Angelrute,Фиолетовая удочка,Fioletowa wędka,Lila horgászbot,Canna da pesca viola,Caña de pescar morada,Canne à pêche violette,紫色釣竿,紫の釣り竿,Cana de pesca roxa,紫色钓鱼竿
str_tools_purpletackle,Purple Tackle Box,Purple Tackle Box,Fialová krabička na nástrahy,Lila Tackle-Box,Фиолетовый ящик для снастей,Fioletowe pudełko wędkarskie,Lila horgászdoboz,Scatola da pesca viola,Caja de aparejos morada,Boîte de pêche violette,紫色釣具箱,紫のタックルボックス,Caixa de pesca roxa,紫色钓具盒
str_tools_redfishknife,Red Fish Knife,Red Fish Knife,Červený nůž na ryby,Rotes Fischmesser,Красный нож для рыбы,Czerwony nóż do ryb,Piros halkés,Coltello da pesca rosso,Cuchillo rojo para pescado,Couteau de pêche rouge,紅色魚刀,レッド・フィッシュ・ナイフ,Faca vermelha para peixe,红色鱼刀
str_tools_redrod,Red Fishing Rod,Red Fishing Rod,Červený rybářský prut,Rote Angelrute,Красная удочка,Czerwona wędka,Piros horgászbot,Canna da pesca rossa,Caña de pescar roja,Canne à pêche rouge,紅色釣竿,赤い釣り竿,Cana de pesca vermelha,红色钓鱼竿
str_tools_redtackle,Red Tackle Box,Red Tackle Box,Červená krabička na nástrahy,Rote Tackle-Box,Красный ящик для снастей,Czerwone pudełko wędkarskie,Piros horgászdoboz,Scatola da pesca rossa,Caja de aparejos roja,Boîte de pêche rouge,紅色釣具箱,赤いタックルボックス,Caixa de pesca vermelha,红色钓具盒
str_tools_rubberworm,Rubber Worm,Rubber Worm,Gumový červ,Gummiwurm,Резиновый червяк,Gumowy robak,Gumikukac,Verme di gomma,Gusano de goma,Ver en caoutchouc,軟膠蟲,ラバーワーム,Minhoca de borracha,软胶虫
str_tools_rubberworm_desc,A rubber worm,A rubber worm,Gumový červ,Ein Gummiwurm,Резиновый червяк,Gumowy robak,Egy gumikukac,Un verme di gomma,Un gusano de goma,Un ver en caoutchouc,軟膠蟲,ゴム製のワーム,Uma minhoca de borracha.,软胶虫
str_tools_smalltackle,Small Tackle Box,Small Tackle Box,Malá krabička na nástrahy,Kleine Tackle-Box,Маленький ящик для снастей,Małe pudełko wędkarskie,Kis horgászdoboz,Scatola da pesca piccola,Caja de aparejos pequeña,Petite boîte de pêche,小型釣具箱,小型タックルボックス,Caixa de pesca pequena,小型钓具盒
str_tools_smalltackle_desc,A small tackle box. A great place to store small fishing hooks and other equipment.,A small tackle box. A great place to store small fishing hooks and other equipment.,Malá krabička na náčiní. Skvělé místo pro uložení malých rybářských háčků a dalšího vybavení.,Eine kleine Tackle-Box. Ideal zum Aufbewahren kleiner Angelhaken und anderer Ausrüstung.,Небольшой ящик для снастей. Отличное место для хранения небольших рыболовных крючков и другого снаряжения.,Małe pudełko na sprzęt wędkarski. Świetne miejsce do przechowywania małych haczyków wędkarskich i innego sprzętu.,Egy kis horgászdoboz. Nagyszerű hely a kisebb horgászhorgok és egyéb felszerelések tárolására.,Una piccola scatola da pesca. Un ottimo posto per riporre piccoli ami e altra attrezzatura.,Una pequeña caja de aparejos. Un lugar ideal para guardar pequeños anzuelos y otros utensilios de pesca.,Une petite boîte de pêche. Un endroit idéal pour ranger les petits hameçons et autres équipements de pêche.,小型釣具箱。存放小魚鉤和其他設備的好地方。,小さなタックルボックス。小さな釣り針などを収納するのに最適。,Uma pequena caixa de pesca. Um ótimo sítio para guardar anzóis pequenos e outro equipamento.,小型钓具盒。存放小鱼钩和其他设备的好地方。
str_tools_spinnerbait_desc,"The in-line spinner is named for the fact that a metal blade revolves around a central axis (a wire), which may be attached by a clevis (a c-shaped metal piece with holes that accommodates the wire) or by itself. Most in-line spinners have metal weights rigged behind the spinning blade and beads or brass hardware that separates the two for frictionless spinning. Due to the fact that the spinning blade cause the whole bait to rotate, line twist builds that creates line problems and tangles. Swivels are used to solve the problem of twist.
","The in-line spinner is named for the fact that a metal blade revolves around a central axis (a wire), which may be attached by a clevis (a c-shaped metal piece with holes that accommodates the wire) or by itself. Most in-line spinners have metal weights rigged behind the spinning blade and beads or brass hardware that separates the two for frictionless spinning. Due to the fact that the spinning blade causes the whole bait to rotate, line twist builds up, which creates line problems and tangles. Swivels are used to solve the problem of twist.","Rotační třpytka (in-line spinner) dostala své jméno podle toho, že se její kovový lístek otáčí kolem středové osy (drátu), na které může být uchycen pomocí třmínku (kovového dílku ve tvaru písmene C s otvory, jimiž prochází drát) nebo přímo. Většina rotačních třpytek má za otáčivým lístkem kovové závaží a mezi nimi korálky nebo mosazné díly, které je oddělují, aby se lístek otáčel bez tření. Protože otáčející se lístek roztáčí celou nástrahu, vlasec se postupně zakrucuje, což vede k problémům s vlascem a k jeho zamotávání. Kroucení vlasce se řeší použitím obratlíků.","Der Inline-Spinner verdankt seinen Namen der Tatsache, dass sich ein Metallblatt um eine zentrale Achse (einen Draht) dreht; das Blatt kann über einen Clevis (ein C-förmiges Metallteil mit Löchern, durch das der Draht geführt wird) oder direkt am Draht befestigt sein. Die meisten Inline-Spinner haben hinter dem rotierenden Blatt Metallgewichte sowie Perlen oder Messingteile, die beides voneinander trennen, damit sich das Blatt reibungslos dreht. Da das rotierende Blatt den ganzen Köder mitdrehen lässt, entsteht Schnurdrall, der zu Problemen mit der Schnur und zu Verwicklungen führt. Um das Problem des Dralls zu lösen, verwendet man Wirbel.","Вращающаяся блесна (вертушка, in-line spinner) названа так потому, что её металлический лепесток вращается вокруг центральной оси — проволоки. Лепесток может крепиться к оси через клевис (С-образную металлическую скобку с отверстиями, через которые проходит проволока) или непосредственно. У большинства вертушек за вращающимся лепестком установлен металлический грузик, а между ними — бусины или латунные детали, благодаря которым лепесток вращается без трения. Поскольку вращающийся лепесток заставляет вращаться всю приманку, леска постепенно перекручивается, что приводит к проблемам с леской и её запутыванию. Чтобы избежать перекручивания, используют вертлюжки.","Błystka obrotowa (in-line spinner) zawdzięcza swoją nazwę temu, że metalowe skrzydełko obraca się wokół centralnej osi (drutu); skrzydełko może być zamocowane na strzemiączku (metalowym elemencie w kształcie litery C z otworami, przez które przechodzi drut) lub bezpośrednio na drucie. Większość błystek obrotowych ma za wirującym skrzydełkiem metalowe obciążenie, a między nimi koraliki lub mosiężne elementy, które je rozdzielają, aby skrzydełko obracało się bez tarcia. Ponieważ wirujące skrzydełko wprawia w obrót całą przynętę, żyłka stopniowo się skręca, co prowadzi do problemów z żyłką i jej plątania się. Problem skręcania się żyłki rozwiązuje się za pomocą krętlików.","Az in-line, vagyis körforgó villantó onnan kapta a nevét, hogy egy fémlapát forog egy központi tengely (egy drót) körül; a lapát egy kengyellel (a drótot befogadó, lyukas, C alakú fémdarabbal) vagy közvetlenül is rögzülhet. A legtöbb körforgó villantón a forgó lapát mögött fémsúly található, a kettőt pedig gyöngyök vagy sárgaréz alkatrészek választják el egymástól, hogy a lapát súrlódásmentesen foroghasson. Mivel a forgó lapát az egész csalit forgásba hozza, a zsinór megcsavarodik, ami zsinórproblémákhoz és gubancokhoz vezet. A csavarodás kiküszöbölésére forgókapcsokat használnak.","Il rotante in linea deve il suo nome al fatto che una paletta metallica ruota attorno a un asse centrale (un filo metallico), a cui può essere fissata tramite una forcella (un pezzetto di metallo a forma di C con dei fori in cui passa il filo) oppure direttamente. La maggior parte dei rotanti in linea ha dei pesi metallici montati dietro la paletta rotante e delle perline o minuterie in ottone che separano le due parti per una rotazione senza attrito. Poiché la paletta rotante fa girare tutta l'esca, la lenza si attorciglia sempre di più, causando problemi e grovigli. Per risolvere il problema della torsione si usano le girelle.","La cucharilla giratoria debe su nombre a que una pala metálica gira alrededor de un eje central (un alambre), al que puede ir sujeta mediante un estribo (una pieza metálica en forma de C con agujeros por los que pasa el alambre) o directamente. La mayoría de las cucharillas giratorias llevan lastres metálicos montados detrás de la pala giratoria, y cuentas o piezas de latón que separan ambos elementos para que la pala gire sin fricción. Como la pala giratoria hace girar todo el señuelo, el sedal se va retorciendo, lo que provoca problemas en el sedal y enredos. Para resolver el problema de la torsión se utilizan emerillones.","La cuiller tournante (ou spinner en ligne) doit son nom à sa palette métallique qui tourne autour d'un axe central (un fil métallique) ; cette palette peut y être fixée par un étrier (une petite pièce métallique en forme de C, percée de trous dans lesquels passe le fil) ou directement. La plupart des cuillers tournantes possèdent un lest métallique monté derrière la palette, ainsi que des perles ou des pièces en laiton qui les séparent pour une rotation sans frottement. Comme la rotation de la palette entraîne celle de tout le leurre, la ligne se vrille peu à peu, ce qui provoque des problèmes de ligne et des emmêlements. On utilise des émerillons pour résoudre ce problème de vrillage.",旋轉亮片（in-line spinner）因其金屬葉片圍繞一根中軸（鋼絲）旋轉而得名；葉片可以透過 U 形夾（clevis，一種帶孔、可讓鋼絲穿過的 C 形金屬片）安裝，也可以直接單獨套在中軸上。大多數旋轉亮片在旋轉葉片後方裝有金屬配重，並用珠子或黃銅配件將兩者隔開，讓葉片旋轉時不受摩擦。由於旋轉的葉片會帶動整個假餌轉動，釣線會逐漸扭轉，進而造成各種釣線問題和纏線。轉環就是用來解決扭線問題的。,インラインスピナーという名前は、金属製のブレードが中心軸（ワイヤー）の周りを回転することに由来する。ブレードはクレビス（ワイヤーを通す穴のあいたC字形の金属部品）を介して取り付けられることもあれば、ブレード単体で取り付けられることもある。ほとんどのインラインスピナーには、回転するブレードの後ろに金属製のウェイトが付いており、両者の間にはビーズや真鍮製のパーツが入って、摩擦なく回転するように隔てている。回転するブレードがルアー全体を回転させてしまうため、糸よれがたまってライントラブルや絡みの原因になる。この糸よれの問題を解決するために、スイベルが使われる。,"O spinner em linha deve o seu nome ao facto de uma lâmina de metal girar em torno de um eixo central (um fio), podendo estar presa a este por uma forquilha (uma peça de metal em forma de C, com orifícios por onde passa o fio) ou diretamente. A maioria dos spinners em linha tem pesos de metal montados atrás da lâmina giratória e contas ou peças de latão que separam os dois, para que a rotação se faça sem atrito. Como a lâmina giratória faz rodar toda a isca, a linha vai acumulando torção, o que provoca problemas e emaranhados. Para resolver o problema da torção, usam-se destorcedores.",旋转亮片（in-line spinner）因其金属叶片围绕一根中轴（钢丝）旋转而得名；叶片可以透过 U 形夹（clevis，一种带孔、可让钢丝穿过的 C 形金属片）安装，也可以直接单独套在中轴上。大多数旋转亮片在旋转叶片后方装有金属配重，并用珠子或黄铜配件将两者隔开，让叶片旋转时不受摩擦。由于旋转的叶片会带动整个假饵转动，钓线会逐渐扭转，进而造成各种钓线问题和缠线。转环就是用来解决扭线问题的。
str_tools_spinnerbait1,In-Line Spinner #1,In-Line Spinner #1,Rotační třpytka #1,Inline-Spinner #1,Блесна-вертушка №1,Błystka obrotowa #1,Körforgó villantó #1,Rotante in linea #1,Cucharilla giratoria #1,Cuiller tournante #1,旋轉亮片 #1,インラインスピナー #1,Spinner em linha #1,旋转亮片 #1
str_tools_spinnerbait2,In-Line Spinner #2,In-Line Spinner #2,Rotační třpytka #2,Inline-Spinner #2,Блесна-вертушка №2,Błystka obrotowa #2,Körforgó villantó #2,Rotante in linea #2,Cucharilla giratoria #2,Cuiller tournante #2,旋轉亮片 #2,インラインスピナー #2,Spinner em linha #2,旋转亮片 #2
str_tools_spinnerbait3,In-Line Spinner #3,In-Line Spinner #3,Rotační třpytka #3,Inline-Spinner #3,Блесна-вертушка №3,Błystka obrotowa #3,Körforgó villantó #3,Rotante in linea #3,Cucharilla giratoria #3,Cuiller tournante #3,旋轉亮片 #3,インラインスピナー #3,Spinner em linha #3,旋转亮片 #3
str_tools_spinnerbait4,In-Line Spinner #4,In-Line Spinner #4,Rotační třpytka #4,Inline-Spinner #4,Блесна-вертушка №4,Błystka obrotowa #4,Körforgó villantó #4,Rotante in linea #4,Cucharilla giratoria #4,Cuiller tournante #4,旋轉亮片 #4,インラインスピナー #4,Spinner em linha #4,旋转亮片 #4
str_tools_tackle_desc,A tackle box. Good place to store fishing equipment.,A tackle box. Good place to store fishing equipment.,Krabice na náčiní. Dobré místo pro uložení rybářského vybavení.,"Eine Tackle-Box. Gut geeignet, um Angelausrüstung aufzubewahren.",Ящик для снастей. Хорошее место для хранения рыболовного снаряжения.,Pudełko wędkarskie. Dobre miejsce do przechowywania sprzętu wędkarskiego.,Egy horgászdoboz. Jó hely a horgászfelszerelések tárolására.,Una scatola da pesca. Un buon posto per riporre l'attrezzatura da pesca.,Una caja de aparejos. Un buen lugar para guardar el equipo de pesca.,Une boîte de pêche. Un bon endroit pour ranger le matériel de pêche.,釣具箱。存放釣魚用具的好地方。,タックルボックス。釣り道具を入れるのにちょうどいい。,Uma caixa de equipamento. Bom sítio para guardar o equipamento de pesca.,钓具箱。存放钓鱼用具的好地方。
str_tools_wormcontainer,Worm Container,Worm Container,Nádoba na červy,Wurmdose,Контейнер для червей,Pojemnik na robaki,Gilisztatartó doboz,Contenitore per vermi,Contenedor de lombrices,Récipient à vers,蠕蟲容器,ミミズ入れ,Recipiente para minhocas,蠕虫容器
str_tools_wormcontainer_desc,A container that is used for holding earth worms.,A container that is used for holding earth worms.,"Nádoba, která se používá k uchovávání žížal.","Ein Behälter, der zur Aufnahme von Regenwürmern verwendet wird.","Контейнер, используемый для содержания земляных червей.",Pojemnik używany do przechowywania dżdżownic.,Földigiliszták tartására szolgáló tartály.,Un contenitore per tenere i lombrichi.,Recipiente que se utiliza para contener lombrices de tierra.,Récipient utilisé pour contenir les vers de terre.,用來裝蚯蚓的容器。,ミミズを入れる容器。,Um recipiente que serve para guardar minhocas.,用来装蚯蚓的容器。
str_tools_yellowfishknife,Yellow Fish Knife,Yellow Fish Knife,Žlutý nůž na ryby,Gelbes Fischmesser,Жёлтый нож для рыбы,Żółty nóż do ryb,Sárga halkés,Coltello da pesca giallo,Cuchillo amarillo para pescado,Couteau de pêche jaune,黃色魚刀,イエローフィッシュナイフ,Faca amarela para peixe,黄色鱼刀
str_tools_yellowtackle,Yellow Tackle Box,Yellow Tackle Box,Žlutá krabička na nástrahy,Gelbe Tackle-Box,Желтый ящик для снастей,Żółte pudełko wędkarskie,Sárga horgászdoboz,Scatola da pesca gialla,Caja de aparejos amarilla,Boîte de pêche jaune,黃色釣具箱,黄色のタックルボックス,Caixa de pesca amarela,黄色钓具盒
str_tool_craftmakeshiftfishingnet,Craft Bamboo Fishing Net,Craft Bamboo Fishing Net,Vyrobit bambusovou rybářskou síť,Bambus-Fischernetz herstellen,Сделать бамбуковую рыболовную сеть,Wykonaj bambusową sieć rybacką,Bambusz halászháló készítése,Crea rete da pesca in bambù,Fabricar red de pesca de bambú,Fabriquer un filet de pêche en bambou,製作竹製漁網,竹の漁網を作る,Fabricar rede de pesca de bambu,制作竹制渔网
str_fish_signalcrayfish,Signal Crayfish,Signal Crayfish,Rak signální,Signalkrebs,Сигнальный рак,Rak sygnałowy,Jelrák,Gambero segnale,Cangrejo señal,Écrevisse signal,信號螯蝦,ウチダザリガニ,Lagostim-sinal,信号螯虾
str_fish_signalcrayfish_desc,"The signal crayfish (Pacifastacus leniusculus) is a species of crayfish indigenous to North America. Introduced to Europe in the 1960s to supplement the North European Astacus astacus fisheries, which were being damaged by crayfish plague, it was subsequently discovered that the signal was itself a carrier of that disease. Consequently, the signal crayfish is now considered an invasive species across Europe, Japan, and California, having displaced the native species in these regions.","The signal crayfish (Pacifastacus leniusculus) is a species of crayfish indigenous to North America. Introduced to Europe in the 1960s to supplement the North European Astacus astacus fisheries, which were being damaged by crayfish plague, it was subsequently discovered that the signal was itself a carrier of that disease. Consequently, the signal crayfish is now considered an invasive species across Europe, Japan, and California, having displaced the native species in these regions.","Rak signální (Pacifastacus leniusculus) je druh raka původem ze Severní Ameriky. Do Evropy byl dovezen v 60. letech 20. století, aby doplnil severoevropské lovné populace raka Astacus astacus poškozené račím morem; následně se však zjistilo, že rak signální je sám přenašečem této nemoci. V důsledku toho je dnes rak signální považován za invazní druh v celé Evropě, v Japonsku a Kalifornii, kde vytlačil původní druhy.","Der Signalkrebs (Pacifastacus leniusculus) ist eine in Nordamerika heimische Flusskrebsart. Er wurde in den 1960er-Jahren nach Europa eingeführt, um die nordeuropäische Fischerei auf Astacus astacus zu ergänzen, die unter der Krebspest litt; später stellte sich heraus, dass der Signalkrebs selbst ein Überträger dieser Krankheit war. Deshalb gilt der Signalkrebs heute in ganz Europa, in Japan und in Kalifornien als invasive Art, die dort die einheimischen Arten verdrängt hat.","Сигнальный рак (Pacifastacus leniusculus) — вид раков, родина которого — Северная Америка. В 1960-х годах его завезли в Европу, чтобы поддержать североевропейский промысел широкопалого рака (Astacus astacus), страдавший от рачьей чумы, однако впоследствии выяснилось, что сигнальный рак сам является переносчиком этой болезни. Поэтому сейчас сигнальный рак считается инвазивным видом в Европе, Японии и Калифорнии, где он вытеснил местные виды.","Rak sygnałowy (Pacifastacus leniusculus) to gatunek raka pochodzący z Ameryki Północnej. Do Europy sprowadzono go w latach 60. XX wieku, aby zasilić północnoeuropejskie połowy raka szlachetnego (Astacus astacus), niszczone przez dżumę raków; później okazało się jednak, że sam rak sygnałowy jest nosicielem tej choroby. W rezultacie rak sygnałowy jest obecnie uważany za gatunek inwazyjny w całej Europie, w Japonii i w Kalifornii, gdzie wyparł rodzime gatunki.","A jelrák (Pacifastacus leniusculus) egy Észak-Amerikában őshonos rákfaj. Az 1960-as években hozták be Európába, hogy kiegészítse az észak-európai Astacus astacus halászatot, amelyet a rákpestis károsított, de később kiderült, hogy a jelrák maga is a betegség hordozója. Ennek következtében a jelrák ma már egész Európában, Japánban és Kaliforniában invazív fajnak számít, mivel kiszorította az őshonos fajokat ezeken a területeken.","Il gambero segnale (Pacifastacus leniusculus) è una specie di gambero d'acqua dolce originaria del Nord America. Fu introdotto in Europa negli anni '60 per integrare la pesca di Astacus astacus nel Nord Europa, danneggiata dalla peste del gambero, ma in seguito si scoprì che il gambero segnale era esso stesso portatore di questa malattia. Di conseguenza, oggi il gambero segnale è considerato una specie invasiva in tutta Europa, in Giappone e in California, dove ha soppiantato le specie autoctone.","El cangrejo señal (Pacifastacus leniusculus) es una especie de cangrejo de río originaria de Norteamérica. Se introdujo en Europa en la década de 1960 para reforzar las pesquerías de Astacus astacus del norte de Europa, que se estaban viendo afectadas por la peste del cangrejo, pero más tarde se descubrió que el propio cangrejo señal era portador de esa enfermedad. Por ello, el cangrejo señal se considera hoy una especie invasora en toda Europa, Japón y California, donde ha desplazado a las especies autóctonas.","L'écrevisse signal (Pacifastacus leniusculus) est une espèce d'écrevisse originaire d'Amérique du Nord. Elle a été introduite en Europe dans les années 1960 pour soutenir les pêcheries d'Astacus astacus d'Europe du Nord, mises à mal par la peste des écrevisses, mais on a découvert par la suite qu'elle était elle-même porteuse de cette maladie. L'écrevisse signal est donc aujourd'hui considérée comme une espèce envahissante dans toute l'Europe, au Japon et en Californie, où elle a supplanté les espèces indigènes.",信號螯蝦（Pacifastacus leniusculus）是一種原產於北美洲的螯蝦。1960 年代，它被引入歐洲，以補充北歐地區因螯蝦瘟疫而受創的歐洲螯蝦（Astacus astacus）漁業，但人們後來發現，信號螯蝦本身就是這種疾病的攜帶者。因此，信號螯蝦如今在歐洲各地、日本和加利福尼亞州被視為入侵物種，並已取代了這些地區的本土物種。,ウチダザリガニ（Pacifastacus leniusculus）は、北アメリカ原産のザリガニの一種である。ザリガニペストによって打撃を受けていた北ヨーロッパのヨーロッパザリガニ（Astacus astacus）漁業を補うため、1960年代にヨーロッパへ導入されたが、その後、本種自体がこの病気の保菌者であることが判明した。その結果、ウチダザリガニは現在、ヨーロッパ全域、日本、カリフォルニアで侵略的外来種とみなされており、これらの地域で在来種を駆逐している。,"O lagostim-sinal (Pacifastacus leniusculus) é uma espécie de lagostim originária da América do Norte. Foi introduzido na Europa na década de 1960 para reforçar as pescarias de Astacus astacus do norte da Europa, que estavam a ser afetadas pela peste do lagostim, mas descobriu-se depois que o próprio lagostim-sinal era portador dessa doença. Por isso, o lagostim-sinal é hoje considerado uma espécie invasora em toda a Europa, no Japão e na Califórnia, onde deslocou as espécies nativas.",信号螯虾（Pacifastacus leniusculus）是一种原产于北美洲的螯虾。1960 年代，它被引入欧洲，以补充北欧地区因螯虾瘟疫而受创的欧洲螯虾（Astacus astacus）渔业，但人们后来发现，信号螯虾本身就是这种疾病的携带者。因此，信号螯虾如今在欧洲各地、日本和加利福尼亚州被视为入侵物种，并已取代了这些地区的本土物种。
str_fish_europeancrayfish,European Crayfish,European Crayfish,Rak říční,Europäischer Flusskrebs,Широкопалый рак,Rak szlachetny,Folyami rák,Gambero di fiume europeo,Cangrejo de río europeo,Écrevisse européenne,歐洲螯蝦,ヨーロッパザリガニ,Lagostim europeu,欧洲螯虾
str_fish_europeancrayfish_desc,"Astacus astacus, the European crayfish, noble crayfish, or broad-fingered crayfish, is the most common species of crayfish in Europe, and a traditional food source. Like other true crayfish, A. astacus is restricted to fresh water, living only in unpolluted streams, rivers, and lakes. It is found from France throughout Central Europe, to the Balkan Peninsula, and north as far as Scandinavia and Finland, and Eastern Europe. Males may grow up to 16 cm (6 in) long, and females up to 12 centimetres (5 inches).","Astacus astacus, the European crayfish, noble crayfish, or broad-fingered crayfish, is the most common species of crayfish in Europe, and a traditional food source. Like other true crayfish, A. astacus is restricted to fresh water, living only in unpolluted streams, rivers, and lakes. It is found from France throughout Central Europe, to the Balkan Peninsula, and north as far as Scandinavia and Finland, and Eastern Europe. Males may grow up to 16 cm (6 in) long, and females up to 12 centimetres (5 inches).","Astacus astacus, rak evropský neboli rak říční, anglicky též ""broad-fingered crayfish"", je nejběžnějším druhem raka v Evropě a tradičním zdrojem potravy. Stejně jako ostatní praví raci žije A. astacus pouze ve sladké vodě, a to jen v neznečištěných potocích, řekách a jezerech. Vyskytuje se od Francie přes celou střední Evropu po Balkánský poloostrov, na severu až po Skandinávii a Finsko a také ve východní Evropě. Samci mohou dorůst délky až 16 cm (6 palců), samice až 12 centimetrů (5 palců).","Astacus astacus, der Europäische Flusskrebs, auch Edelkrebs oder im Englischen ""broad-fingered crayfish"" genannt, ist die häufigste Flusskrebsart Europas und eine traditionelle Nahrungsquelle. Wie andere echte Flusskrebse ist A. astacus auf Süßwasser beschränkt und lebt nur in unbelasteten Bächen, Flüssen und Seen. Er kommt von Frankreich über ganz Mitteleuropa bis zur Balkanhalbinsel vor, im Norden bis nach Skandinavien und Finnland sowie in Osteuropa. Männchen können bis zu 16 cm (6 Zoll) lang werden, Weibchen bis zu 12 Zentimeter (5 Zoll).","Astacus astacus, европейский рак, благородный рак или широкопалый рак, - самый распространенный вид раков в Европе и традиционный источник пищи. Как и другие настоящие раки, A. astacus ограничивается пресной водой, обитая только в незагрязненных ручьях, реках и озерах. Он встречается от Франции по всей Центральной Европе, до Балканского полуострова и на север до Скандинавии и Финляндии, а также в Восточной Европе. Самцы могут вырастать до 16 см (6 дюймов) в длину, а самки - до 12 см (5 дюймов).","Astacus astacus, czyli rak szlachetny, zwany też rakiem szerokoszczypcowym (ang. ""European crayfish""), to najpospolitszy gatunek raka w Europie i tradycyjne źródło pożywienia. Podobnie jak inne raki właściwe, A. astacus żyje wyłącznie w wodach słodkich, i to tylko w niezanieczyszczonych strumieniach, rzekach i jeziorach. Występuje od Francji przez Europę Środkową po Półwysep Bałkański, na północ aż po Skandynawię i Finlandię oraz w Europie Wschodniej. Samce mogą dorastać do 16 cm (6 cali) długości, a samice do 12 centymetrów (5 cali).","Az Astacus astacus, vagyis a folyami rák, más néven nemes rák (angolul ""broad-fingered crayfish"" néven is ismert), Európa leggyakoribb rákfaja és hagyományos táplálékforrás. A többi valódi folyami rákhoz hasonlóan az A. astacus is csak édesvízben él, kizárólag szennyezetlen patakokban, folyókban és tavakban. Franciaországtól Közép-Európán át a Balkán-félszigetig, északon egészen Skandináviáig és Finnországig, valamint Kelet-Európában is megtalálható. A hímek akár 16 cm (6 hüvelyk), a nőstények akár 12 centiméter (5 hüvelyk) hosszúra is megnőhetnek.","Astacus astacus, il gambero di fiume europeo, detto anche gambero nobile o, in inglese, ""broad-fingered crayfish"", è la specie di gambero d'acqua dolce più comune in Europa e una fonte di cibo tradizionale. Come gli altri veri gamberi d'acqua dolce, A. astacus è limitato alle acque dolci e vive solo in torrenti, fiumi e laghi non inquinati. È presente dalla Francia a tutta l'Europa centrale, fino alla penisola balcanica, e a nord fino alla Scandinavia e alla Finlandia, oltre che nell'Europa orientale. I maschi possono raggiungere i 16 cm (6 pollici) di lunghezza e le femmine i 12 centimetri (5 pollici).","Astacus astacus, el cangrejo de río europeo, cangrejo noble o, en inglés, ""broad-fingered crayfish"", es la especie de cangrejo de río más común de Europa y una fuente tradicional de alimento. Como otros cangrejos de río verdaderos, A. astacus está restringido al agua dulce y solo vive en arroyos, ríos y lagos no contaminados. Se encuentra desde Francia, a través de Europa Central, hasta la península balcánica, y hacia el norte hasta Escandinavia y Finlandia, así como en Europa del Este. Los machos pueden alcanzar 16 cm (6 pulgadas) de longitud, y las hembras, 12 centímetros (5 pulgadas).","Astacus astacus, l'écrevisse européenne, également appelée écrevisse noble ou, en anglais, ""broad-fingered crayfish"", est l'espèce d'écrevisse la plus commune en Europe et une source de nourriture traditionnelle. Comme les autres écrevisses vraies, A. astacus vit uniquement en eau douce, et seulement dans les ruisseaux, rivières et lacs non pollués. On la trouve de la France à toute l'Europe centrale, jusqu'à la péninsule des Balkans, et au nord jusqu'en Scandinavie et en Finlande, ainsi qu'en Europe de l'Est. Les mâles peuvent atteindre 16 cm (6 in) de long, et les femelles 12 centimètres (5 pouces).",Astacus astacus，即歐洲螯蝦，英文又稱「noble crayfish」或「broad-fingered crayfish」，是歐洲最常見的螯蝦，也是傳統的食物來源。與其他真正的螯蝦一樣，A. astacus 只生活在淡水中，而且只棲息於未受汙染的溪流、河流和湖泊。它的分佈範圍從法國經整個中歐延伸至巴爾幹半島，北至斯堪的納維亞和芬蘭，以及東歐。雄性體長可達 16 公分（6 英寸），雌性可達 12 公分（5 英寸）。,ヨーロッパザリガニ（Astacus astacus）は、英語では「ノーブル・クレイフィッシュ」や「ブロードフィンガード・クレイフィッシュ」とも呼ばれ、ヨーロッパで最も一般的なザリガニであり、伝統的な食材でもある。ほかの真のザリガニ類と同様に、A. astacusは淡水にしか生息できず、汚染されていない小川、河川、湖だけにすむ。フランスから中央ヨーロッパ全域、バルカン半島にかけて分布し、北はスカンジナビアとフィンランド、さらに東ヨーロッパにまで及ぶ。雄は体長16cm（6インチ）、雌は12センチメートル（5インチ）にまで成長する。,"Astacus astacus, o lagostim europeu, também chamado lagostim-nobre ou, em inglês, ""broad-fingered crayfish"", é a espécie de lagostim mais comum na Europa e um alimento tradicional. Tal como os outros lagostins verdadeiros, o A. astacus está restrito à água doce e vive apenas em riachos, rios e lagos não poluídos. Encontra-se desde a França, por toda a Europa Central, até à Península Balcânica, e para norte até à Escandinávia e à Finlândia, bem como na Europa de Leste. Os machos podem atingir 16 cm (6 pol.) de comprimento, e as fêmeas até 12 centímetros (5 polegadas).",Astacus astacus，即欧洲螯虾，英文又称「noble crayfish」或「broad-fingered crayfish」，是欧洲最常见的螯虾，也是传统的食物来源。与其他真正的螯虾一样，A. astacus 只生活在淡水中，而且只栖息于未受污染的溪流、河流和湖泊。它的分布范围从法国经整个中欧延伸至巴尔干半岛，北至斯堪的纳维亚和芬兰，以及东欧。雄性体长可达 16 公分（6 英寸），雌性可达 12 公分（5 英寸）。
str_fish_americanlobster,American Lobster,American Lobster,Humr americký,Amerikanischer Hummer,Американский омар,Homar amerykański,Amerikai homár,Astice americano,Bogavante americano,Homard américain,美洲龍蝦,アメリカン・ロブスター,Lagosta americana,美洲龙虾
str_fish_americanlobster_desc,"The American lobster (Homarus americanus) is a species of lobster found on the Atlantic coast of North America, chiefly from Labrador to New Jersey. It is also known as Atlantic lobster, Canadian lobster, true lobster, northern lobster, Canadian Reds, or Maine lobster. It can reach a body length of 64 cm (25 in), and a mass of over 20 kilograms (44 lb), making it not only the heaviest crustacean in the world, but also the heaviest of all living arthropod species. Its closest relative is the European lobster Homarus gammarus, which can be distinguished by its coloration and the lack of spines on the underside of the rostrum. American lobsters are usually bluish green to brown with red spines, but several color variations have been observed.","The American lobster (Homarus americanus) is a species of lobster found on the Atlantic coast of North America, chiefly from Labrador to New Jersey. It is also known as Atlantic lobster, Canadian lobster, true lobster, northern lobster, Canadian Reds, or Maine lobster. It can reach a body length of 64 cm (25 in), and a mass of over 20 kilograms (44 lb), making it not only the heaviest crustacean in the world, but also the heaviest of all living arthropod species. Its closest relative is the European lobster Homarus gammarus, which can be distinguished by its coloration and the lack of spines on the underside of the rostrum. American lobsters are usually bluish green to brown with red spines, but several color variations have been observed.","Humr americký (Homarus americanus) je druh humra, který se vyskytuje na atlantském pobřeží Severní Ameriky, především od Labradoru po New Jersey. Anglicky je znám také jako ""Atlantic lobster"", ""Canadian lobster"", ""true lobster"", ""northern lobster"", ""Canadian Reds"" nebo ""Maine lobster"". Může dosáhnout délky těla 64 cm (25 palců) a hmotnosti přes 20 kilogramů (44 liber), což z něj činí nejen nejtěžšího korýše na světě, ale i nejtěžšího ze všech žijících druhů členovců. Jeho nejbližším příbuzným je humr evropský (Homarus gammarus), kterého lze rozlišit podle zbarvení a podle chybějících ostnů na spodní straně rostra. Američtí humři jsou obvykle modrozelení až hnědí s červenými ostny, bylo však pozorováno i několik barevných variant.","Der Amerikanische Hummer (Homarus americanus) ist eine Hummerart, die an der Atlantikküste Nordamerikas vorkommt, vor allem von Labrador bis New Jersey. Im Englischen ist er auch als ""Atlantic lobster"", ""Canadian lobster"", ""true lobster"", ""northern lobster"", ""Canadian Reds"" oder ""Maine lobster"" bekannt. Er kann eine Körperlänge von 64 cm (25 Zoll) und ein Gewicht von über 20 Kilogramm (44 lb) erreichen und ist damit nicht nur das schwerste Krebstier der Welt, sondern auch die schwerste aller lebenden Gliederfüßerarten. Sein nächster Verwandter ist der Europäische Hummer Homarus gammarus, der sich von ihm durch die Färbung und das Fehlen von Dornen an der Unterseite des Rostrums unterscheiden lässt. Amerikanische Hummer sind meist bläulich grün bis braun mit roten Dornen, es wurden aber auch verschiedene Farbvarianten beobachtet.","Американский омар (Homarus americanus) — вид омаров, обитающий у атлантического побережья Северной Америки, главным образом от Лабрадора до Нью-Джерси. В английском его также называют ""Atlantic lobster"", ""Canadian lobster"", ""true lobster"", ""northern lobster"", ""Canadian Reds"" или ""Maine lobster"". Длина его тела может достигать 64 см (25 дюймов), а масса — более 20 килограммов (44 фунта), что делает его не только самым тяжёлым ракообразным в мире, но и самым тяжёлым из всех ныне живущих видов членистоногих. Его ближайший родственник — европейский омар Homarus gammarus, которого можно отличить по окраске и отсутствию шипов на нижней стороне рострума. Американские омары обычно голубовато-зелёные или коричневые с красными шипами, но встречаются и другие варианты окраски.","Homar amerykański (Homarus americanus) to gatunek homara występujący na atlantyckim wybrzeżu Ameryki Północnej, głównie od Labradoru po New Jersey. Po angielsku nazywany jest również ""Atlantic lobster"", ""Canadian lobster"", ""true lobster"", ""northern lobster"", ""Canadian Reds"" lub ""Maine lobster"". Może osiągać 64 cm (25 cali) długości ciała i ponad 20 kilogramów (44 funty) masy, co czyni go nie tylko najcięższym skorupiakiem na świecie, ale też najcięższym ze wszystkich żyjących gatunków stawonogów. Jego najbliższym krewnym jest homar europejski (Homarus gammarus), którego można rozpoznać po ubarwieniu i braku kolców na spodniej stronie rostrum. Homary amerykańskie są zwykle niebieskawozielone do brązowych, z czerwonymi kolcami, ale zaobserwowano też kilka innych odmian barwnych.","Az amerikai homár (Homarus americanus) Észak-Amerika atlanti partvidékén, főként Labradortól New Jerseyig előforduló homárfaj. Angolul ""Atlantic lobster"", ""Canadian lobster"", ""true lobster"", ""northern lobster"", ""Canadian Reds"" vagy ""Maine lobster"" néven is ismert. Testhossza elérheti a 64 cm-t (25 hüvelyk), tömege pedig a 20 kilogrammot (44 font) is meghaladhatja, így nemcsak a világ legnehezebb rákféléje, hanem a legnehezebb ma élő ízeltlábú faj is. Legközelebbi rokona az európai homár (Homarus gammarus), amely színezete alapján, valamint arról ismerhető fel, hogy a rostrum alsó oldalán nincsenek tüskék. Az amerikai homár általában kékeszöldtől barnáig terjedő színű, vörös tüskékkel, de számos színváltozatát is megfigyelték már.","L'astice americano (Homarus americanus) è una specie di astice presente sulla costa atlantica del Nord America, soprattutto dal Labrador al New Jersey. È noto anche come astice canadese e, in inglese, ""Atlantic lobster"", ""true lobster"", ""northern lobster"", ""Canadian Reds"" o ""Maine lobster"". Può raggiungere una lunghezza del corpo di 64 cm (25 pollici) e una massa di oltre 20 chilogrammi (44 libbre), il che lo rende non solo il crostaceo più pesante del mondo, ma anche la specie più pesante tra tutti gli artropodi viventi. Il suo parente più stretto è l'astice europeo, Homarus gammarus, che si distingue per la colorazione e per l'assenza di spine sulla parte inferiore del rostro. L'astice americano è di solito di colore variabile dal verde bluastro al marrone, con spine rosse, ma sono state osservate diverse varianti di colore.","El bogavante americano (Homarus americanus) es una especie de bogavante que se encuentra en la costa atlántica de Norteamérica, principalmente desde Labrador hasta Nueva Jersey. También se le conoce como langosta de Maine y, en inglés, como ""Atlantic lobster"", ""Canadian lobster"", ""true lobster"", ""northern lobster"" o ""Canadian Reds"". Puede alcanzar una longitud corporal de 64 cm (25 pulgadas) y una masa de más de 20 kilogramos (44 libras), lo que lo convierte no solo en el crustáceo más pesado del mundo, sino también en la especie de artrópodo viva más pesada. Su pariente más cercano es el bogavante europeo, Homarus gammarus, que se distingue por su coloración y por la ausencia de espinas en la cara inferior del rostro. Los bogavantes americanos suelen ser de color verde azulado a marrón, con espinas rojas, pero se han observado diversas variaciones de color.","Le homard américain (Homarus americanus) est une espèce de homard présente sur la côte atlantique de l'Amérique du Nord, principalement du Labrador au New Jersey. Il est aussi appelé homard de l'Atlantique, homard canadien, ""true lobster"", ""northern lobster"", ""Canadian Reds"" ou homard du Maine. Il peut atteindre une longueur de corps de 64 cm (25 in) et une masse de plus de 20 kilogrammes (44 lb), ce qui en fait non seulement le crustacé le plus lourd du monde, mais aussi la plus lourde de toutes les espèces d'arthropodes vivantes. Son plus proche parent est le homard européen, Homarus gammarus, qui s'en distingue par sa coloration et par l'absence d'épines sous le rostre. Les homards américains sont généralement vert bleuté à brun, avec des épines rouges, mais plusieurs variations de couleur ont été observées.",美洲龍蝦（Homarus americanus）是一種分佈於北美洲大西洋沿岸的龍蝦，主要見於拉布拉多至新澤西州一帶。它的英文又稱「Atlantic lobster」、「Canadian lobster」、「true lobster」、「northern lobster」、「Canadian Reds」或「Maine lobster」。它的體長可達 64 公分（25 英寸），體重可超過 20 公斤（44 磅），不僅是世界上最重的甲殼動物，也是現存所有節肢動物中最重的物種。與它親緣關係最近的是歐洲龍蝦（Homarus gammarus），後者可以從體色以及額角下方沒有棘刺來區分。美洲龍蝦通常呈藍綠色至褐色，帶有紅色棘刺，但也曾觀察到多種體色變異。,アメリカン・ロブスター（Homarus americanus）は、北アメリカの大西洋岸、主にラブラドールからニュージャージー州にかけて生息するロブスターの一種である。アトランティック・ロブスター、カナディアン・ロブスター、トゥルー・ロブスター、ノーザン・ロブスター、カナディアン・レッド、メイン・ロブスターとも呼ばれる。体長は64cm（25インチ）、体重は20キログラム（44ポンド）以上に達することがあり、世界で最も重い甲殻類であるだけでなく、現生のあらゆる節足動物の中で最も重い種でもある。最も近縁な種はヨーロッパロブスター（Homarus gammarus）で、こちらは体色と、額角の下側に棘がないことで見分けられる。アメリカン・ロブスターは通常、青みがかった緑色から褐色で赤い棘をもつが、いくつかの色彩変異も観察されている。,"A lagosta americana (Homarus americanus) é uma espécie de lagosta que se encontra na costa atlântica da América do Norte, sobretudo do Labrador à Nova Jérsia. É também conhecida como ""Atlantic lobster"", ""Canadian lobster"", ""true lobster"", ""northern lobster"", ""Canadian Reds"" ou ""Maine lobster"". Pode atingir um comprimento corporal de 64 cm (25 pol.) e uma massa de mais de 20 quilogramas (44 lb), o que faz dela não só o crustáceo mais pesado do mundo, mas também o mais pesado de todos os artrópodes vivos. O seu parente mais próximo é a lagosta europeia, Homarus gammarus, que se distingue pela coloração e pela ausência de espinhos na parte inferior do rostro. As lagostas americanas são geralmente de cor entre o verde-azulado e o castanho, com espinhos vermelhos, mas já foram observadas várias variações de cor.",美洲龙虾（Homarus americanus）是一种分布于北美洲大西洋沿岸的龙虾，主要见于拉布拉多至新泽西州一带。它的英文又称「Atlantic lobster」、「Canadian lobster」、「true lobster」、「northern lobster」、「Canadian Reds」或「Maine lobster」。它的体长可达 64 公分（25 英寸），体重可超过 20 公斤（44 磅），不仅是世界上最重的甲壳动物，也是现存所有节肢动物中最重的物种。与它亲缘关系最近的是欧洲龙虾（Homarus gammarus），后者可以从体色以及额角下方没有棘刺来区分。美洲龙虾通常呈蓝绿色至褐色，带有红色棘刺，但也曾观察到多种体色变异。
str_fish_americanlobster_claw,American Lobster Claw,American Lobster Claw,Klepeto humra amerického,Amerikanische Hummerschere,Клешня американского омара,Szczypce homara amerykańskiego,Amerikai homár olló,Chela di astice americano,Pinza de bogavante americano,Pince de homard américain,美洲龍蝦鉗,アメリカン・ロブスター・クロー,Garra de lagosta americana,美洲龙虾钳
str_fish_americanlobster_tail,American Lobster Tail,American Lobster Tail,Ocas humra amerického,Amerikanischer Hummerschwanz,Хвост американского омара,Ogon homara amerykańskiego,Amerikai homárfarok,Coda di astice americano,Cola de bogavante americano,Queue de homard américain,美洲龍蝦尾,アメリカン・ロブスター・テール,Cauda de lagosta americana,美洲龙虾尾
str_fish_europeanlobster,European Lobster,European Lobster,Humr evropský,Europäischer Hummer,Европейский омар,Homar europejski,Európai homár,Astice europeo,Bogavante europeo,Homard européen,歐洲龍蝦,ヨーロッパロブスター,Lagosta europeia,欧洲龙虾
str_fish_europeanlobster_desc,"Homarus gammarus, known as the European lobster or common lobster, is a species of clawed lobster from the eastern Atlantic Ocean, Mediterranean Sea and parts of the Black Sea. It is closely related to the American lobster, H. americanus. It may grow to a length of 60 cm (24 in) and a mass of 6 kilograms (13 lb), and bears a conspicuous pair of claws. In life, the lobsters are blue, only becoming ""lobster red"" on cooking. Mating occurs in the summer, producing eggs which are carried by the females for up to a year before hatching into planktonic larvae. Homarus gammarus is a highly esteemed food, and is widely caught using lobster pots, mostly around the British Isles.","Homarus gammarus, known as the European lobster or common lobster, is a species of clawed lobster from the eastern Atlantic Ocean, Mediterranean Sea and parts of the Black Sea. It is closely related to the American lobster, H. americanus. It may grow to a length of 60 cm (24 in) and a mass of 6 kilograms (13 lb), and bears a conspicuous pair of claws. In life, the lobsters are blue, only becoming ""lobster red"" on cooking. Mating occurs in the summer, producing eggs which are carried by the females for up to a year before hatching into planktonic larvae. Homarus gammarus is a highly esteemed food, and is widely caught using lobster pots, mostly around the British Isles.","Homarus gammarus, známý jako humr evropský (anglicky též ""common lobster""), je druh humra z východního Atlantského oceánu, Středozemního moře a části Černého moře. Je blízce příbuzný americkému humrovi (H. americanus). Může dorůst délky 60 cm (24 palců) a hmotnosti 6 kilogramů (13 liber) a má nápadný pár klepet. Zaživa jsou humři modří a ""humří červeň"" získávají až při vaření. K páření dochází v létě a samice pak nosí vajíčka až rok, než se z nich vylíhnou planktonní larvy. Homarus gammarus je vysoce ceněnou potravinou a hojně se loví do vrší na humry, především v okolí Britských ostrovů.","Homarus gammarus, bekannt als Europäischer Hummer oder im Englischen auch ""common lobster"", ist eine Hummerart aus dem östlichen Atlantik, dem Mittelmeer und Teilen des Schwarzen Meeres. Er ist eng mit dem Amerikanischen Hummer, H. americanus, verwandt. Er kann 60 cm (24 Zoll) lang und 6 Kilogramm (13 lb) schwer werden und trägt ein auffälliges Scherenpaar. Lebend sind die Hummer blau und werden erst beim Kochen ""hummerrot"". Die Paarung findet im Sommer statt; die Eier tragen die Weibchen bis zu einem Jahr mit sich, bevor daraus planktonische Larven schlüpfen. Homarus gammarus ist ein hoch geschätztes Lebensmittel und wird vielerorts mit Hummerkörben gefangen, vor allem rund um die Britischen Inseln.","Homarus gammarus, известный как европейский, или обыкновенный, омар, — вид настоящих (клешненосных) омаров из восточной части Атлантического океана, Средиземного моря и части Чёрного моря. Он близкородствен американскому омару (H. americanus). Может вырастать до 60 см (24 дюйма) в длину и до 6 килограммов (13 фунтов) веса; у него бросающаяся в глаза пара клешней. При жизни эти омары синие и становятся ""омарово-красными"" только при варке. Спаривание происходит летом; самки вынашивают отложенную икру до года, после чего из неё выводятся планктонные личинки. Homarus gammarus — высоко ценимый деликатес; его широко ловят омаровыми ловушками, в основном у Британских островов.","Homarus gammarus, znany jako homar europejski (ang. także ""common lobster""), to gatunek homara ze wschodniego Oceanu Atlantyckiego, Morza Śródziemnego i części Morza Czarnego. Jest blisko spokrewniony z homarem amerykańskim, H. americanus. Może osiągać 60 cm (24 cale) długości i 6 kilogramów (13 funtów) masy, a jego cechą charakterystyczną jest okazała para szczypiec. Żywe homary są niebieskie, a ""homarowoczerwone"" stają się dopiero po ugotowaniu. Do kopulacji dochodzi latem; samice noszą jaja nawet przez rok, zanim wylęgną się z nich planktoniczne larwy. Homarus gammarus jest bardzo cenionym przysmakiem i powszechnie poławia się go w pułapki na homary, głównie wokół Wysp Brytyjskich.","A Homarus gammarus, vagyis az európai homár, más néven közönséges homár, az Atlanti-óceán keleti részén, a Földközi-tengerben és a Fekete-tenger egyes részein élő ollós homárfaj. Közeli rokona az amerikai homár (H. americanus). Hossza elérheti a 60 cm-t (24 hüvelyk), tömege a 6 kilogrammot (13 font), és feltűnő ollópárt visel. Élő állapotban a homárok kék színűek, és csak főzéskor válnak ""homárvörössé"". A párzás nyáron történik; a nőstények a petéket akár egy évig is magukon hordozzák, mielőtt azokból planktonikus lárvák kelnének ki. A Homarus gammarus nagyra becsült csemege, és homárcsapdákkal széles körben halásszák, főként a Brit-szigetek környékén.","Homarus gammarus, noto come astice europeo o astice comune, è una specie di astice dell'Oceano Atlantico orientale, del Mar Mediterraneo e di alcune zone del Mar Nero. È strettamente imparentato con l'astice americano, H. americanus. Può raggiungere una lunghezza di 60 cm (24 pollici) e una massa di 6 chilogrammi (13 libbre) e possiede un vistoso paio di chele. Da vivi, gli astici sono blu e diventano ""rosso aragosta"" solo con la cottura. L'accoppiamento avviene in estate; le uova prodotte vengono portate dalle femmine fino a un anno prima di schiudersi, liberando larve planctoniche. Homarus gammarus è un alimento molto apprezzato e viene pescato in grandi quantità con le nasse, soprattutto intorno alle isole britanniche.","Homarus gammarus, conocido como bogavante europeo o bogavante común, es una especie de bogavante (langosta con pinzas) del este del océano Atlántico, el mar Mediterráneo y partes del mar Negro. Está estrechamente emparentado con el bogavante americano, H. americanus. Puede alcanzar una longitud de 60 cm (24 pulgadas) y una masa de 6 kilogramos (13 libras), y tiene un llamativo par de pinzas. En vida, estos bogavantes son azules y solo adquieren el color ""rojo langosta"" al cocinarlos. El apareamiento tiene lugar en verano y da lugar a huevos que las hembras transportan durante un máximo de un año antes de que eclosionen en larvas planctónicas. Homarus gammarus es un alimento muy apreciado y se captura ampliamente con nasas, sobre todo en torno a las islas británicas.","Homarus gammarus, appelé homard européen ou homard commun, est une espèce de homard à pinces de l'est de l'océan Atlantique, de la mer Méditerranée et de certaines parties de la mer Noire. Il est étroitement apparenté au homard américain, H. americanus. Il peut atteindre une longueur de 60 cm (24 in) et une masse de 6 kilogrammes (13 lb), et porte une paire de pinces bien visibles. Vivants, ces homards sont bleus et ne deviennent ""rouge homard"" qu'à la cuisson. L'accouplement a lieu en été ; les œufs produits sont portés par les femelles jusqu'à un an avant d'éclore en larves planctoniques. Homarus gammarus est un mets très apprécié, largement pêché au casier, surtout autour des îles Britanniques.",Homarus gammarus，即歐洲龍蝦，英文又稱「common lobster」，是一種有螯龍蝦，分佈於東大西洋、地中海和黑海部分海域。它與美洲龍蝦（H. americanus）親緣關係密切。它的體長可達 60 公分（24 英寸），體重可達 6 公斤（13 磅），並長有一對顯眼的大螯。活體歐洲龍蝦呈藍色，只有在烹煮後才會變成「龍蝦紅」。交配在夏季進行，產下的卵由雌蝦攜帶長達一年，之後孵化成浮游幼體。Homarus gammarus 是備受推崇的食材，人們廣泛使用龍蝦籠捕撈，捕撈地點大多在不列顛群島周邊。,ヨーロッパロブスター（Homarus gammarus）は、英語では「コモン・ロブスター」とも呼ばれる、大西洋東部、地中海、黒海の一部に分布する、はさみをもつロブスターの一種である。アメリカン・ロブスター（H. americanus）と近縁である。体長60cm（24インチ）、体重6キログラム（13ポンド）にまで成長し、目立つ一対のはさみをもつ。生きているときは青色で、加熱調理されて初めて「ロブスターレッド」になる。交尾は夏に行われ、産まれた卵は雌が最長1年ほど抱えたのち、ふ化してプランクトン性の幼生になる。Homarus gammarusは非常に珍重される食材で、主にイギリス諸島の周辺で、ロブスター用のかごを使って広く漁獲されている。,"Homarus gammarus, conhecida como lagosta europeia (em inglês também ""common lobster""), é uma espécie de lagosta com garras do leste do Oceano Atlântico, do Mar Mediterrâneo e de partes do Mar Negro. É estreitamente aparentada com a lagosta americana, H. americanus. Pode atingir 60 cm (24 pol.) de comprimento e uma massa de 6 quilogramas (13 lb), e tem um par de garras bem visível. Em vida, estas lagostas são azuis, e só ficam ""vermelho lagosta"" quando cozinhadas. O acasalamento ocorre no verão, e os ovos produzidos são transportados pelas fêmeas durante um período que pode chegar a um ano, antes de eclodirem em larvas planctónicas. Homarus gammarus é um alimento muito apreciado e é amplamente capturado com covos, sobretudo em redor das Ilhas Britânicas.",Homarus gammarus，即欧洲龙虾，英文又称「common lobster」，是一种有螯龙虾，分布于东大西洋、地中海和黑海部分海域。它与美洲龙虾（H. americanus）亲缘关系密切。它的体长可达 60 公分（24 英寸），体重可达 6 公斤（13 磅），并长有一对显眼的大螯。活体欧洲龙虾呈蓝色，只有在烹煮后才会变成「龙虾红」。交配在夏季进行，产下的卵由雌虾携带长达一年，之后孵化成浮游幼体。Homarus gammarus 是备受推崇的食材，人们广泛使用龙虾笼捕捞，捕捞地点大多在不列颠群岛周边。
str_fish_europeanlobster_claw,European Lobster Claw,European Lobster Claw,Klepeto evropského humra,Europäische Hummerschere,Клешня европейского омара,Szczypce homara europejskiego,Európai homár olló,Chela di astice europeo,Pinza de bogavante europeo,Pince de homard européen,歐洲龍蝦鉗,ヨーロッパロブスター・クロー,Garra de lagosta europeia,欧洲龙虾钳
str_fish_europeanlobster_tail,European Lobster Tail,European Lobster Tail,Ocas evropského humra,Europäischer Hummerschwanz,Хвост европейского омара,Ogon homara europejskiego,Európai homárfarok,Coda di astice europeo,Cola de bogavante europeo,Queue de homard européen,歐洲龍蝦尾,ヨーロッパロブスター・テール,Cauda de lagosta europeia,欧洲龙虾尾
str_fish_snowcrab,Snow Crab,Snow Crab,Sněžný krab,Schneekrabbe,Снежный краб,Krab śnieżny,Hórák,Granchio delle nevi,Cangrejo de las nieves,Crabe des neiges,雪蟹,ズワイガニ,Caranguejo das neves,雪蟹
str_fish_snowcrab_desc,"Chionoecetes opilio, a species of snow crab, also known as opilio crab or opies, is a predominantly epifaunal crustacean native to shelf depths in the northwest Atlantic Ocean and north Pacific Ocean. It is a well-known commercial species of Chionoecetes, often caught with traps or by trawling. Seven species are in the genus Chionoecetes, all of which bear the name ""snow crab"". C. opilio is related to C. bairdi, commonly known as the tanner crab, and other crab species found in the cold, northern oceans.","Chionoecetes opilio, a species of snow crab, also known as opilio crab or opies, is a predominantly epifaunal crustacean native to shelf depths in the northwest Atlantic Ocean and north Pacific Ocean. It is a well-known commercial species of Chionoecetes, often caught with traps or by trawling. Seven species are in the genus Chionoecetes, all of which bear the name ""snow crab"". C. opilio is related to C. bairdi, commonly known as the tanner crab, and other crab species found in the cold, northern oceans.","Chionoecetes opilio, jeden z druhů sněžných krabů, známý také jako krab opilio nebo ""opies"", je převážně epifaunní korýš původní v šelfových hloubkách severozápadního Atlantiku a severního Tichého oceánu. Je to známý komerčně lovený druh rodu Chionoecetes, který se často loví do pastí nebo vlečnými sítěmi. Rod Chionoecetes zahrnuje sedm druhů, které všechny nesou název ""sněžný krab"". C. opilio je příbuzný s druhem C. bairdi, běžně označovaným jako ""tanner crab"", a s dalšími druhy krabů z chladných severních oceánů.","Chionoecetes opilio, eine Schneekrabbenart, auch ""opilio crab"" oder ""opies"" genannt, ist ein überwiegend epifaunal lebendes Krebstier, das in Schelftiefen im Nordwestatlantik und im Nordpazifik heimisch ist. C. opilio ist eine bekannte, kommerziell genutzte Art der Gattung Chionoecetes und wird oft mit Fallen oder Schleppnetzen gefangen. Zur Gattung Chionoecetes gehören sieben Arten, die alle den Namen ""Schneekrabbe"" tragen. C. opilio ist mit C. bairdi, allgemein ""tanner crab"" genannt, und weiteren Krabbenarten der kalten nördlichen Ozeane verwandt.","Chionoecetes opilio, один из видов снежных крабов, известный также как краб-опилио или ""opies"", — преимущественно эпифаунное ракообразное, обитающее на шельфовых глубинах северо-западной части Атлантического океана и северной части Тихого океана. Это хорошо известный промысловый вид рода Chionoecetes; его часто ловят ловушками или тралами. Род Chionoecetes включает семь видов, и все они носят название ""снежный краб"". C. opilio родственен C. bairdi, известному как краб-стригун Бэрда (""tanner crab""), и другим видам крабов из холодных северных морей.","Chionoecetes opilio, jeden z gatunków kraba śnieżnego, znany też jako krab opilio lub ""opies"", to skorupiak żyjący przeważnie na powierzchni dna, występujący naturalnie na głębokościach szelfowych w północno-zachodnim Atlantyku i w północnym Pacyfiku. Jest dobrze znanym, poławianym komercyjnie gatunkiem z rodzaju Chionoecetes, często łowionym w pułapki lub włokami. Do rodzaju Chionoecetes należy siedem gatunków i wszystkie noszą nazwę ""krab śnieżny"". C. opilio jest spokrewniony z C. bairdi, powszechnie znanym jako ""tanner crab"", oraz z innymi gatunkami krabów z zimnych, północnych oceanów.","A Chionoecetes opilio a hórákok egyik faja, angolul ""opilio crab"" vagy ""opies"" néven is ismert. Túlnyomórészt epifaunális rákféle, amely az Atlanti-óceán északnyugati és a Csendes-óceán északi részén, a kontinentális talapzat mélységeiben őshonos. A Chionoecetes nembe tartozó fajok közül jól ismert, kereskedelmi céllal halászott faj, amelyet gyakran csapdákkal vagy vonóhálóval fognak. A Chionoecetes nembe hét faj tartozik, és mindegyiket hóráknak nevezik. A C. opilio rokonságban áll a C. bairdival, amelyet angolul általában ""tanner crab"" néven ismernek, valamint más, a hideg északi óceánokban élő rákfajokkal.","Chionoecetes opilio, una specie di granchio delle nevi, noto anche come ""opilio crab"" o ""opies"", è un crostaceo prevalentemente epifaunale originario dei fondali della piattaforma continentale dell'Oceano Atlantico nord-occidentale e dell'Oceano Pacifico settentrionale. È una ben nota specie commerciale del genere Chionoecetes, spesso catturata con trappole o con la pesca a strascico. Il genere Chionoecetes comprende sette specie, che portano tutte il nome di ""granchio delle nevi"". C. opilio è imparentato con C. bairdi, comunemente noto come ""tanner crab"", e con altre specie di granchi dei freddi oceani settentrionali.","Chionoecetes opilio, una especie de cangrejo de las nieves también conocida como cangrejo opilio o ""opies"", es un crustáceo predominantemente epifaunal originario de las profundidades de la plataforma continental del noroeste del océano Atlántico y del norte del océano Pacífico. Es una conocida especie comercial del género Chionoecetes, que a menudo se captura con nasas o mediante pesca de arrastre. El género Chionoecetes comprende siete especies, que reciben todas el nombre de ""cangrejo de las nieves"". C. opilio está emparentado con C. bairdi, conocido comúnmente como ""tanner crab"", y con otras especies de cangrejos de los fríos océanos del norte.","Chionoecetes opilio, une espèce de crabe des neiges également appelée crabe opilio ou ""opies"", est un crustacé vivant surtout à la surface des fonds marins (épifaune), originaire des profondeurs du plateau continental du nord-ouest de l'océan Atlantique et du nord de l'océan Pacifique. C'est une espèce commerciale bien connue du genre Chionoecetes, souvent pêchée au casier ou au chalut. Le genre Chionoecetes compte sept espèces, qui portent toutes le nom de ""crabe des neiges"". C. opilio est apparenté à C. bairdi, communément appelé ""tanner crab"" en anglais, et à d'autres espèces de crabes des océans froids du Nord.",Chionoecetes opilio 是雪蟹的一種，英文又稱「opilio crab」或「opies」，是一種以表棲為主的甲殼動物，原產於西北大西洋和北太平洋大陸架深度的海域。它是雪蟹屬（Chionoecetes）中知名的商業捕撈物種，通常以蟹籠或拖網捕撈。雪蟹屬共有七個物種，全都被稱為「雪蟹」。C. opilio 與俗稱「tanner crab」的 C. bairdi，以及寒冷北方海洋中的其他蟹類有親緣關係。,ズワイガニ（Chionoecetes opilio）はスノークラブの一種で、英語では「オピリオ・クラブ」や「オピーズ」とも呼ばれる、北西大西洋と北太平洋の大陸棚の水深に生息する、主に海底の表面で暮らす表在性の甲殻類である。ズワイガニ属（Chionoecetes）の商業種としてよく知られ、かごや底引き網で漁獲されることが多い。ズワイガニ属には7種が含まれ、そのすべてが「スノークラブ」の名をもつ。C. opilioは、一般に「タナー・クラブ」として知られるオオズワイガニ（C. bairdi）や、冷たい北の海に生息するほかのカニ類と近縁である。,"Chionoecetes opilio, uma espécie de caranguejo das neves também conhecida como ""opilio crab"" ou ""opies"", é um crustáceo predominantemente epifaunal, nativo das profundidades da plataforma continental do noroeste do Oceano Atlântico e do norte do Oceano Pacífico. É uma espécie comercial bem conhecida do género Chionoecetes, frequentemente capturada com armadilhas ou por arrasto. O género Chionoecetes tem sete espécies, todas com o nome de ""caranguejo das neves"". C. opilio é aparentado com C. bairdi, vulgarmente conhecido como ""tanner crab"", e com outras espécies de caranguejos que se encontram nos oceanos frios do norte.",Chionoecetes opilio 是雪蟹的一种，英文又称「opilio crab」或「opies」，是一种以表栖为主的甲壳动物，原产于西北大西洋和北太平洋大陆架深度的海域。它是雪蟹属（Chionoecetes）中知名的商业捕捞物种，通常以蟹笼或拖网捕捞。雪蟹属共有七个物种，全都被称为「雪蟹」。C. opilio 与俗称「tanner crab」的 C. bairdi，以及寒冷北方海洋中的其他蟹类有亲缘关系。
str_fish_snowcrab_legs,Snow Crab Legs,Snow Crab Legs,Nohy sněžného kraba,Schneekrabbenbeine,Ножки снежного краба,Nogi kraba śnieżnego,Hórák lábak,Zampe di granchio delle nevi,Patas de cangrejo de las nieves,Pattes de crabe des neiges,雪蟹腿,ズワイガニの足,Pernas de caranguejo das neves,雪蟹腿
str_tools_fishingrodrepairkit,Fishing Rod Repair Kit,Fishing Rod Repair Kit,Sada na opravu rybářských prutů,Angelruten-Reparaturset,Набор для ремонта удочек,Zestaw naprawczy do wędek,Horgászbot javító készlet,Kit di riparazione per canne da pesca,Kit de reparación de cañas de pescar,Kit de réparation de canne à pêche,魚竿修理包,釣り竿修理キット,Kit de reparação de canas de pesca,钓鱼竿修理套件
str_tools_fishingrodrepairkit_desc,A basic kit for patching up worn fishing rods. Good for a few quick fixes out in the wild.,A basic kit for patching up worn fishing rods. Good for a few quick fixes out in the wild.,Základní sada pro opravu opotřebovaných rybářských prutů. Hodí se na několik rychlých oprav v přírodě.,Ein Basisset zum Ausbessern abgenutzter Angelruten. Gut für ein paar schnelle Reparaturen in der freien Natur.,Простой набор для починки изношенных удочек. Хватит на несколько быстрых ремонтов в полевых условиях.,Podstawowy zestaw do łatania zużytych wędek. Wystarczy na kilka szybkich napraw w terenie.,Egyszerű készlet a kopott horgászbotok rendbehozatalához. Kint a vadonban néhány gyors javításra elegendő.,Un kit di base per riparare le canne da pesca usurate. Ottimo per qualche riparazione rapida in natura.,Un kit básico para reparar cañas de pescar desgastadas. Sirve para unas cuantas reparaciones rápidas en plena naturaleza.,Un kit de base pour réparer les cannes à pêche usées. Il permet d'effectuer quelques réparations rapides dans la nature.,一套用於修補磨損魚竿的基本工具包，適合在野外進行幾次快速修理。,使い込んで傷んだ釣り竿を補修するための基本的なキット。野外でのちょっとした修理に数回使える。,Um kit básico para remendar canas de pesca gastas. Ideal para algumas reparações rápidas na natureza.,一套用于修补磨损鱼竿的基本工具包，适合在野外进行几次快速修理。
str_fish_lakesturgeon_fillet,Lake Sturgeon Fillet,Lake Sturgeon Fillet,Filet z jesetera jezerního,Seestörfilet,Филе озёрного осетра,Filet z jesiotra jeziornego,Tavi tok filé,Filetto di storione di lago,Filete de esturión lacustre,Filet d'esturgeon jaune,湖鱘魚片,ミズウミチョウザメのフィレ,Filete de esturjão-de-lago,湖鲟鱼片
str_fish_lakesturgeon_desc,"The lake sturgeon (Acipenser fulvescens) is a North American freshwater sturgeon of the Great Lakes, the Hudson Bay basin and the Mississippi River basin. Like other sturgeons it has a shark-like tail, a scaleless body armored with five rows of bony plates called scutes, and four barbels in front of a toothless mouth, with which it sucks insect larvae, crayfish, snails and clams off the bottom. It is one of the largest and longest-lived fish in North American fresh water, reaching about 2.7 m (9 ft) and 125 kg (275 lb); one was aged at 152 years. Females mature at 14 to 33 years and spawn only every few years, in spring, over rocky river shoals and rapids. Overfishing for its meat and caviar in the late 1800s and the damming of its spawning rivers made it rare, and it is now protected in much of its range.","The lake sturgeon (Acipenser fulvescens) is a North American freshwater sturgeon of the Great Lakes, the Hudson Bay basin and the Mississippi River basin. Like other sturgeons it has a shark-like tail, a scaleless body armored with five rows of bony plates called scutes, and four barbels in front of a toothless mouth, with which it sucks insect larvae, crayfish, snails and clams off the bottom. It is one of the largest and longest-lived fish in North American fresh water, reaching about 2.7 m (9 ft) and 125 kg (275 lb); one was aged at 152 years. Females mature at 14 to 33 years and spawn only every few years, in spring, over rocky river shoals and rapids. Overfishing for its meat and caviar in the late 1800s and the damming of its spawning rivers made it rare, and it is now protected in much of its range.","Jeseter jezerní (Acipenser fulvescens) je severoamerický sladkovodní jeseter z oblasti Velkých jezer, povodí Hudsonova zálivu a povodí Mississippi. Stejně jako ostatní jeseteři má ocasní ploutev podobnou žraločí, tělo bez šupin chráněné pěti řadami kostěných štítků a před bezzubými ústy čtyři vousky; ústy nasává ze dna larvy hmyzu, raky, plže a mlže. Patří k největším a nejdéle žijícím rybám severoamerických sladkých vod: dorůstá asi 2,7 m (9 stop) a 125 kg (275 liber) a věk jednoho jedince byl určen na 152 let. Samice dospívají ve věku 14 až 33 let a třou se jen jednou za několik let, na jaře nad kamenitými mělčinami a peřejemi řek. Nadměrný lov kvůli masu a kaviáru na konci 19. století a přehrazení řek, v nichž se tře, z něj udělaly vzácnou rybu, a ve velké části svého areálu je dnes chráněn.","Der Seestör (Acipenser fulvescens) ist ein nordamerikanischer Süßwasserstör aus dem Gebiet der Großen Seen sowie den Einzugsgebieten der Hudson Bay und des Mississippi. Wie andere Störe hat er eine haiähnliche Schwanzflosse, einen schuppenlosen Körper, der mit fünf Reihen von Knochenschilden gepanzert ist, und vier Barteln vor dem zahnlosen Maul, mit dem er Insektenlarven, Flusskrebse, Schnecken und Muscheln vom Grund einsaugt. Er gehört zu den größten und langlebigsten Fischen der nordamerikanischen Binnengewässer und wird etwa 2,7 m (9 Fuß) lang und 125 kg (275 lb) schwer; bei einem Exemplar wurde ein Alter von 152 Jahren bestimmt. Weibchen werden erst mit 14 bis 33 Jahren geschlechtsreif und laichen nur alle paar Jahre, im Frühjahr über steinigen Flussbänken und Stromschnellen. Überfischung wegen Fleisch und Kaviar im späten 19. Jahrhundert und die Aufstauung seiner Laichflüsse machten ihn selten; in großen Teilen seines Verbreitungsgebiets steht er heute unter Schutz.","Озёрный осётр (Acipenser fulvescens) — североамериканский пресноводный осётр, обитающий в Великих озёрах, бассейне Гудзонова залива и бассейне Миссисипи. Как и у других осетровых, у него акулоподобный хвостовой плавник, лишённое чешуи тело, покрытое пятью рядами костных пластинок — жучек, и четыре усика перед беззубым ртом, которым он всасывает со дна личинок насекомых, раков, улиток и двустворчатых моллюсков. Это одна из самых крупных и долгоживущих рыб пресных вод Северной Америки: он достигает примерно 2,7 м (9 футов) и 125 кг (275 фунтов), а возраст одной особи определили в 152 года. Самки созревают лишь к 14–33 годам и нерестятся раз в несколько лет, весной, над каменистыми речными перекатами и на порогах. Перелов ради мяса и икры в конце XIX века и плотины на нерестовых реках сделали его редким, и сейчас в большей части ареала он находится под охраной.","Jesiotr jeziorny (Acipenser fulvescens) to północnoamerykański jesiotr słodkowodny, występujący w Wielkich Jeziorach oraz w dorzeczach Zatoki Hudsona i Missisipi. Jak inne jesiotry ma płetwę ogonową podobną do rekiniej, pozbawione łusek ciało opancerzone pięcioma rzędami kostnych tarczek oraz cztery wąsiki przed bezzębnym pyskiem, którym wysysa z dna larwy owadów, raki, ślimaki i małże. Należy do największych i najdłużej żyjących ryb słodkowodnych Ameryki Północnej: osiąga około 2,7 m (9 stóp) długości i 125 kg (275 funtów) masy, a wiek jednego osobnika oszacowano na 152 lata. Samice dojrzewają dopiero w wieku od 14 do 33 lat i trą się tylko co kilka lat, wiosną, nad kamienistymi płyciznami i bystrzami rzek. Przełowienie dla mięsa i kawioru pod koniec XIX wieku oraz tamy na rzekach, w których się trze, sprawiły, że stał się rzadki; dziś w dużej części swojego zasięgu jest chroniony.","A tavi tok (Acipenser fulvescens) észak-amerikai édesvízi tokféle, amely a Nagy-tavakban, valamint a Hudson-öböl és a Mississippi vízgyűjtőjén él. Más tokfélékhez hasonlóan cápaszerű farokúszója, pikkelytelen, öt sor csontlemezzel páncélozott teste, fogatlan szája előtt pedig négy bajuszszála van; szájával rovarlárvákat, rákokat, csigákat és kagylókat szív fel a mederfenékről. Észak-Amerika édesvizeinek egyik legnagyobb és leghosszabb életű hala: mintegy 2,7 m (9 láb) hosszúra és 125 kg (275 font) tömegűre nő, egy példány korát pedig 152 évben határozták meg. A nőstények csak 14–33 éves korukban válnak ivaréretté, és csak néhány évente ívnak, tavasszal, a folyók köves zátonyai és zúgói fölött. A 19. század végén a húsáért és kaviárjáért folytatott túlhalászás és ívóhelyül szolgáló folyóinak elgátolása megritkította, ma elterjedési területének nagy részén védett.","Lo storione di lago (Acipenser fulvescens) è uno storione d'acqua dolce nordamericano dei Grandi Laghi e dei bacini della Baia di Hudson e del Mississippi. Come gli altri storioni ha una pinna caudale simile a quella degli squali, un corpo privo di scaglie e corazzato da cinque file di placche ossee (scudi) e quattro barbigli davanti alla bocca priva di denti, con cui aspira dal fondo larve di insetti, gamberi di fiume, chiocciole e bivalvi. È uno dei pesci più grandi e longevi delle acque dolci nordamericane: raggiunge circa 2,7 m (9 piedi) e 125 kg (275 libbre), e l'età di un esemplare è stata stimata in 152 anni. Le femmine maturano solo tra i 14 e i 33 anni e si riproducono soltanto ogni pochi anni, in primavera, su secche rocciose e rapide dei fiumi. La pesca eccessiva per la carne e il caviale alla fine dell'Ottocento e gli sbarramenti sui fiumi di frega lo hanno reso raro, e oggi è protetto in gran parte del suo areale.","El esturión lacustre (Acipenser fulvescens) es un esturión de agua dulce norteamericano que vive en los Grandes Lagos y en las cuencas de la bahía de Hudson y del Misisipi. Como otros esturiones, tiene una aleta caudal parecida a la de los tiburones, un cuerpo sin escamas acorazado con cinco hileras de placas óseas llamadas escudos y cuatro barbillas delante de una boca sin dientes, con la que succiona del fondo larvas de insectos, cangrejos de río, caracoles y almejas de agua dulce. Es uno de los peces más grandes y longevos de las aguas dulces de Norteamérica: alcanza unos 2,7 m (9 pies) y 125 kg (275 libras), y se calculó que un ejemplar tenía 152 años. Las hembras no maduran hasta los 14 a 33 años y solo desovan cada pocos años, en primavera, sobre bajíos rocosos y rápidos de los ríos. La sobrepesca por su carne y su caviar a finales del siglo XIX y las presas en sus ríos de desove lo volvieron escaso, y hoy está protegido en gran parte de su área de distribución.","L'esturgeon jaune (Acipenser fulvescens) est un esturgeon d'eau douce nord-américain des Grands Lacs et des bassins de la baie d'Hudson et du Mississippi. Comme les autres esturgeons, il possède une nageoire caudale semblable à celle des requins, un corps sans écailles cuirassé de cinq rangées de plaques osseuses appelées scutelles, et quatre barbillons devant une bouche dépourvue de dents, avec laquelle il aspire sur le fond des larves d'insectes, des écrevisses, des escargots et des moules d'eau douce. C'est l'un des plus grands poissons d'eau douce d'Amérique du Nord, et l'un de ceux qui vivent le plus longtemps : il atteint environ 2,7 m (9 ft) et 125 kg (275 lb), et l'âge d'un individu a été estimé à 152 ans. Les femelles n'arrivent à maturité qu'entre 14 et 33 ans et ne fraient qu'à quelques années d'intervalle, au printemps, sur des hauts-fonds rocheux et dans des rapides. La surpêche pour sa chair et son caviar à la fin du XIXe siècle et les barrages sur ses rivières de fraie l'ont rendu rare ; il est aujourd'hui protégé dans une grande partie de son aire de répartition.",湖鱘（Acipenser fulvescens）是北美洲的一種淡水鱘魚，分佈於五大湖、哈德遜灣流域和密西西比河流域。和其他鱘魚一樣，它有類似鯊魚的尾鰭，身體無鱗，由五列稱為骨板的硬質鱗甲保護，無齒的口前方有四根觸鬚，它用口從水底吸食昆蟲幼蟲、螯蝦、螺類和蚌類。它是北美洲淡水中體型最大、壽命最長的魚類之一，體長可達約 2.7 米（9 英尺），體重可達 125 公斤（275 磅）；曾有一尾被鑑定為 152 歲。雌魚要到 14 至 33 歲才性成熟，而且每隔幾年才在春季產卵一次，地點是河中多岩石的淺灘和急流。十九世紀末為取其肉和魚子醬而遭過度捕撈，加上產卵河流被築壩阻斷，使它變得稀少，如今在其分佈範圍的大部分地區都受到保護。,ミズウミチョウザメ（Acipenser fulvescens）は、北アメリカの五大湖、ハドソン湾流域、ミシシッピ川流域にすむ淡水性のチョウザメである。ほかのチョウザメと同じく、サメに似た尾びれと、5列の骨板に覆われた鱗のない体をもち、歯のない口の前には4本のひげがある。この口で水底から昆虫の幼虫やザリガニ、巻貝、二枚貝を吸い込んで食べる。北アメリカの淡水域で最も大きく長生きする魚のひとつで、全長約2.7m（9フィート）、体重125kg（275ポンド）に達し、152歳と判定された個体もいる。メスが成熟するのは14～33歳になってからで、産卵は数年に一度、春に川の岩の多い浅瀬や早瀬で行われる。19世紀末に肉とキャビアを目的とした乱獲と産卵河川のダム建設によって激減し、現在は分布域の大部分で保護されている。,"O esturjão-de-lago (Acipenser fulvescens) é um esturjão de água doce da América do Norte, que vive nos Grandes Lagos e nas bacias da baía de Hudson e do Mississípi. Como os outros esturjões, tem uma barbatana caudal semelhante à dos tubarões, um corpo sem escamas couraçado por cinco filas de placas ósseas chamadas escudos e quatro barbilhos à frente de uma boca sem dentes, com a qual aspira do fundo larvas de insetos, lagostins, caracóis e bivalves. É um dos maiores e mais longevos peixes das águas doces da América do Norte: atinge cerca de 2,7 m (9 pés) e 125 kg (275 lb), e um exemplar teve a idade estimada em 152 anos. As fêmeas só atingem a maturidade entre os 14 e os 33 anos e desovam apenas de poucos em poucos anos, na primavera, sobre baixios rochosos e rápidos dos rios. A sobrepesca pela sua carne e pelo seu caviar no final do século XIX e as barragens nos rios de desova tornaram-no raro, e hoje está protegido em grande parte da sua área de distribuição.",湖鲟（Acipenser fulvescens）是北美洲的一种淡水鲟鱼，分布于五大湖、哈德逊湾流域和密西西比河流域。和其他鲟鱼一样，它有类似鲨鱼的尾鳍，身体无鳞，由五列称为骨板的硬质鳞甲保护，无齿的口前方有四根触须，它用口从水底吸食昆虫幼虫、螯虾、螺类和蚌类。它是北美洲淡水中体型最大、寿命最长的鱼类之一，体长可达约 2.7 米（9 英尺），体重可达 125 公斤（275 磅）；曾有一尾被鉴定为 152 岁。雌鱼要到 14 至 33 岁才性成熟，而且每隔几年才在春季产卵一次，地点是河中多岩石的浅滩和急流。十九世纪末为取其肉和鱼子酱而遭过度捕捞，加上产卵河流被筑坝阻断，使它变得稀少，如今在其分布范围的大部分地区都受到保护。
str_fish_lakesturgeon,Lake Sturgeon,Lake Sturgeon,Jeseter jezerní,Seestör,Озёрный осётр,Jesiotr jeziorny,Tavi tok,Storione di lago,Esturión lacustre,Esturgeon jaune,湖鱘,ミズウミチョウザメ,Esturjão-de-lago,湖鲟
str_fish_hammerheadshark,Hammerhead Shark,Hammerhead Shark,Kladivoun,Hammerhai,Акула-молот,Rekin młot,Pörölycápa,Squalo martello,Tiburón martillo,Requin marteau,雙髻鯊,シュモクザメ,Tubarão-martelo,双髻鲨
str_fish_hammerheadshark_fillet,Hammerhead Shark Fillet,Hammerhead Shark Fillet,Filet z kladivouna,Hammerhai-Filet,Филе акулы-молота,Filet z rekina młota,Pörölycápa filé,Filetto di squalo martello,Filete de tiburón martillo,Filet de requin marteau,雙髻鯊魚片,シュモクザメのフィレ,Filete de tubarão-martelo,双髻鲨鱼片
str_fish_hammerheadshark_desc,"The hammerhead sharks are a group of sharks that form the family Sphyrnidae, named for the unusual and distinctive form of their heads, which are flattened and laterally extended into a cephalofoil (a T-shape or ""hammer""). The shark's eyes are placed one on each end of this T-shaped structure, with their small mouths directly centered and underneath. Most hammerhead species are placed in the genus Sphyrna, while the winghead shark is placed in its own genus, Eusphyra. Many different—but not necessarily mutually exclusive—functions have been postulated for the cephalofoil, including sensory reception, manoeuvering, and prey manipulation. The cephalofoil gives the shark superior binocular vision and depth perception, as well as increased surface area for electrocreceptors.","The hammerhead sharks are a group of sharks that form the family Sphyrnidae, named for the unusual and distinctive form of their heads, which are flattened and laterally extended into a cephalofoil (a T-shape or ""hammer""). The shark's eyes are placed one on each end of this T-shaped structure, with their small mouths directly centered and underneath. Most hammerhead species are placed in the genus Sphyrna, while the winghead shark is placed in its own genus, Eusphyra. Many different—but not necessarily mutually exclusive—functions have been postulated for the cephalofoil, including sensory reception, manoeuvering, and prey manipulation. The cephalofoil gives the shark superior binocular vision and depth perception, as well as increased surface area for electroreceptors.","Kladivouni jsou skupina žraloků, kteří tvoří čeleď kladivounovitých (Sphyrnidae). Své jméno dostali podle neobvyklého a výrazného tvaru hlavy, která je zploštělá a do stran rozšířená v takzvaný cefalofoil (tvar písmene T neboli ""kladivo""). Oči žraloka jsou umístěny po jednom na každém konci této struktury ve tvaru T a malá tlama se nachází přesně uprostřed na její spodní straně. Většina druhů kladivounů patří do rodu Sphyrna, zatímco kladivoun křídlohlavý je řazen do samostatného rodu Eusphyra. Cefalofoilu bylo připisováno mnoho různých, avšak ne nutně se vzájemně vylučujících funkcí, včetně smyslového vnímání, manévrování a manipulace s kořistí. Cefalofoil poskytuje žralokovi lepší binokulární vidění a vnímání hloubky a také větší plochu pro elektroreceptory.","Hammerhaie sind eine Gruppe von Haien, die die Familie Sphyrnidae bilden. Benannt sind sie nach der ungewöhnlichen und markanten Form ihres Kopfes, der abgeflacht und seitlich zu einem sogenannten Cephalofoil (einer T-Form oder einem ""Hammer"") verbreitert ist. Die Augen des Hais sitzen an den beiden Enden dieser T-förmigen Struktur, das kleine Maul liegt mittig direkt darunter. Die meisten Hammerhaiarten werden der Gattung Sphyrna zugeordnet, der Flügelkopf-Hammerhai dagegen einer eigenen Gattung, Eusphyra. Für den Cephalofoil wurden viele verschiedene, einander aber nicht unbedingt ausschließende Funktionen vermutet, darunter Sinneswahrnehmung, Manövrieren und die Handhabung von Beute. Der Cephalofoil verschafft dem Hai ein überlegenes binokulares Sehen und eine überlegene Tiefenwahrnehmung sowie eine größere Oberfläche für Elektrorezeptoren.","Акулы-молоты — группа акул, образующих семейство Sphyrnidae. Своё название они получили за необычную и характерную форму головы: она уплощена и вытянута в стороны, образуя цефалофойл (Т-образную форму, или ""молот""). Глаза акулы расположены по одному на каждом конце этой Т-образной структуры, а небольшой рот находится точно по центру снизу. Большинство видов акул-молотов относят к роду Sphyrna, а крылоголовую акулу-молот выделяют в отдельный род Eusphyra. Для цефалофойла предполагали множество разных, но не обязательно взаимоисключающих функций, в том числе сенсорное восприятие, маневрирование и удержание добычи. Цефалофойл даёт акуле превосходное бинокулярное зрение и восприятие глубины, а также увеличенную площадь поверхности для электрорецепторов.","Rekiny młoty to grupa rekinów tworzących rodzinę młotowatych (Sphyrnidae); swoją nazwę zawdzięczają niezwykłemu, charakterystycznemu kształtowi głowy, która jest spłaszczona i rozszerzona na boki w tzw. cefalofolium (kształt litery T, czyli ""młot""). Oczy rekina znajdują się po jednym na każdym końcu tej struktury w kształcie litery T, a jego niewielki pysk leży dokładnie pośrodku, od spodu. Większość gatunków rekinów młotów należy do rodzaju Sphyrna, natomiast Eusphyra blochii (ang. ""winghead shark"") zaliczany jest do odrębnego rodzaju Eusphyra. Cefalofolium przypisuje się wiele różnych, choć niekoniecznie wzajemnie się wykluczających funkcji, m.in. odbiór bodźców zmysłowych, manewrowanie i manipulowanie zdobyczą. Zapewnia ono rekinowi doskonałe widzenie obuoczne i postrzeganie głębi, a także większą powierzchnię dla elektroreceptorów.","A pörölycápák a Sphyrnidae családot alkotó cápák csoportja. Nevüket szokatlan és jellegzetes fejformájukról kapták: fejük lapított, és oldalirányban úgynevezett cephalofoillá (T alakú ""pöröllyé"") szélesedik. A cápa szemei e T alakú képlet két végén ülnek, kis szája pedig pontosan középen, alul helyezkedik el. A legtöbb pörölycápafajt a Sphyrna nembe sorolják, az angolul ""winghead shark"" néven ismert faj viszont saját nemet alkot, az Eusphyra nemet. A cephalofoilnak számos különböző, de nem feltétlenül egymást kizáró funkciót tulajdonítanak, például az érzékelést, a manőverezést és a zsákmány kezelését. A cephalofoil kiváló binokuláris látást és mélységérzékelést biztosít a cápának, valamint nagyobb felületet nyújt az elektroreceptoroknak.","Gli squali martello sono un gruppo di squali che formano la famiglia Sphyrnidae, così chiamati per la forma insolita e caratteristica della testa, appiattita ed estesa lateralmente in un cefalofoil (una struttura a T, o ""martello""). Gli occhi dello squalo si trovano alle due estremità di questa struttura a T, mentre la piccola bocca si apre al centro, proprio sotto di essa. La maggior parte delle specie di squalo martello appartiene al genere Sphyrna, mentre lo squalo martello alato è classificato in un genere a sé, Eusphyra. Per il cefalofoil sono state ipotizzate molte funzioni diverse, ma non necessariamente alternative tra loro, tra cui la ricezione sensoriale, la manovrabilità e la manipolazione delle prede. Il cefalofoil conferisce allo squalo una visione binoculare e una percezione della profondità superiori, oltre a una maggiore superficie per gli elettrorecettori.","Los tiburones martillo son un grupo de tiburones que forman la familia Sphyrnidae, llamados así por la forma inusual y característica de su cabeza, aplanada y extendida lateralmente en un cefalofoil (una forma de T o de ""martillo""). Los ojos del tiburón se sitúan uno en cada extremo de esta estructura en forma de T, y su pequeña boca queda justo en el centro, por debajo. La mayoría de las especies de tiburón martillo se clasifican en el género Sphyrna, mientras que la cornuda planeadora se sitúa en su propio género, Eusphyra. Se han propuesto muchas funciones distintas, aunque no necesariamente excluyentes entre sí, para el cefalofoil, como la recepción sensorial, la maniobrabilidad y la manipulación de las presas. El cefalofoil proporciona al tiburón una visión binocular y una percepción de la profundidad superiores, así como una mayor superficie para los electrorreceptores.","Les requins marteaux forment un groupe de requins constituant la famille des Sphyrnidae, ainsi nommés en raison de la forme inhabituelle et caractéristique de leur tête, aplatie et étirée latéralement en un céphalofoil (en forme de T ou de ""marteau""). Les yeux du requin sont placés à chaque extrémité de cette structure en T, et sa petite bouche se trouve juste au centre, en dessous. La plupart des espèces de requins marteaux appartiennent au genre Sphyrna, tandis que le requin-marteau planeur est placé dans son propre genre, Eusphyra. De nombreuses fonctions différentes, mais pas forcément exclusives les unes des autres, ont été attribuées au céphalofoil, notamment la réception sensorielle, la manœuvrabilité et la manipulation des proies. Le céphalofoil confère au requin une vision binoculaire et une perception de la profondeur supérieures, ainsi qu'une plus grande surface pour ses électrorécepteurs.",雙髻鯊是組成雙髻鯊科（Sphyrnidae）的一群鯊魚，其名稱源自它們奇特而獨特的頭部形狀：頭部扁平，並向兩側延伸成頭翼（cephalofoil，即 T 形或「錘子」狀的結構）。雙髻鯊的兩隻眼睛分別位於這個 T 形結構的兩端，小小的嘴巴則位於正中央的下方。大多數雙髻鯊物種被歸入雙髻鯊屬（Sphyrna），而布氏雙髻鯊則獨自歸入 Eusphyra 屬。人們為頭翼提出了許多不同、但未必互相排斥的功能假說，包括感官接收、操控轉向和處理獵物。頭翼讓雙髻鯊擁有出色的雙眼視覺和深度感知能力，也增加了容納電感受器的表面積。,シュモクザメ類は、シュモクザメ科（Sphyrnidae）を構成するサメのグループで、その名は、平たく左右に張り出してセファロフォイル（T字形、つまり「ハンマー」形の構造）となった、珍しく特徴的な頭の形に由来する。目はこのT字形の構造の両端に一つずつあり、小さな口はその中央の真下にある。シュモクザメ類のほとんどの種はシュモクザメ属（Sphyrna）に分類されるが、インドシュモクザメだけは独自の属であるEusphyra属に分類される。セファロフォイルの機能としては、感覚の受容、機動性、獲物の扱いなど、さまざまな（ただし必ずしも互いに排他的ではない）ものが提唱されている。セファロフォイルによって、このサメは優れた両眼視と奥行き知覚を得ているほか、電気受容器のための表面積も広くなっている。,"Os tubarões-martelo são um grupo de tubarões que forma a família Sphyrnidae, assim chamados devido à forma pouco comum e característica da cabeça, que é achatada e prolongada lateralmente num cefalofólio (em forma de T ou de ""martelo""). Os olhos do tubarão estão situados um em cada extremidade desta estrutura em forma de T, com a pequena boca centrada logo por baixo. A maioria das espécies de tubarão-martelo pertence ao género Sphyrna, enquanto o ""winghead shark"" pertence a um género próprio, Eusphyra. Foram propostas muitas funções diferentes, mas não necessariamente mutuamente exclusivas, para o cefalofólio, incluindo a receção sensorial, a manobrabilidade e a manipulação de presas. O cefalofólio dá ao tubarão uma visão binocular e uma perceção de profundidade superiores, bem como uma maior área de superfície para os eletrorrecetores.",双髻鲨是组成双髻鲨科（Sphyrnidae）的一群鲨鱼，其名称源自它们奇特而独特的头部形状：头部扁平，并向两侧延伸成头翼（cephalofoil，即 T 形或「锤子」状的结构）。双髻鲨的两只眼睛分别位于这个 T 形结构的两端，小小的嘴巴则位于正中央的下方。大多数双髻鲨物种被归入双髻鲨属（Sphyrna），而布氏双髻鲨则独自归入 Eusphyra 属。人们为头翼提出了许多不同、但未必互相排斥的功能假说，包括感官接收、操控转向和处理猎物。头翼让双髻鲨拥有出色的双眼视觉和深度感知能力，也增加了容纳电感受器的表面积。
str_craft_metalhook,Craft Metal Hook,Craft Metal Hook,Vyrobit kovový háček,Metall-Angelhaken herstellen,Изготовить металлический крючок,Wykonaj metalowy haczyk,Fém horog készítése,Crea amo di metallo,Fabricar anzuelo de metal,Fabriquer un hameçon en métal,製作金屬魚鉤,金属の釣り針を作る,Fabricar anzol de metal,制作金属鱼钩
str_craft_fishmount,Craft Fish Mount,Craft Fish Mount,Vyrobit držák na rybu,Trophäenbrett bauen,Изготовить трофейный щит,Wykonaj tablicę na rybę,Haltrófea tartó készítése,Crea supporto per pesce,Fabricar placa para trofeo de pesca,Fabriquer un support à poisson,製作魚展示架,フィッシュマウントを作る,Fabricar suporte para peixe,制作鱼展示架
str_tools_fishmount,Wooden Fish Mount,Wooden Fish Mount,Dřevěný držák na rybu,Trophäenbrett aus Holz,Деревянный трофейный щит,Drewniana tablica na rybę,Fa haltrófea tartó,Supporto in legno per pesce,Placa de madera para trofeo de pesca,Support en bois pour poisson,木製魚展示架,木製フィッシュマウント,Suporte de madeira para peixe,木制鱼展示架
str_tools_fishmount_desc,"A wooden fish mount is a decorative display piece used to showcase preserved or replica fish. Commonly used by anglers, it provides a rustic and natural way to display fishing achievements. These mounts are often crafted from solid wood and can be hung on walls in homes, cabins, or lodges.","A wooden fish mount is a decorative display piece used to showcase preserved or replica fish. Commonly used by anglers, it provides a rustic and natural way to display fishing achievements. These mounts are often crafted from solid wood and can be hung on walls in homes, cabins, or lodges.","Dřevěný držák na rybu je dekorativní prvek, na kterém se vystavují preparované ryby nebo jejich repliky. Často jej používají rybáři, protože nabízí rustikální a přírodní způsob, jak vystavit své rybářské úspěchy. Tyto držáky bývají vyrobeny z masivního dřeva a lze je zavěsit na zeď v domech, chatách nebo srubech.","Ein Trophäenbrett aus Holz ist ein dekoratives Ausstellungsstück, das zur Präsentation von präparierten oder nachgebildeten Fischen verwendet wird. Es wird häufig von Anglern genutzt und bietet eine rustikale und natürliche Möglichkeit, Fänge zu präsentieren. Diese Trophäenbretter bestehen meist aus massivem Holz und können an Wänden in Häusern, Hütten oder Lodges angebracht werden.","Деревянный трофейный щит — декоративный элемент для демонстрации чучел или муляжей рыб. Его часто используют рыболовы: это простой и естественный способ показать свои рыболовные трофеи в деревенском стиле. Обычно такие щиты делают из массива дерева и вешают на стены в домах, хижинах или охотничьих домиках.","Drewniana tablica na rybę to dekoracyjny element służący do eksponowania spreparowanych lub sztucznych ryb. Jest często używana przez wędkarzy jako naturalny i rustykalny sposób prezentacji swoich zdobyczy. Wykonywana jest zazwyczaj z litego drewna i może być zawieszona na ścianie w domu, domku letniskowym lub chacie.","A fa haltrófea tartó dekoratív bemutatóeszköz, amelyen preparált halakat vagy halmásolatokat lehet kiállítani. Főként horgászok használják: rusztikus és természetes módon mutatja be a horgászsikereket. Az ilyen tartók gyakran tömör fából készülnek, és otthonok, faházak vagy vadászházak falára akaszthatók.","Il supporto in legno per pesce è un elemento decorativo utilizzato per esporre pesci imbalsamati o repliche. È comunemente usato dai pescatori e offre un modo rustico e naturale per mostrare le proprie catture. Questi supporti sono generalmente realizzati in legno massello e possono essere appesi alle pareti di case, baite o rifugi.","La placa de madera para trofeo de pesca es un elemento decorativo utilizado para exhibir peces disecados o réplicas. Es común entre pescadores y ofrece una forma rústica y natural de mostrar sus capturas. Generalmente está hecha de madera maciza y puede colgarse en paredes de casas, cabañas o refugios.","Le support en bois pour poisson est un élément décoratif utilisé pour exposer des poissons naturalisés ou des répliques. Il est souvent utilisé par les pêcheurs et offre une manière rustique et naturelle de présenter leurs prises. Ces supports sont généralement fabriqués en bois massif et peuvent être accrochés aux murs de maisons, chalets ou lodges.",木製魚展示架是一種裝飾性的展示品，用來展示魚類標本或仿製魚。它常被釣客使用，能以質樸自然的方式展示釣魚成果。這類展示架通常以實木製成，可以掛在住家、小木屋或度假山莊的牆上。,木製フィッシュマウントは、剥製やレプリカの魚を飾るための装飾用の展示台である。釣り人によく使われ、釣りの成果を素朴で自然な雰囲気で飾ることができる。多くは無垢材で作られており、住宅やキャビン、ロッジの壁に掛けることができる。,"O suporte de madeira para peixe é uma peça decorativa usada para expor peixes embalsamados ou réplicas. Muito usado pelos pescadores, é uma forma rústica e natural de exibir as suas conquistas na pesca. Estes suportes são muitas vezes feitos de madeira maciça e podem ser pendurados nas paredes de casas, cabanas ou pousadas.",木制鱼展示架是一种装饰性的展示品，用来展示鱼类标本或仿制鱼。它常被钓客使用，能以质朴自然的方式展示钓鱼成果。这类展示架通常以实木制成，可以挂在住家、小木屋或度假山庄的墙上。
str_fish_alligatorgar,Alligator Gar,Alligator Gar,Kostlín obrovský,Alligatorhecht,Аллигаторовая щука,Niszczuka aligatorowa,Aligátorcsuka,Luccio alligatore,Catán,Garpique alligator,鱷雀鱔,アリゲーターガー,Peixe-jacaré,鳄雀鳝
str_fish_alligatorgar_fillet,Alligator Gar Fillet,Alligator Gar Fillet,Filet z kostlína obrovského,Alligatorhecht-Filet,Филе аллигаторовой щуки,Filet z niszczuki aligatorowej,Aligátorcsuka filé,Filetto di luccio alligatore,Filete de catán,Filet de garpique alligator,鱷雀鱔魚片,アリゲーターガーのフィレ,Filete de peixe-jacaré,鳄雀鳝鱼片
str_fish_alligatorgar_desc,"The alligator gar (Atractosteus spatula) is one of North America's largest freshwater fish, sometimes in salt water, known for its long, torpedo-shaped body, broad snout, and rows of sharp teeth, resembling an alligator. These prehistoric fish have hard, diamond-shaped scales and can grow over 9 feet long and weigh over 300 pounds, inhabiting slow-moving rivers, lakes, and bays in the Mississippi River Basin and Gulf Coast. They are opportunistic predators, primarily eating rough fish like carp and shad, and can breathe air, allowing them to survive in low-oxygen water. ","The alligator gar (Atractosteus spatula) is one of North America's largest freshwater fish, sometimes in salt water, known for its long, torpedo-shaped body, broad snout, and rows of sharp teeth, resembling an alligator. These prehistoric fish have hard, diamond-shaped scales and can grow over 9 feet long and weigh over 300 pounds, inhabiting slow-moving rivers, lakes, and bays in the Mississippi River Basin and Gulf Coast. They are opportunistic predators, primarily eating rough fish like carp and shad, and can breathe air, allowing them to survive in low-oxygen water.","Kostlín obrovský (Atractosteus spatula) je jednou z největších sladkovodních ryb Severní Ameriky, která se někdy vyskytuje i ve slané vodě. Je známý svým dlouhým torpédovitým tělem, širokým rypcem a řadami ostrých zubů, díky nimž připomíná aligátora. Tyto pravěké ryby mají tvrdé kosočtverečné šupiny, mohou dorůst délky přes 9 stop a hmotnosti přes 300 liber a obývají pomalu tekoucí řeky, jezera a zátoky v povodí Mississippi a na pobřeží Mexického zálivu. Jsou to oportunističtí predátoři, kteří se živí hlavně méně ceněnými rybami, jako jsou kapři a placky, a dokážou dýchat vzduch, takže přežijí i ve vodě s nízkým obsahem kyslíku.","Der Alligatorhecht (Atractosteus spatula) ist einer der größten Süßwasserfische Nordamerikas und kommt mitunter auch im Salzwasser vor. Bekannt ist er für seinen langen, torpedoförmigen Körper, die breite Schnauze und die Reihen scharfer Zähne, mit denen er an einen Alligator erinnert. Diese urtümlichen Fische haben harte, rautenförmige Schuppen, können über 9 Fuß lang und über 300 lb schwer werden und bewohnen langsam fließende Flüsse, Seen und Buchten im Einzugsgebiet des Mississippi und an der Golfküste. Sie sind opportunistische Räuber, fressen vor allem als minderwertig geltende Fische wie Karpfen und Maifische und können Luft atmen, wodurch sie auch in sauerstoffarmem Wasser überleben können.","Аллигаторовая щука (Atractosteus spatula) — одна из крупнейших пресноводных рыб Северной Америки, иногда заходящая и в солёную воду. Она известна длинным торпедообразным телом, широким рылом и рядами острых зубов, из-за которых напоминает аллигатора. У этих доисторических рыб твёрдая ромбовидная чешуя; они могут вырастать более чем до 9 футов в длину и весить более 300 фунтов и обитают в медленно текущих реках, озёрах и заливах бассейна Миссисипи и побережья Мексиканского залива. Это хищники-оппортунисты, питающиеся в основном сорной рыбой, например карпами и алозами; они способны дышать атмосферным воздухом, что позволяет им выживать в воде с низким содержанием кислорода.","Niszczuka aligatorowa (Atractosteus spatula) to jedna z największych ryb słodkowodnych Ameryki Północnej, spotykana czasem także w słonej wodzie, znana z długiego, torpedowatego ciała, szerokiego pyska i rzędów ostrych zębów, przez które przypomina aligatora. Te prehistoryczne ryby mają twarde, rombowe łuski i mogą osiągać ponad 9 stóp długości oraz ponad 300 funtów masy; zamieszkują wolno płynące rzeki, jeziora i zatoki w dorzeczu Missisipi i na wybrzeżu Zatoki Meksykańskiej. Są drapieżnikami oportunistycznymi, żywiącymi się głównie rybami uznawanymi za chwastowe, takimi jak karpie i alozy, i potrafią oddychać powietrzem atmosferycznym, dzięki czemu mogą przetrwać w wodzie ubogiej w tlen.","Az aligátorcsuka (Atractosteus spatula) Észak-Amerika egyik legnagyobb édesvízi hala, amely néha sós vízben is előfordul. Hosszú, torpedó alakú testéről, széles orráról és éles fogsorairól ismert, amelyek miatt egy aligátorra emlékeztet. Ezeknek az ősi halaknak kemény, rombusz alakú pikkelyeik vannak; több mint 9 láb hosszúra és több mint 300 font tömegűre is megnőhetnek. Lassú folyású folyókban, tavakban és öblökben élnek a Mississippi vízgyűjtőjében és a Mexikói-öböl partvidékén. Opportunista ragadozók, főként gyomhalakkal, például pontyokkal és alózákkal táplálkoznak, és levegőt is tudnak lélegezni, így az oxigénszegény vízben is életben maradnak.","Il luccio alligatore (Atractosteus spatula) è uno dei più grandi pesci d'acqua dolce del Nord America, presente talvolta anche in acqua salata, noto per il corpo lungo a forma di siluro, il muso largo e le file di denti aguzzi che lo fanno somigliare a un alligatore. Questi pesci preistorici hanno scaglie dure a forma di rombo, possono superare i 9 piedi di lunghezza e le 300 libbre di peso e vivono in fiumi a corrente lenta, laghi e baie del bacino del Mississippi e della costa del Golfo del Messico. Sono predatori opportunisti, si nutrono principalmente di pesci poco pregiati come carpe e alose e possono respirare aria, il che permette loro di sopravvivere in acque povere di ossigeno.","El catán (Atractosteus spatula) es uno de los peces de agua dulce más grandes de Norteamérica, aunque a veces se encuentra en agua salada. Es conocido por su cuerpo largo en forma de torpedo, su hocico ancho y sus hileras de dientes afilados, que le dan un aspecto parecido al de un aligátor. Estos peces prehistóricos tienen escamas duras y romboidales, pueden superar los 9 pies de largo y las 300 libras de peso, y habitan en ríos de corriente lenta, lagos y bahías de la cuenca del río Misisipi y de la costa del golfo de México. Son depredadores oportunistas que se alimentan principalmente de peces de escaso valor, como carpas y sábalos, y pueden respirar aire, lo que les permite sobrevivir en aguas con poco oxígeno.","Le garpique alligator (Atractosteus spatula) est l'un des plus grands poissons d'eau douce d'Amérique du Nord, que l'on rencontre parfois en eau salée. Il est connu pour son long corps en forme de torpille, son large museau et ses rangées de dents acérées, qui le font ressembler à un alligator. Ce poisson préhistorique possède des écailles dures en forme de losange et peut dépasser 9 pieds de long et 300 livres ; il vit dans les rivières lentes, les lacs et les baies du bassin du Mississippi et de la côte du golfe du Mexique. C'est un prédateur opportuniste qui se nourrit principalement de poissons peu prisés comme la carpe et l'alose, et il peut respirer l'air, ce qui lui permet de survivre dans une eau pauvre en oxygène.",鱷雀鱔（Atractosteus spatula）是北美洲最大的淡水魚之一，有時也會出現在鹹水中。它以修長的魚雷形身體、寬闊的吻部和成排的尖牙聞名，外形酷似短吻鱷。這種史前魚類擁有堅硬的菱形鱗片，體長可超過 9 英尺，體重可超過 300 磅，棲息於密西西比河流域及墨西哥灣沿岸水流緩慢的河流、湖泊和海灣中。它們是機會主義掠食者，主要捕食鯉魚和鰣魚等雜魚，而且能夠呼吸空氣，因此能在低氧的水中生存。,アリゲーターガー（Atractosteus spatula）は北アメリカ最大級の淡水魚の一つで、ときには海水域にも見られる。長い魚雷形の体、幅の広い吻、そしてワニ（アリゲーター）を思わせる鋭い歯の列で知られている。この太古の姿を残す魚は、硬いひし形の鱗をもち、体長9フィート、体重300ポンドを超えるまでに成長することがあり、ミシシッピ川流域とメキシコ湾岸の流れの緩やかな川、湖、湾に生息している。日和見的な捕食者で、主にコイやシャッドといった雑魚を食べ、空気呼吸ができるため、酸素の少ない水中でも生き延びることができる。,"O peixe-jacaré (Atractosteus spatula) é um dos maiores peixes de água doce da América do Norte, aparecendo por vezes em água salgada, e é conhecido pelo corpo longo em forma de torpedo, pelo focinho largo e pelas fileiras de dentes afiados, que fazem lembrar um jacaré. Estes peixes pré-históricos têm escamas duras em forma de losango e podem ultrapassar os 9 pés de comprimento e as 300 libras de peso, habitando rios de corrente lenta, lagos e baías da bacia do rio Mississippi e da Costa do Golfo. São predadores oportunistas, que comem sobretudo peixes de pouco valor, como carpas e sáveis, e conseguem respirar ar, o que lhes permite sobreviver em águas pobres em oxigénio.",鳄雀鳝（Atractosteus spatula）是北美洲最大的淡水鱼之一，有时也会出现在咸水中。它以修长的鱼雷形身体、宽阔的吻部和成排的尖牙闻名，外形酷似短吻鳄。这种史前鱼类拥有坚硬的菱形鳞片，体长可超过 9 英尺，体重可超过 300 磅，栖息于密西西比河流域及墨西哥湾沿岸水流缓慢的河流、湖泊和海湾中。它们是机会主义掠食者，主要捕食鲤鱼和鲥鱼等杂鱼，而且能够呼吸空气，因此能在低氧的水中生存。
str_tools_spoonlure_desc,"Spoon lures are versatile, concave metal fishing lures that mimic baitfish with a wobbling or fluttering action, effective for both casting and trolling in fresh and saltwater. They are primarily used to catch pike, musky, trout, bass, walleye, salmon, and striped bass. Common types include heavy casting spoons, thin trolling spoons, and vertical jigging spoons.","Spoon lures are versatile, concave metal fishing lures that mimic baitfish with a wobbling or fluttering action, effective for both casting and trolling in fresh and saltwater. They are primarily used to catch pike, musky, trout, bass, walleye, salmon, and striped bass. Common types include heavy casting spoons, thin trolling spoons, and vertical jigging spoons.","Plandavky jsou všestranné, miskovitě prohnuté kovové nástrahy, které kolébavým nebo třepotavým pohybem napodobují drobné rybky a jsou účinné při nahazování i při vláčení (trollingu) ve sladké i slané vodě. Používají se především k lovu štik obecných, štik muskalung, pstruhů, okounků, candátů amerických, lososů a mořčáků pruhovaných. Mezi běžné typy patří těžké plandavky na nahazování, tenké plandavky na trolling a plandavky na vertikální pilkování.","Löffelköder sind vielseitige, gewölbte Metallköder, die mit taumelndem oder flatterndem Lauf Köderfische imitieren und sich sowohl zum Werfen als auch zum Schleppen im Süß- und Salzwasser eignen. Man fischt sie vor allem auf Hecht, Muskellunge, Forelle, Schwarzbarsch, Glasaugenbarsch, Lachs und Streifenbarsch. Zu den gängigen Typen gehören schwere Wurflöffel, dünne Schlepplöffel und Löffel zum vertikalen Jiggen.","Блёсны-ложки — универсальные вогнутые металлические приманки, которые колеблющейся или порхающей игрой имитируют мелкую рыбку; они эффективны и при забросе, и при троллинге, в пресной и солёной воде. В основном ими ловят щуку, маскинонга, форель, чёрного окуня, светлопёрого судака, лосося и полосатого окуня. Распространённые типы — тяжёлые блёсны для заброса, тонкие троллинговые блёсны и блёсны для отвесного блеснения.","Błystki wahadłowe to wszechstronne, wklęsłe metalowe przynęty, które kołyszącą lub trzepoczącą pracą imitują małe rybki; sprawdzają się zarówno przy łowieniu z rzutu, jak i w trollingu, w wodach słodkich i słonych. Używa się ich głównie do połowu szczupaków, maskinongów, pstrągów, bassów, sandaczy amerykańskich, łososi i skalników prążkowanych. Popularne rodzaje to ciężkie błystki rzutowe, cienkie błystki trollingowe i błystki do pionowego jigowania.","A kanál csalik sokoldalú, homorú fém műcsalik, amelyek billegő vagy rebegő mozgással utánozzák a csalihalakat, és dobásos, illetve vontatásos (trolling) horgászatban egyaránt hatékonyak, édes- és sós vízben is. Elsősorban csuka, muskellunge, pisztráng, feketesügér, amerikai süllő, lazac és csíkos sügér fogására használják őket. Gyakori típusaik a nehéz dobókanalak, a vékony trollingkanalak és a függőleges jigeléshez való kanalak.","I cucchiaini sono esche artificiali in metallo, concave e versatili, che imitano i pesci foraggio con un'azione oscillante o sfarfallante; sono efficaci sia nella pesca a lancio sia nella traina, in acqua dolce e salata. Si usano soprattutto per catturare luccio, muskellunge, trota, black bass, lucioperca americana, salmone e spigola striata. I tipi più comuni sono i cucchiaini pesanti da lancio, i cucchiaini sottili da traina e i cucchiaini da jigging verticale.","Las cucharillas son señuelos metálicos cóncavos y versátiles que imitan a los peces pasto con un movimiento oscilante o aleteante, y son eficaces tanto a lance como al curricán, en agua dulce y salada. Se utilizan principalmente para capturar lucio, muskellunge, trucha, lobina, lucioperca americana, salmón y lubina rayada. Entre los tipos más comunes están las cucharillas pesadas de lance, las cucharillas finas de curricán y las cucharillas de jigging vertical.","Les cuillers sont des leurres métalliques concaves et polyvalents qui imitent les poissons-fourrage par une nage oscillante ou papillonnante ; elles sont efficaces aussi bien au lancer qu'à la traîne, en eau douce comme en eau salée. Elles servent surtout à pêcher le brochet, le maskinongé, la truite, l'achigan, le doré, le saumon et le bar rayé. Parmi les types courants, on trouve les cuillers lourdes de lancer, les cuillers fines de traîne et les cuillers de jigging vertical.",匙形假餌是用途廣泛的凹形金屬假餌，能以搖擺或顫動的泳姿模仿餌料魚，在淡水和海水中拋投或拖釣都很有效。它們主要用於釣狗魚、北美狗魚、鱒魚、鱸魚、玻璃梭鱸、鮭魚和條紋鱸魚。常見類型包括較重的拋投用匙、較薄的拖釣用匙，以及垂直跳釣用匙。,スプーンルアーは、くぼんだ形をした汎用性の高い金属製のルアーで、揺れるようなウォブリングやひらひらと舞うフラッタリングのアクションでベイトフィッシュを模倣し、淡水・海水を問わずキャスティングにもトローリングにも効果を発揮する。主にパイク、マスケロンジ、マス、バス、ウォールアイ、サケ、ストライプドバスを釣るのに使われる。代表的なタイプには、重いキャスティング用スプーン、薄いトローリング用スプーン、バーチカルジギング用スプーンがある。,"As iscas colher são iscas de pesca versáteis, de metal côncavo, que imitam peixes-isco com um movimento oscilante ou trepidante, eficazes tanto no lançamento como no corrico, em água doce e salgada. São usadas sobretudo para pescar lúcio, muskellunge, truta, achigã, olho-de-vidro, salmão e robalo-listrado. Os tipos mais comuns incluem colheres pesadas de lançamento, colheres finas de corrico e colheres de jigging vertical.",匙形假饵是用途广泛的凹形金属假饵，能以摇摆或颤动的泳姿模仿饵料鱼，在淡水和海水中抛投或拖钓都很有效。它们主要用于钓狗鱼、北美狗鱼、鳟鱼、鲈鱼、玻璃梭鲈、鲑鱼和条纹鲈鱼。常见类型包括较重的抛投用匙、较薄的拖钓用匙，以及垂直跳钓用匙。
str_tools_spoonlure1,Spoon Lure #1,Spoon Lure #1,Plandavka #1,Löffelköder #1,Блесна-ложка №1,Błystka wahadłowa #1,Kanál csali #1,Cucchiaino #1,Cucharilla #1,Cuiller #1,匙形假餌 #1,スプーンルアー #1,Isca colher #1,匙形假饵 #1
str_tools_spoonlure2,Spoon Lure #2,Spoon Lure #2,Plandavka #2,Löffelköder #2,Блесна-ложка №2,Błystka wahadłowa #2,Kanál csali #2,Cucchiaino #2,Cucharilla #2,Cuiller #2,匙形假餌 #2,スプーンルアー #2,Isca colher #2,匙形假饵 #2
str_tools_spoonlure3,Spoon Lure #3,Spoon Lure #3,Plandavka #3,Löffelköder #3,Блесна-ложка №3,Błystka wahadłowa #3,Kanál csali #3,Cucchiaino #3,Cucharilla #3,Cuiller #3,匙形假餌 #3,スプーンルアー #3,Isca colher #3,匙形假饵 #3
str_tools_spoonlure4,Spoon Lure #4,Spoon Lure #4,Plandavka #4,Löffelköder #4,Блесна-ложка №4,Błystka wahadłowa #4,Kanál csali #4,Cucchiaino #4,Cucharilla #4,Cuiller #4,匙形假餌 #4,スプーンルアー #4,Isca colher #4,匙形假饵 #4
STR_clothes_orangefishinggloves_desc,Orange Fishing Gloves.,Orange Fishing Gloves.,Oranžové rybářské rukavice.,Orange Angelhandschuhe.,Оранжевые рыболовные перчатки.,Pomarańczowe rękawice wędkarskie.,Narancssárga horgászkesztyű.,Guanti da pesca arancioni.,Guantes de pesca naranja.,Gants de pêche orange.,橙色釣魚手套。,オレンジのフィッシンググローブ。,Luvas de pesca laranja.,橙色钓鱼手套。
STR_clothes_bluefishinggloves_desc,Blue Fishing Gloves.,Blue Fishing Gloves.,Modré rybářské rukavice.,Blaue Angelhandschuhe.,Синие рыболовные перчатки.,Niebieskie rękawice wędkarskie.,Kék horgászkesztyű.,Guanti da pesca blu.,Guantes de pesca azules.,Gants de pêche bleus.,藍色釣魚手套。,ブルーのフィッシンググローブ。,Luvas de pesca azuis.,蓝色钓鱼手套。
STR_clothes_bluefishinghat_desc,Blue Fishing Hat.,Blue Fishing Hat.,Modrá rybářská kšiltovka.,Blaue Angelkappe.,Синяя рыболовная бейсболка.,Niebieska czapka wędkarska z daszkiem.,Kék horgászsapka.,Cappellino da pesca blu.,Gorra de pesca azul.,Casquette de pêche bleue.,藍色釣魚帽。,ブルーのフィッシングキャップ。,Boné de pesca azul.,蓝色钓鱼帽。
STR_clothes_redfishinghat_desc,Red Fishing Hat.,Red Fishing Hat.,Červená rybářská kšiltovka.,Rote Angelkappe.,Красная рыболовная бейсболка.,Czerwona czapka wędkarska z daszkiem.,Piros horgászsapka.,Cappellino da pesca rosso.,Gorra de pesca roja.,Casquette de pêche rouge.,紅色釣魚帽。,レッドのフィッシングキャップ。,Boné de pesca vermelho.,红色钓鱼帽。
STR_clothes_greenfishinghat_desc,Green Fishing Hat.,Green Fishing Hat.,Zelená rybářská kšiltovka.,Grüne Angelkappe.,Зелёная рыболовная бейсболка.,Zielona czapka wędkarska z daszkiem.,Zöld horgászsapka.,Cappellino da pesca verde.,Gorra de pesca verde.,Casquette de pêche verte.,綠色釣魚帽。,グリーンのフィッシングキャップ。,Boné de pesca verde.,绿色钓鱼帽。
STR_clothes_purplefishinghat_desc,Purple Fishing Hat.,Purple Fishing Hat.,Fialová rybářská kšiltovka.,Lila Angelkappe.,Фиолетовая рыболовная бейсболка.,Fioletowa czapka wędkarska z daszkiem.,Lila horgászsapka.,Cappellino da pesca viola.,Gorra de pesca morada.,Casquette de pêche violette.,紫色釣魚帽。,パープルのフィッシングキャップ。,Boné de pesca roxo.,紫色钓鱼帽。
STR_clothes_redfishingshirt_desc,Red Fishing Shirt.,Red Fishing Shirt.,Červené rybářské tričko.,Rotes Angel-T-Shirt.,Красная рыболовная футболка.,Czerwona koszulka wędkarska.,Piros horgászpóló.,Maglietta da pesca rossa.,Camiseta de pesca roja.,T-shirt de pêche rouge.,紅色釣魚衫。,レッドのフィッシングTシャツ。,T-shirt de pesca vermelha.,红色钓鱼衫。
STR_clothes_greenfishingshirt_desc,Green Fishing Shirt.,Green Fishing Shirt.,Zelené rybářské tričko.,Grünes Angel-T-Shirt.,Зелёная рыболовная футболка.,Zielona koszulka wędkarska.,Zöld horgászpóló.,Maglietta da pesca verde.,Camiseta de pesca verde.,T-shirt de pêche vert.,綠色釣魚衫。,グリーンのフィッシングTシャツ。,T-shirt de pesca verde.,绿色钓鱼衫。
STR_clothes_bluefishingshirt_desc,Blue Fishing Shirt.,Blue Fishing Shirt.,Modré rybářské tričko.,Blaues Angel-T-Shirt.,Синяя рыболовная футболка.,Niebieska koszulka wędkarska.,Kék horgászpóló.,Maglietta da pesca blu.,Camiseta de pesca azul.,T-shirt de pêche bleu.,藍色釣魚衫。,ブルーのフィッシングTシャツ。,T-shirt de pesca azul.,蓝色钓鱼衫。
STR_clothes_purplefishingshirt_desc,Purple Fishing Shirt.,Purple Fishing Shirt.,Fialové rybářské tričko.,Lila Angel-T-Shirt.,Фиолетовая рыболовная футболка.,Fioletowa koszulka wędkarska.,Lila horgászpóló.,Maglietta da pesca viola.,Camiseta de pesca morada.,T-shirt de pêche violet.,紫色釣魚衫。,パープルのフィッシングTシャツ。,T-shirt de pesca roxa.,紫色钓鱼衫。
STR_fish_stripedbass,Striped Bass,Striped Bass,Mořčák pruhovaný,Streifenbarsch,Полосатый окунь,Skalnik prążkowany,Csíkos sügér,Spigola striata,Lubina rayada,Bar rayé,條紋鱸魚,ストライプドバス,Robalo-listrado,条纹鲈鱼
STR_fish_stripedbass_desc,"The striped bass (Morone saxatilis), also called the Atlantic striped bass, striper, linesider, rock, or rockfish, is an anadromous perciform fish of the family Moronidae found primarily along the Atlantic coast of North America. It has also been widely introduced into inland recreational fisheries across the United States. Striped bass found in the Gulf of Mexico are a separate strain referred to as Gulf Coast striped bass.","The striped bass (Morone saxatilis), also called the Atlantic striped bass, striper, linesider, rock, or rockfish, is an anadromous perciform fish of the family Moronidae found primarily along the Atlantic coast of North America. It has also been widely introduced into inland recreational fisheries across the United States. Striped bass found in the Gulf of Mexico are a separate strain referred to as Gulf Coast striped bass.","Mořčák pruhovaný (Morone saxatilis), anglicky nazývaný také ""Atlantic striped bass"", ""striper"", ""linesider"", ""rock"" nebo ""rockfish"", je anadromní ostnoploutvá ryba z čeledi mořčákovitých (Moronidae), která se vyskytuje především podél atlantského pobřeží Severní Ameriky. Byl také hojně vysazován do vnitrozemských vod pro rekreační rybolov po celých Spojených státech. Mořčáci pruhovaní z Mexického zálivu představují samostatný kmen označovaný jako ""Gulf Coast striped bass"".","Der Streifenbarsch (Morone saxatilis), im Englischen auch ""Atlantic striped bass"", ""striper"", ""linesider"", ""rock"" oder ""rockfish"" genannt, ist ein anadromer barschartiger Fisch aus der Familie Moronidae, der vor allem entlang der Atlantikküste Nordamerikas vorkommt. Er wurde außerdem in den gesamten Vereinigten Staaten vielfach in Binnengewässer für die Freizeitfischerei eingesetzt. Streifenbarsche aus dem Golf von Mexiko bilden einen eigenen Stamm, der als ""Gulf Coast striped bass"" bezeichnet wird.","Полосатый окунь (Morone saxatilis), которого также называют атлантическим полосатым окунем, а в английском — ""striper"", ""linesider"", ""rock"" или ""rockfish"", — анадромная окунеобразная рыба семейства Moronidae, обитающая в основном у атлантического побережья Северной Америки. Его также широко вселяли во внутренние водоёмы для любительского рыболовства по всем Соединённым Штатам. Полосатые окуни Мексиканского залива — отдельная форма, которую называют полосатым окунем побережья Мексиканского залива (""Gulf Coast striped bass"").","Skalnik prążkowany (Morone saxatilis), po angielsku nazywany też ""Atlantic striped bass"", ""striper"", ""linesider"", ""rock"" lub ""rockfish"", to anadromiczna ryba okoniokształtna z rodziny moronowatych (Moronidae), występująca głównie wzdłuż atlantyckiego wybrzeża Ameryki Północnej. Został też szeroko wprowadzony do śródlądowych łowisk rekreacyjnych w całych Stanach Zjednoczonych. Skalniki prążkowane występujące w Zatoce Meksykańskiej to odrębny szczep, nazywany ""Gulf Coast striped bass"".","A csíkos sügér (Morone saxatilis), angolul ""Atlantic striped bass"", ""striper"", ""linesider"", ""rock"" vagy ""rockfish"" néven is ismert, a Moronidae családba tartozó anadrom, sügéralakú hal, amely elsősorban Észak-Amerika atlanti partvidékén él. Az Egyesült Államok-szerte széles körben betelepítették a szárazföld belsejében lévő horgászvizekbe is. A Mexikói-öbölben élő csíkos sügérek külön állományt alkotnak, amelyet angolul ""Gulf Coast striped bass"" néven emlegetnek.","La spigola striata (Morone saxatilis), chiamata anche, in inglese, ""Atlantic striped bass"", ""striper"", ""linesider"", ""rock"" o ""rockfish"", è un pesce perciforme anadromo della famiglia Moronidae diffuso principalmente lungo la costa atlantica del Nord America. È stata anche ampiamente introdotta nelle acque interne di tutti gli Stati Uniti per la pesca ricreativa. Le spigole striate del Golfo del Messico costituiscono un ceppo distinto, chiamato ""Gulf Coast striped bass"".","La lubina rayada (Morone saxatilis), también llamada en inglés ""Atlantic striped bass"", ""striper"", ""linesider"", ""rock"" o ""rockfish"", es un pez perciforme anádromo de la familia Moronidae que se encuentra principalmente a lo largo de la costa atlántica de Norteamérica. También se ha introducido ampliamente en aguas interiores de todo Estados Unidos para la pesca recreativa. Las lubinas rayadas del golfo de México constituyen una cepa distinta, conocida como ""Gulf Coast striped bass"".","Le bar rayé (Morone saxatilis), également appelé bar rayé de l'Atlantique, ou en anglais ""striper"", ""linesider"", ""rock"" ou ""rockfish"", est un poisson perciforme anadrome de la famille des Moronidae, présent principalement le long de la côte atlantique de l'Amérique du Nord. Il a également été largement introduit dans les eaux intérieures des États-Unis pour la pêche récréative. Les bars rayés du golfe du Mexique forment une souche distincte, appelée bar rayé de la côte du golfe.",條紋鱸魚（Morone saxatilis），英文又稱「Atlantic striped bass」、「striper」、「linesider」、「rock」或「rockfish」，是狼鱸科（Moronidae）的一種溯河洄游性鱸形目魚類，主要分佈於北美洲大西洋沿岸。它也被廣泛引入美國各地的內陸水域，供休閒漁業之用。分佈於墨西哥灣的條紋鱸魚是一個獨立的品系，稱為「Gulf Coast striped bass」。,ストライプドバス（Morone saxatilis）は、アトランティック・ストライプドバス、ストライパー、ラインサイダー、ロック、ロックフィッシュとも呼ばれ、モロネ科の遡河性スズキ目魚類で、主に北米大西洋岸沿いに生息する。米国各地の内陸レクリエーション漁業にも広く導入されている。メキシコ湾で見つかるストライプドバスは別の系統で、メキシコ湾岸ストライプドバスと呼ばれる。,"O robalo-listrado (Morone saxatilis), também chamado robalo-listrado do Atlântico, ""striper"", ""linesider"", ""rock"" ou ""rockfish"", é um peixe perciforme anádromo da família Moronidae que se encontra sobretudo ao longo da costa atlântica da América do Norte. Foi também amplamente introduzido em águas interiores de todos os Estados Unidos para a pesca recreativa. Os robalos-listrados do Golfo do México são uma linhagem distinta, chamada robalo-listrado da Costa do Golfo.",条纹鲈鱼（Morone saxatilis），英文又称「Atlantic striped bass」、「striper」、「linesider」、「rock」或「rockfish」，是狼鲈科（Moronidae）的一种溯河洄游性鲈形目鱼类，主要分布于北美洲大西洋沿岸。它也被广泛引入美国各地的内陆水域，供休闲渔业之用。分布于墨西哥湾的条纹鲈鱼是一个独立的品系，称为「Gulf Coast striped bass」。
STR_fish_neoshobass,Neosho Bass,Neosho Bass,Okounek Neosho,Neosho-Barsch,Окунь Неошо,Bass Neosho,Neosho sügér,Bass Neosho,Lobina Neosho,Achigan Neosho,Neosho 黑鱸,ネオショバス,Achigã Neosho,Neosho 黑鲈
STR_fish_neoshobass_desc,"The Neosho Bass (Micropterus velox) is a black bass found only in the Spring, Neosho, and Elk River basins of Missouri, Arkansas, Kansas, and Oklahoma. Long treated as a subspecies of the Smallmouth Bass, it is now usually recognized as a species of its own. They're perfectly adapted to the clear, gravel-bottomed streams of this region, playing a vital role in the ecosystem. Over time they are breeding with Smallmouth and it is getting harder to find a pure Neosho. That's why proper identification is crucial when determining if you've successfully found one.","The Neosho Bass (Micropterus velox) is a black bass found only in the Spring, Neosho, and Elk River basins of Missouri, Arkansas, Kansas, and Oklahoma. Long treated as a subspecies of the Smallmouth Bass, it is now usually recognized as a species of its own. They're perfectly adapted to the clear, gravel-bottomed streams of this region, playing a vital role in the ecosystem. Over time they are breeding with Smallmouth and it is getting harder to find a pure Neosho. That's why proper identification is crucial when determining if you've successfully found one.","Okounek Neosho (Micropterus velox) je okounek, který se vyskytuje pouze v povodích řek Spring, Neosho a Elk v Missouri, Arkansasu, Kansasu a Oklahomě. Dlouho byl považován za poddruh okounka černého, dnes je obvykle uznáván jako samostatný druh. Tito okounci jsou dokonale přizpůsobeni čistým potokům se štěrkovým dnem v této oblasti a hrají v ekosystému zásadní roli. Postupem času se kříží s okounkem černým a je stále těžší najít čistokrevného okounka Neosho. Proto je správné určení klíčové, když chcete zjistit, zda se vám ho skutečně podařilo najít.","Der Neosho-Barsch (Micropterus velox) ist ein Schwarzbarsch, der nur in den Einzugsgebieten von Spring River, Neosho River und Elk River in Missouri, Arkansas, Kansas und Oklahoma vorkommt. Lange galt er als Unterart des Kleinmaulbarschs, heute wird er meist als eigene Art anerkannt. Er ist perfekt an die klaren Bäche mit Kiesgrund in dieser Region angepasst und spielt eine wichtige Rolle im Ökosystem. Mit der Zeit kreuzt er sich zunehmend mit dem Kleinmaulbarsch, sodass es immer schwieriger wird, einen reinen Neosho-Barsch zu finden. Deshalb ist eine genaue Bestimmung entscheidend, wenn man feststellen will, ob man tatsächlich einen gefunden hat.","Окунь Неошо (Micropterus velox) — чёрный окунь, который встречается только в бассейнах рек Спринг, Неошо и Элк в штатах Миссури, Арканзас, Канзас и Оклахома. Долгое время его считали подвидом малоротого окуня, но сейчас обычно признают самостоятельным видом. Он идеально приспособлен к прозрачным речкам этого региона с галечным дном и играет важную роль в экосистеме. Со временем он всё чаще скрещивается с малоротым окунем, и найти чистокровного окуня Неошо становится всё труднее. Поэтому так важно правильно определить вид, чтобы понять, действительно ли вам попался именно он.","Bass Neosho (Micropterus velox) to czarny bass występujący wyłącznie w dorzeczach rzek Spring, Neosho i Elk w Missouri, Arkansas, Kansas i Oklahomie. Długo uważano go za podgatunek bassa małogębowego, dziś zwykle uznaje się go za odrębny gatunek. Są doskonale przystosowane do czystych, żwirowych strumieni tego regionu, odgrywając istotną rolę w ekosystemie. Z czasem krzyżują się z bassem małogębowym i coraz trudniej znaleźć czystego Neosho. Dlatego prawidłowa identyfikacja jest kluczowa przy ustalaniu, czy z powodzeniem znalazłeś jednego z nich.","A Neosho sügér (Micropterus velox) olyan feketesügér, amely kizárólag a Spring, a Neosho és az Elk folyó vízgyűjtőjében fordul elő Missouri, Arkansas, Kansas és Oklahoma államban. Sokáig a fekete sügér alfajának tartották, ma többnyire önálló fajként ismerik el. Tökéletesen alkalmazkodott a térség tiszta, kavicsos medrű patakjaihoz, és létfontosságú szerepet tölt be az ökoszisztémában. Idővel egyre inkább kereszteződik a fekete sügérrel, így egyre nehezebb fajtiszta Neosho sügért találni. Ezért kulcsfontosságú a pontos azonosítás, ha meg akarod állapítani, hogy valóban sikerült-e egyet találnod.","Il bass Neosho (Micropterus velox) è un black bass presente solo nei bacini dei fiumi Spring, Neosho ed Elk, in Missouri, Arkansas, Kansas e Oklahoma. A lungo considerato una sottospecie del persico trota bocca piccola, oggi è di solito riconosciuto come specie a sé. È perfettamente adattato ai torrenti limpidi e dal fondo ghiaioso di questa regione, dove svolge un ruolo fondamentale nell'ecosistema. Col passare del tempo si sta incrociando con il persico trota bocca piccola ed è sempre più difficile trovare un bass Neosho puro. Per questo è essenziale identificarlo correttamente per stabilire se ne hai davvero trovato uno.","La lobina Neosho (Micropterus velox) es una lobina que solo se encuentra en las cuencas de los ríos Spring, Neosho y Elk, en Misuri, Arkansas, Kansas y Oklahoma. Durante mucho tiempo se consideró una subespecie de la lobina boca chica, pero hoy suele reconocerse como especie propia. Está perfectamente adaptada a los arroyos de aguas claras y fondo de grava de esta región, donde desempeña un papel vital en el ecosistema. Con el tiempo se ha ido cruzando con la lobina boca chica, y cada vez es más difícil encontrar una lobina Neosho pura. Por eso es crucial identificarla correctamente para saber si de verdad has encontrado una.","L'achigan Neosho (Micropterus velox) est un achigan que l'on trouve uniquement dans les bassins des rivières Spring, Neosho et Elk, au Missouri, en Arkansas, au Kansas et en Oklahoma. Longtemps considéré comme une sous-espèce de l'achigan à petite bouche, il est aujourd'hui généralement reconnu comme une espèce à part entière. Il est parfaitement adapté aux cours d'eau limpides à fond de gravier de cette région, où il joue un rôle vital dans l'écosystème. Avec le temps, il s'hybride avec l'achigan à petite bouche, et il devient de plus en plus difficile de trouver un achigan Neosho pur. C'est pourquoi une identification rigoureuse est essentielle pour savoir si vous en avez bien trouvé un.",Neosho 黑鱸（Micropterus velox）是一種黑鱸，僅見於密蘇里州、阿肯色州、堪薩斯州和俄克拉何馬州的 Spring 河、Neosho 河和 Elk 河流域。它長期被視為小口黑鱸的一個亞種，如今通常被承認為獨立的物種。它們完美適應了該地區清澈、礫石底質的溪流，在生態系統中扮演至關重要的角色。隨時間推移，它們不斷與小口黑鱸雜交，純種的 Neosho 黑鱸越來越難找到。因此，要判斷你是否真的找到了一條，正確的辨識至關重要。,ネオショバス（Micropterus velox）はブラックバスの一種で、ミズーリ州、アーカンソー州、カンザス州、オクラホマ州のスプリング川、ネオショ川、エルク川流域にのみ生息する。長くスモールマウスバスの亜種とされてきたが、現在では独立した種として扱われることが多い。この地域の透明で砂利底の小川に完璧に適応しており、生態系において重要な役割を果たしている。時間の経過とともにスモールマウスバスと交雑するため、純粋なネオショを見つけることはますます難しくなっている。そのため、首尾よく見つけたかどうかを判断するには、正確な識別が極めて重要である。,"O achigã Neosho (Micropterus velox) é um achigã que só se encontra nas bacias dos rios Spring, Neosho e Elk, no Missouri, Arkansas, Kansas e Oklahoma. Durante muito tempo foi considerado uma subespécie do achigã-de-boca-pequena, mas hoje é geralmente reconhecido como uma espécie à parte. Está perfeitamente adaptado aos riachos de águas límpidas e fundo de cascalho desta região, onde desempenha um papel vital no ecossistema. Com o tempo, tem-se cruzado com o achigã-de-boca-pequena, e é cada vez mais difícil encontrar um Neosho puro. É por isso que uma identificação correta é crucial para saber se conseguiu mesmo encontrar um.",Neosho 黑鲈（Micropterus velox）是一种黑鲈，仅见于密苏里州、阿肯色州、堪萨斯州和俄克拉何马州的 Spring 河、Neosho 河和 Elk 河流域。它长期被视为小口黑鲈的一个亚种，如今通常被承认为独立的物种。它们完美适应了该地区清澈、砾石底质的溪流，在生态系统中扮演至关重要的角色。随时间推移，它们不断与小口黑鲈杂交，纯种的 Neosho 黑鲈越来越难找到。因此，要判断你是否真的找到了一条，正确的辨识至关重要。
STR_fish_americanbullfrog,American Bullfrog,American Bullfrog,Skokan volský,Amerikanischer Ochsenfrosch,Американская лягушка-бык,Żaba rycząca,Amerikai ökörbéka,Rana toro americana,Rana toro americana,Ouaouaron,美洲牛蛙,アメリカウシガエル,Rã-touro americana,美洲牛蛙
STR_fish_americanbullfrog_desc,"The American bullfrog (Lithobates catesbeianus), often simply known as the bullfrog in Canada and the United States, is a large true frog native to eastern North America. It typically inhabits large permanent water bodies such as swamps, ponds, and lakes. Bullfrogs can also be found in manmade habitats such as pools, koi ponds, canals, ditches, reservoirs and culverts. The bullfrog gets its name from the sound the male makes during the breeding season, which sounds similar to a bull bellowing. They are generalist carnivores, consuming a wide variety of prey. In turn, they are eaten by predators such as alligators, snakes, and birds.","The American bullfrog (Lithobates catesbeianus), often simply known as the bullfrog in Canada and the United States, is a large true frog native to eastern North America. It typically inhabits large permanent water bodies such as swamps, ponds, and lakes. Bullfrogs can also be found in manmade habitats such as pools, koi ponds, canals, ditches, reservoirs and culverts. The bullfrog gets its name from the sound the male makes during the breeding season, which sounds similar to a bull bellowing. They are generalist carnivores, consuming a wide variety of prey. In turn, they are eaten by predators such as alligators, snakes, and birds.","Skokan volský (Lithobates catesbeianus), v Kanadě a Spojených státech často nazývaný jednoduše ""bullfrog"", je velká žába z čeledi skokanovitých, původní ve východní části Severní Ameriky. Obvykle obývá velké stálé vodní plochy, jako jsou bažiny, rybníky a jezera. Skokany volské lze najít i v umělých biotopech, jako jsou bazény, jezírka s kapry koi, kanály, příkopy, nádrže a propustky. Skokan volský dostal své jméno podle zvuku, který samec vydává v období rozmnožování a který připomíná bučení býka. Jsou to všestranní masožravci, kteří loví širokou škálu kořisti. Sami jsou pak potravou predátorů, jako jsou aligátoři, hadi a ptáci.","Der Amerikanische Ochsenfrosch (Lithobates catesbeianus), in Kanada und den Vereinigten Staaten oft einfach ""bullfrog"" genannt, ist ein großer Vertreter der Echten Frösche und im östlichen Nordamerika heimisch. Er bewohnt typischerweise große, dauerhafte Gewässer wie Sümpfe, Teiche und Seen. Ochsenfrösche findet man auch in vom Menschen geschaffenen Lebensräumen wie Schwimmbecken, Koiteichen, Kanälen, Gräben, Stauseen und Durchlässen. Der Ochsenfrosch verdankt seinen Namen dem Ruf, den das Männchen während der Paarungszeit ausstößt und der an das Brüllen eines Bullen erinnert. Ochsenfrösche sind generalistische Fleischfresser, die eine große Vielfalt an Beutetieren verzehren. Sie selbst werden von Fressfeinden wie Alligatoren, Schlangen und Vögeln gefressen.","Американская лягушка-бык (Lithobates catesbeianus), которую в Канаде и США часто называют просто лягушкой-быком (""bullfrog""), — крупная настоящая лягушка, родом с востока Северной Америки. Обычно она населяет крупные постоянные водоёмы — болота, пруды и озёра. Лягушек-быков можно встретить и в искусственных местообитаниях: бассейнах, прудах с карпами кои, каналах, канавах, водохранилищах и водопропускных трубах. Своё название лягушка-бык получила за звук, который самец издаёт в брачный сезон и который напоминает рёв быка. Эти лягушки — хищники-генералисты, поедающие самую разнообразную добычу. В свою очередь, ими питаются такие хищники, как аллигаторы, змеи и птицы.","Żaba rycząca (Lithobates catesbeianus), w Kanadzie i Stanach Zjednoczonych często nazywana po prostu ""bullfrog"", to duża żaba właściwa pochodząca ze wschodniej części Ameryki Północnej. Zwykle zamieszkuje duże, stałe zbiorniki wodne, takie jak bagna, stawy i jeziora. Żaby ryczące można też spotkać w siedliskach stworzonych przez człowieka, takich jak baseny, stawy z karpiami koi, kanały, rowy, zbiorniki zaporowe i przepusty. Żaba rycząca zawdzięcza swoją nazwę głosowi samca w okresie godowym, który przypomina ryk byka. Są to mięsożercy o szerokim spektrum pokarmowym, zjadający bardzo różnorodną zdobycz. Same z kolei padają ofiarą drapieżników, takich jak aligatory, węże i ptaki.","Az amerikai ökörbéka (Lithobates catesbeianus), amelyet Kanadában és az Egyesült Államokban gyakran egyszerűen csak ökörbékának neveznek, Észak-Amerika keleti részén őshonos, nagy termetű valódi béka. Jellemzően nagy, állandó vizekben él, például mocsarakban, kisebb tavakban és tavakban. Ember alkotta élőhelyeken is megtalálható, például medencékben, koitavakban, csatornákban, árkokban, víztározókban és átereszekben. Az ökörbéka nevét a hím párzási időszakban hallatott hangjáról kapta, amely egy bika bőgéséhez hasonlít. Nem válogatós húsevő, sokféle zsákmányállatot elfogyaszt. Őt magát pedig olyan ragadozók eszik, mint az aligátorok, a kígyók és a madarak.","La rana toro americana (Lithobates catesbeianus), in Canada e negli Stati Uniti spesso chiamata semplicemente rana toro (""bullfrog""), è un grande ranide originario del Nord America orientale. Vive di solito in grandi specchi d'acqua permanenti come paludi, stagni e laghi. Si può trovare anche in habitat artificiali come piscine, laghetti per carpe koi, canali, fossi, bacini artificiali e tombini. La rana toro deve il suo nome al verso che il maschio emette durante la stagione riproduttiva, simile al muggito di un toro. È carnivora e generalista: si nutre di una grande varietà di prede. A sua volta viene mangiata da predatori come alligatori, serpenti e uccelli.","La rana toro americana (Lithobates catesbeianus), a menudo llamada simplemente rana toro en Canadá y Estados Unidos, es una gran rana verdadera originaria del este de Norteamérica. Suele habitar en grandes masas de agua permanentes, como pantanos, estanques y lagos. Las ranas toro también pueden encontrarse en hábitats artificiales como piscinas, estanques de carpas koi, canales, zanjas, embalses y alcantarillas. La rana toro debe su nombre al sonido que emite el macho durante la época de reproducción, parecido al bramido de un toro. Son carnívoras generalistas y consumen una gran variedad de presas. A su vez, sirven de alimento a depredadores como aligátores, serpientes y aves.","Le ouaouaron (Lithobates catesbeianus), souvent appelé simplement grenouille-taureau (""bullfrog"") au Canada et aux États-Unis, est une grande grenouille de la famille des ranidés, originaire de l'est de l'Amérique du Nord. Il vit généralement dans de grandes étendues d'eau permanentes comme les marais, les étangs et les lacs. On le trouve aussi dans des habitats artificiels comme les piscines, les bassins à carpes koï, les canaux, les fossés, les réservoirs et les ponceaux. Son nom de grenouille-taureau vient du son que le mâle émet pendant la saison de reproduction, qui rappelle le mugissement d'un taureau. C'est un carnivore généraliste, qui consomme une grande variété de proies. Il est lui-même la proie de prédateurs comme les alligators, les serpents et les oiseaux.",美洲牛蛙（Lithobates catesbeianus），在加拿大和美國常簡稱為 bullfrog，是一種原產於北美東部的大型真蛙。它通常棲息於大型永久性水體中，如沼澤、池塘和湖泊。牛蛙也可以在人工棲息地中發現，如游泳池、錦鯉池、運河、溝渠、水庫和涵洞。牛蛙的名字源於雄蛙在繁殖季節發出的聲音，聽起來類似公牛的吼叫聲。它們是廣食性肉食動物，捕食各式各樣的獵物。反過來，它們也被鱷魚、蛇和鳥類等掠食者捕食。,アメリカウシガエル（Lithobates catesbeianus）は、カナダとアメリカでは単に「ブルフロッグ」と呼ばれることが多い、北アメリカ東部原産のアカガエル科の大型のカエルである。通常は沼地、池、湖などの大きな恒久的な水域に生息する。プール、錦鯉の池、運河、溝、貯水池、暗渠といった人工的な環境でも見られる。ブルフロッグ（ウシガエル）という名前は、繁殖期に雄が出す鳴き声が雄牛の鳴き声に似ていることに由来する。食性の幅が広い肉食動物で、多種多様な獲物を食べる。一方で、自身もアリゲーター、ヘビ、鳥などの捕食者に食べられる。,"A rã-touro americana (Lithobates catesbeianus), muitas vezes chamada simplesmente ""bullfrog"" no Canadá e nos Estados Unidos, é uma rã verdadeira de grande porte, nativa do leste da América do Norte. Vive normalmente em grandes massas de água permanentes, como pântanos, lagoas e lagos. As rãs-touro também podem ser encontradas em habitats artificiais, como piscinas, lagos de carpas koi, canais, valas, reservatórios e condutas de drenagem. A rã-touro deve o seu nome ao som que o macho emite durante a época de reprodução, semelhante ao mugido de um touro. São carnívoras generalistas e consomem uma grande variedade de presas. Por sua vez, são comidas por predadores como aligátores, cobras e aves.",美洲牛蛙（Lithobates catesbeianus），在加拿大和美国常简称为 bullfrog，是一种原产于北美东部的大型真蛙。它通常栖息于大型永久性水体中，如沼泽、池塘和湖泊。牛蛙也可以在人工栖息地中发现，如游泳池、锦鲤池、运河、沟渠、水库和涵洞。牛蛙的名字源于雄蛙在繁殖季节发出的声音，听起来类似公牛的吼叫声。它们是广食性肉食动物，捕食各式各样的猎物。反过来，它们也被鳄鱼、蛇和鸟类等掠食者捕食。
STR_fish_redsalamander,Red Salamander,Red Salamander,Mločík červený,Rotsalamander,Красная саламандра,Salamandra czerwona,Vörös szalamandra,Salamandra rossa,Salamandra roja,Salamandre rouge,紅蠑螈,レッドサラマンダー,Salamandra vermelha,红蝾螈
STR_fish_redsalamander_desc,"The red salamander (Pseudotriton ruber) is a species of salamander in the family Plethodontidae (lungless salamanders) endemic to the Eastern United States. Its skin is brown, orange or red with random black spots. Semiaquatic adults and aquatic larvae live in temperate forests, small creeks, bogs, ponds, intermittent streams, and freshwater springs.","The red salamander (Pseudotriton ruber) is a species of salamander in the family Plethodontidae (lungless salamanders) endemic to the Eastern United States. Its skin is brown, orange or red with random black spots. Semiaquatic adults and aquatic larvae live in temperate forests, small creeks, bogs, ponds, intermittent streams, and freshwater springs.","Mločík červený (Pseudotriton ruber) je druh mločíka z čeledi mločíkovitých (Plethodontidae), tedy bezplicních mloků, endemický pro východ Spojených států. Jeho kůže je hnědá, oranžová nebo červená s nahodile rozmístěnými černými skvrnami. Polovodní dospělci a vodní larvy žijí v lesích mírného pásma, v malých potocích, rašeliništích, rybnících, občasných tocích a sladkovodních pramenech.","Der Rotsalamander (Pseudotriton ruber) ist eine Salamanderart aus der Familie der Lungenlosen Salamander (Plethodontidae), die im Osten der Vereinigten Staaten endemisch ist. Seine Haut ist braun, orange oder rot mit unregelmäßig verteilten schwarzen Flecken. Die halbaquatisch lebenden erwachsenen Tiere und die aquatischen Larven leben in Wäldern der gemäßigten Zone, kleinen Bächen, Mooren, Teichen, zeitweise austrocknenden Bächen und Süßwasserquellen.","Красная саламандра (Pseudotriton ruber) — вид саламандр семейства безлёгочных саламандр (Plethodontidae), эндемик востока США. Её кожа коричневого, оранжевого или красного цвета с беспорядочно разбросанными чёрными пятнами. Полуводные взрослые особи и водные личинки живут в лесах умеренного пояса, небольших ручьях, на болотах, в прудах, пересыхающих ручьях и пресных родниках.","Salamandra czerwona (Pseudotriton ruber) to gatunek płaza ogoniastego z rodziny bezpłucnikowatych (Plethodontidae), endemiczny dla wschodnich Stanów Zjednoczonych. Jej skóra jest brązowa, pomarańczowa lub czerwona, z nieregularnie rozmieszczonymi czarnymi plamami. Półwodne osobniki dorosłe i wodne larwy żyją w lasach strefy umiarkowanej, małych strumieniach, na torfowiskach, w stawach, okresowych ciekach i źródłach słodkowodnych.","A vörös szalamandra (Pseudotriton ruber) a tüdőtlen szalamandrafélék (Plethodontidae) családjába tartozó szalamandrafaj, amely az Egyesült Államok keleti részén endemikus. Bőre barna, narancssárga vagy vörös, szabálytalanul elszórt fekete foltokkal. A félig vízi életmódú kifejlett egyedek és a vízi lárvák mérsékelt övi erdőkben, kis patakokban, lápokban, kisebb tavakban, időszakos vízfolyásokban és édesvízi forrásokban élnek.","La salamandra rossa (Pseudotriton ruber) è una specie di salamandra della famiglia Plethodontidae (salamandre senza polmoni), endemica degli Stati Uniti orientali. La sua pelle è marrone, arancione o rossa, con macchie nere sparse in modo irregolare. Gli adulti, semiacquatici, e le larve, acquatiche, vivono in foreste temperate, piccoli ruscelli, torbiere, stagni, corsi d'acqua intermittenti e sorgenti d'acqua dolce.","La salamandra roja (Pseudotriton ruber) es una especie de salamandra de la familia Plethodontidae (salamandras apulmonadas) endémica del este de Estados Unidos. Su piel es marrón, naranja o roja, con manchas negras distribuidas al azar. Los adultos, semiacuáticos, y las larvas, acuáticas, viven en bosques templados, pequeños arroyos, turberas, estanques, arroyos intermitentes y manantiales de agua dulce.","La salamandre rouge (Pseudotriton ruber) est une espèce de salamandre de la famille des Plethodontidae (salamandres sans poumons) endémique de l'est des États-Unis. Sa peau est brune, orange ou rouge avec des taches noires aléatoires. Les adultes semi-aquatiques et les larves aquatiques vivent dans des forêts tempérées, de petits ruisseaux, des tourbières, des étangs, des cours d'eau intermittents et des sources d'eau douce.",紅蠑螈（Pseudotriton ruber）是無肺螈科（Plethodontidae）的一種蠑螈，為美國東部特有種。它的皮膚呈褐色、橙色或紅色，帶有不規則分佈的黑色斑點。半水生的成體和水生的幼體棲息於溫帶森林、小溪、沼澤、池塘、間歇性溪流和淡水泉中。,レッドサラマンダー（Pseudotriton ruber）は、アメリカサンショウウオ科（Plethodontidae、肺をもたないサンショウウオ類）に属するサンショウウオの一種で、アメリカ合衆国東部の固有種である。皮膚は茶色、オレンジ色、または赤色で、不規則な黒い斑点がある。半水生の成体と水生の幼生は、温帯林、小川、湿原、池、間欠河川、淡水の湧き水に生息する。,"A salamandra vermelha (Pseudotriton ruber) é uma espécie de salamandra da família Plethodontidae (salamandras sem pulmões) endémica do leste dos Estados Unidos. A sua pele é castanha, laranja ou vermelha com manchas negras aleatórias. Os adultos semiaquáticos e as larvas aquáticas vivem em florestas temperadas, pequenos riachos, pântanos, lagoas, cursos de água intermitentes e nascentes de água doce.",红蝾螈（Pseudotriton ruber）是无肺螈科（Plethodontidae）的一种蝾螈，为美国东部特有种。它的皮肤呈褐色、橙色或红色，带有不规则分布的黑色斑点。半水生的成体和水生的幼体栖息于温带森林、小溪、沼泽、池塘、间歇性溪流和淡水泉中。
STR_fish_tigermuskellunge,Tiger Muskellunge,Tiger Muskellunge,Tygří štika muskalunga,Tigermuskellunge,Тигровый маскинонг,Maskinong tygrysi,Tigris muskellunge,Muskellunge tigre,Muskellunge tigre,Maskinongé tigré,虎北美狗魚,タイガーマスケロンジ,Muskellunge tigre,虎北美狗鱼
STR_fish_tigermuskellunge_desc,"The tiger muskellunge (Esox masquinongy × lucius or Esox lucius × masquinongy), commonly called tiger muskie, is a carnivorous fish, and is the usually sterile, hybrid offspring of the true muskellunge (Esox masquinongy) and the northern pike (Esox lucius). It lives in fresh water and its range extends to Canada, the Northeast, and parts of the Midwest and Southern United States. It grows quickly; in one study, tiger muskie grew 1.5 times as fast as muskellunge.","The tiger muskellunge (Esox masquinongy × lucius or Esox lucius × masquinongy), commonly called tiger muskie, is a carnivorous fish, and is the usually sterile, hybrid offspring of the true muskellunge (Esox masquinongy) and the northern pike (Esox lucius). It lives in fresh water and its range extends to Canada, the Northeast, and parts of the Midwest and Southern United States. It grows quickly; in one study, tiger muskie grew 1.5 times as fast as muskellunge.","Tygří štika muskalunga (Esox masquinongy × lucius nebo Esox lucius × masquinongy), anglicky běžně nazývaná ""tiger muskie"", je masožravá ryba a obvykle sterilní hybridní potomek pravé štiky muskalungy (Esox masquinongy) a štiky obecné (Esox lucius). Žije ve sladké vodě a její areál sahá do Kanady, severovýchodu a částí středního západu a jihu Spojených států. Roste rychle; v jedné studii rostla tygří štika muskalunga 1,5krát rychleji než štika muskalunga.","Der Tigermuskellunge (Esox masquinongy × lucius oder Esox lucius × masquinongy), gemeinhin ""tiger muskie"" genannt, ist ein fleischfressender Fisch und der meist sterile Hybrid aus dem echten Muskellunge (Esox masquinongy) und dem Hecht (Esox lucius). Er lebt im Süßwasser, und sein Verbreitungsgebiet reicht bis nach Kanada, in den Nordosten sowie in Teile des Mittleren Westens und des Südens der Vereinigten Staaten. Er wächst schnell: In einer Studie wuchsen Tigermuskellunges 1,5-mal so schnell wie Muskellunges.","Тигровый маскинонг (Esox masquinongy × lucius или Esox lucius × masquinongy), которого обычно называют ""tiger muskie"", — хищная рыба, как правило бесплодный гибрид настоящего маскинонга (Esox masquinongy) и щуки (Esox lucius). Он живёт в пресной воде; его ареал охватывает Канаду, северо-восток, а также часть Среднего Запада и юга США. Растёт он быстро: в одном исследовании тигровый маскинонг рос в 1,5 раза быстрее обычного маскинонга.","Maskinong tygrysi (Esox masquinongy × lucius lub Esox lucius × masquinongy), powszechnie nazywany ""tiger muskie"", to ryba mięsożerna, będąca zwykle bezpłodnym mieszańcem maskinonga właściwego (Esox masquinongy) i szczupaka (Esox lucius). Żyje w wodach słodkich, a jego zasięg obejmuje Kanadę, północny wschód oraz część Środkowego Zachodu i południa Stanów Zjednoczonych. Rośnie szybko; w jednym z badań maskinongi tygrysie rosły 1,5 raza szybciej niż maskinongi.","A tigris muskellunge (Esox masquinongy × lucius vagy Esox lucius × masquinongy), közkeletű angol nevén ""tiger muskie"", ragadozó hal, a valódi muskellunge (Esox masquinongy) és a csuka (Esox lucius) rendszerint steril hibrid utóda. Édesvízben él, elterjedési területe Kanadára, az Egyesült Államok északkeleti részére, valamint a Középnyugat és a déli államok egyes részeire terjed ki. Gyorsan nő: egy vizsgálatban a tigris muskellunge 1,5-szer olyan gyorsan nőtt, mint a muskellunge.","Il muskellunge tigre (Esox masquinongy × lucius o Esox lucius × masquinongy), comunemente chiamato ""tiger muskie"", è un pesce carnivoro, ibrido di solito sterile tra il vero muskellunge (Esox masquinongy) e il luccio (Esox lucius). Vive in acqua dolce e il suo areale si estende al Canada, al Nord-Est e ad alcune zone del Midwest e del Sud degli Stati Uniti. Cresce rapidamente: in uno studio, il muskellunge tigre è cresciuto 1,5 volte più velocemente del muskellunge.","El muskellunge tigre (Esox masquinongy × lucius o Esox lucius × masquinongy), llamado comúnmente en inglés ""tiger muskie"", es un pez carnívoro, descendiente híbrido, normalmente estéril, del muskellunge verdadero (Esox masquinongy) y el lucio (Esox lucius). Vive en agua dulce y su área de distribución abarca Canadá, el noreste y partes del Medio Oeste y del sur de Estados Unidos. Crece rápidamente: en un estudio, el muskellunge tigre creció 1,5 veces más rápido que el muskellunge.","Le maskinongé tigré (Esox masquinongy × lucius ou Esox lucius × masquinongy), communément appelé ""tiger muskie"", est un poisson carnivore, hybride généralement stérile issu du croisement entre le maskinongé proprement dit (Esox masquinongy) et le grand brochet (Esox lucius). Il vit en eau douce et son aire de répartition s'étend au Canada, au Nord-Est et à certaines parties du Midwest et du Sud des États-Unis. Il grandit vite : dans une étude, le maskinongé tigré a grandi 1,5 fois plus vite que le maskinongé.",虎北美狗魚（Esox masquinongy × lucius 或 Esox lucius × masquinongy），英文俗稱「tiger muskie」，是一種肉食性魚類，為純種北美狗魚（Esox masquinongy）與白斑狗魚（Esox lucius）的雜交後代，通常不具生育能力。它生活在淡水中，分佈範圍延伸至加拿大、美國東北部，以及美國中西部和南部的部分地區。它生長迅速；在一項研究中，虎北美狗魚的生長速度是北美狗魚的 1.5 倍。,タイガーマスケロンジ（Esox masquinongy × lucius または Esox lucius × masquinongy）は、一般にタイガーマスキーと呼ばれる肉食魚で、純粋なマスケロンジ（Esox masquinongy）とノーザン・パイク（Esox lucius）の間に生まれる雑種であり、通常は繁殖能力をもたない。淡水に生息し、分布域はカナダ、アメリカ北東部、そして中西部と南部の一部にまで及ぶ。成長が速く、ある研究では、タイガーマスキーはマスケロンジの1.5倍の速さで成長した。,"O muskellunge tigre (Esox masquinongy × lucius ou Esox lucius × masquinongy), vulgarmente chamado ""tiger muskie"", é um peixe carnívoro, descendente híbrido, normalmente estéril, do muskellunge verdadeiro (Esox masquinongy) e do lúcio (Esox lucius). Vive em água doce e a sua distribuição estende-se ao Canadá, ao Nordeste e a partes do Centro-Oeste e do Sul dos Estados Unidos. Cresce rapidamente: num estudo, o muskellunge tigre cresceu 1,5 vezes mais depressa do que o muskellunge.",虎北美狗鱼（Esox masquinongy × lucius 或 Esox lucius × masquinongy），英文俗称「tiger muskie」，是一种肉食性鱼类，为纯种北美狗鱼（Esox masquinongy）与白斑狗鱼（Esox lucius）的杂交后代，通常不具生育能力。它生活在淡水中，分布范围延伸至加拿大、美国东北部，以及美国中西部和南部的部分地区。它生长迅速；在一项研究中，虎北美狗鱼的生长速度是北美狗鱼的 1.5 倍。
STR_fish_muskellunge,Muskellunge,Muskellunge,Štika muskalunga,Muskellunge,Маскинонг,Maskinong,Muskellunge,Muskellunge,Muskellunge,Maskinongé,北美狗魚,マスケロンジ,Muskellunge,北美狗鱼
STR_fish_muskellunge_desc,"The muskellunge (Esox masquinongy), often shortened to muskie, musky, ski, or lunge, is a species of large freshwater predatory fish native to North America. It is the largest member of the pike family, Esocidae.","The muskellunge (Esox masquinongy), often shortened to muskie, musky, ski, or lunge, is a species of large freshwater predatory fish native to North America. It is the largest member of the pike family, Esocidae.","Štika muskalunga (Esox masquinongy), často zkracovaná na ""muskie"", ""musky"", ""ski"" nebo ""lunge"", je druh velké sladkovodní dravé ryby původní v Severní Americe. Je největším zástupcem čeledi štikovitých (Esocidae).","Der Muskellunge (Esox masquinongy), oft verkürzt zu ""muskie"", ""musky"", ""ski"" oder ""lunge"", ist eine große räuberische Süßwasserfischart, die in Nordamerika heimisch ist. Er ist der größte Vertreter der Familie der Hechte (Esocidae).","Маскинонг (Esox masquinongy), которого в английском часто сокращённо называют ""muskie"", ""musky"", ""ski"" или ""lunge"", — вид крупных пресноводных хищных рыб, родом из Северной Америки. Это самый крупный представитель семейства щуковых (Esocidae).","Maskinong (Esox masquinongy), po angielsku często nazywany w skrócie ""muskie"", ""musky"", ""ski"" lub ""lunge"", to gatunek dużej, słodkowodnej ryby drapieżnej pochodzącej z Ameryki Północnej. Jest największym przedstawicielem rodziny szczupakowatych (Esocidae).","A muskellunge (Esox masquinongy), gyakran muskie, musky, ski vagy lunge néven rövidítve, egy nagyméretű, édesvízi ragadozó halfaj, amely Észak-Amerikában honos. A csukafélék (Esocidae) családjának legnagyobb tagja.","Il muskellunge (Esox masquinongy), spesso abbreviato in muskie, musky, ski o lunge, è una specie di grande pesce predatore d'acqua dolce originario del Nord America. È il più grande membro della famiglia dei lucci, Esocidae.","El muskellunge (Esox masquinongy), a menudo abreviado como muskie, musky, ski o lunge, es una especie de gran pez depredador de agua dulce nativa de América del Norte. Es el miembro más grande de la familia de los lucios, Esocidae.","Le maskinongé (Esox masquinongy), souvent désigné en anglais par les formes abrégées ""muskie"", ""musky"", ""ski"" ou ""lunge"", est une espèce de grand poisson prédateur d'eau douce originaire d'Amérique du Nord. C'est le plus grand membre de la famille des brochets, les Esocidae.",北美狗魚（Esox masquinongy），通常簡稱為 muskie、musky、ski 或 lunge，是一種原產於北美的大型淡水掠食性魚類。它是狗魚科（Esocidae）中體型最大的成員。,マスケロンジ（Esox masquinongy）は、しばしば「マスキー」（muskieまたはmusky）、「スキー」、「ランジ」と略して呼ばれる、北アメリカ原産の大型の淡水捕食魚の一種である。カワカマス科（Esocidae）で最大の魚である。,"O muskellunge (Esox masquinongy), frequentemente abreviado para muskie, musky, ski ou lunge, é uma espécie de grande peixe predador de água doce nativo da América do Norte. É o maior membro da família dos lúcios, Esocidae.",北美狗鱼（Esox masquinongy），通常简称为 muskie、musky、ski 或 lunge，是一种原产于北美的大型淡水掠食性鱼类。它是狗鱼科（Esocidae）中体型最大的成员。
STR_fish_spottedmuskellunge,Spotted Muskellunge,Spotted Muskellunge,Skvrnitá štika muskalunga,Gefleckter Muskellunge,Пятнистый маскинонг,Maskinong cętkowany,Foltos muskellunge,Muskellunge maculato,Muskellunge moteado,Maskinongé moucheté,斑點北美狗魚,スポッテッドマスケロンジ,Muskellunge malhado,斑点北美狗鱼
STR_fish_spottedmuskellunge_desc,"The spotted muskie (Esox masquinongy) is a massive, torpedo-shaped freshwater ambush predator. It features an olive, brown, or silver background with distinct dark spots, blotches, or broken stripes along its sides. They generally reach 28–48 inches in length and are native to the Great Lakes and St. Lawrence River systems.","The spotted muskie (Esox masquinongy) is a massive, torpedo-shaped freshwater ambush predator. It features an olive, brown, or silver background with distinct dark spots, blotches, or broken stripes along its sides. They generally reach 28–48 inches in length and are native to the Great Lakes and St. Lawrence River systems.","Skvrnitá štika muskalunga (Esox masquinongy) je mohutný sladkovodní dravec torpédovitého tvaru, který loví ze zálohy. Má olivové, hnědé nebo stříbřité základní zbarvení s výraznými tmavými skvrnami, fleky nebo přerušovanými pruhy na bocích. Obvykle dorůstá délky 28-48 palců a je původní v systémech Velkých jezer a řeky svatého Vavřince.","Der Gefleckte Muskellunge (Esox masquinongy) ist ein massiger, torpedoförmiger Lauerjäger des Süßwassers. Er zeigt auf olivfarbenem, braunem oder silbernem Grund entlang der Flanken deutliche dunkle Punkte, Flecken oder unterbrochene Streifen. Die Fische erreichen meist eine Länge von 28-48 Zoll und sind in den Großen Seen und im Flusssystem des Sankt-Lorenz-Stroms heimisch.","Пятнистый маскинонг (Esox masquinongy) — массивный пресноводный хищник торпедообразной формы, охотящийся из засады. Основной фон его окраски — оливковый, коричневый или серебристый, с отчётливыми тёмными пятнами, крапинами или прерывистыми полосами по бокам. Обычно эти рыбы достигают 28–48 дюймов в длину; их родина — системы Великих озёр и реки Святого Лаврентия.","Maskinong cętkowany (Esox masquinongy) to masywny, torpedowaty słodkowodny drapieżnik polujący z zasadzki. Na oliwkowym, brązowym lub srebrzystym tle ma wyraźne ciemne cętki, plamy lub przerywane pasy wzdłuż boków. Zwykle osiąga 28-48 cali długości i pochodzi z systemów Wielkich Jezior i rzeki Świętego Wawrzyńca.","A foltos muskellunge (Esox masquinongy) hatalmas, torpedó alakú, lesből támadó édesvízi ragadozó. Alapszíne olajzöld, barna vagy ezüstös, oldalán jól látható sötét pöttyökkel, foltokkal vagy szaggatott csíkokkal. Általában 28-48 hüvelyk hosszúra nő, és a Nagy-tavak és a Szent Lőrinc-folyó vízrendszerében őshonos.","Il muskellunge maculato (Esox masquinongy) è un massiccio predatore d'acqua dolce dal corpo a forma di siluro, che caccia all'agguato. Ha una colorazione di fondo verde oliva, marrone o argentea, con evidenti macchie scure, chiazze o strisce interrotte lungo i fianchi. In genere raggiunge i 28-48 pollici di lunghezza ed è originario dei sistemi dei Grandi Laghi e del fiume San Lorenzo.","El muskellunge moteado (Esox masquinongy) es un enorme depredador de agua dulce con forma de torpedo que caza al acecho. Tiene un color de fondo oliva, marrón o plateado, con manchas, motas o rayas discontinuas oscuras y bien marcadas a lo largo de los costados. Suele alcanzar entre 28 y 48 pulgadas de longitud y es originario de los sistemas de los Grandes Lagos y del río San Lorenzo.","Le maskinongé moucheté (Esox masquinongy) est un prédateur d'eau douce massif en forme de torpille qui chasse à l'affût. Il présente un fond olive, brun ou argenté avec des taches sombres distinctes, des marbrures ou des rayures brisées le long de ses flancs. Ils mesurent généralement entre 28 et 48 pouces de long et sont originaires des Grands Lacs et du système du fleuve Saint-Laurent.",斑點北美狗魚（Esox masquinongy）是一種體型龐大、呈魚雷形的淡水伏擊型掠食者。它的體色底色為橄欖色、褐色或銀色，體側有明顯的深色斑點、斑塊或斷續的條紋。它們的體長一般為 28 至 48 英寸，原產於五大湖和聖勞倫斯河水系。,スポッテッドマスケロンジ（Esox masquinongy）は、魚雷形の巨大な体をもつ、待ち伏せ型の淡水の捕食者である。地色はオリーブ色、茶色、または銀色で、体側にはっきりとした暗色の斑点、まだら模様、または途切れた縞がある。体長は一般に28～48インチに達し、五大湖とセントローレンス川水系を原産とする。,"O muskellunge malhado (Esox masquinongy) é um enorme predador de água doce, em forma de torpedo, que caça de emboscada. Tem um fundo verde-azeitona, castanho ou prateado, com pintas escuras bem marcadas, manchas ou riscas interrompidas ao longo dos flancos. Atinge geralmente 28-48 polegadas de comprimento e é nativo dos sistemas dos Grandes Lagos e do rio São Lourenço.",斑点北美狗鱼（Esox masquinongy）是一种体型庞大、呈鱼雷形的淡水伏击型掠食者。它的体色底色为橄榄色、褐色或银色，体侧有明显的深色斑点、斑块或断续的条纹。它们的体长一般为 28 至 48 英寸，原产于五大湖和圣劳伦斯河水系。
STR_fish_barredmuskellunge,Barred Muskellunge,Barred Muskellunge,Pruhovaná štika muskalunga,Gestreifter Muskellunge,Полосатый маскинонг,Maskinong pręgowany,Csíkos muskellunge,Muskellunge a strisce,Muskellunge barrado,Maskinongé barré,條紋北美狗魚,バードマスケロンジ,Muskellunge listrado,条纹北美狗鱼
STR_fish_barredmuskellunge_desc,"The barred muskie (the Ohio River watershed variant of the muskellunge) features a silver, light green, or brown body overlaid with distinct dark vertical stripes and blotches. Built as a torpedo-shaped ambush predator, it possesses a duckbill-like snout and razor-sharp canine teeth.","The barred muskie (the Ohio River watershed variant of the muskellunge) features a silver, light green, or brown body overlaid with distinct dark vertical stripes and blotches. Built as a torpedo-shaped ambush predator, it possesses a duckbill-like snout and razor-sharp canine teeth.","Pruhovaná štika muskalunga (varianta štiky muskalungy z povodí řeky Ohio) má stříbřité, světle zelené nebo hnědé tělo s výraznými tmavými svislými pruhy a skvrnami. Je to dravec torpédovitého tvaru stavěný k lovu ze zálohy, s čenichem připomínajícím kachní zobák a s břitvou ostrými špičáky.","Der Gestreifte Muskellunge (die Variante des Muskellunge aus dem Einzugsgebiet des Ohio River) hat einen silbernen, hellgrünen oder braunen Körper mit deutlichen dunklen, senkrechten Streifen und Flecken. Gebaut als torpedoförmiger Lauerjäger, besitzt er eine entenschnabelartige Schnauze und rasiermesserscharfe Fangzähne.","Полосатый маскинонг (форма маскинонга из бассейна реки Огайо) отличается серебристым, светло-зелёным или коричневым телом с отчётливыми тёмными вертикальными полосами и пятнами. Этот засадный хищник торпедообразной формы имеет рыло, похожее на утиный клюв, и острые как бритва клыкообразные зубы.","Maskinong pręgowany (odmiana maskinonga z dorzecza rzeki Ohio) ma srebrzyste, jasnozielone lub brązowe ciało pokryte wyraźnymi ciemnymi pionowymi pręgami i plamami. Ten torpedowaty drapieżnik polujący z zasadzki ma pysk przypominający kaczy dziób i ostre jak brzytwa kły.","A csíkos muskellunge (a muskellunge Ohio folyó vízgyűjtőjében élő változata) teste ezüstös, világoszöld vagy barna, rajta jól látható sötét függőleges sávokkal és foltokkal. Torpedó alakú, lesből támadó ragadozó; orra kacsacsőrre emlékeztet, szemfogai borotvaélesek.","Il muskellunge a strisce (la variante del muskellunge del bacino del fiume Ohio) ha un corpo argenteo, verde chiaro o marrone, segnato da evidenti strisce verticali scure e chiazze. Predatore da agguato dal corpo a forma di siluro, ha un muso simile al becco di un'anatra e denti canini affilati come rasoi.","El muskellunge barrado (la variante del muskellunge de la cuenca del río Ohio) tiene el cuerpo plateado, verde claro o marrón, con marcadas rayas verticales oscuras y manchas superpuestas. Con su cuerpo en forma de torpedo, propio de un depredador que caza al acecho, posee un hocico parecido al pico de un pato y caninos afilados como cuchillas.","Le maskinongé barré (la forme du maskinongé propre au bassin de la rivière Ohio) présente un corps argenté, vert clair ou brun, marqué de rayures verticales sombres et de taches bien distinctes. Prédateur à l'affût au corps en forme de torpille, il possède un museau en bec de canard et des canines acérées comme des rasoirs.",條紋北美狗魚（北美狗魚在俄亥俄河流域的變種）身體呈銀色、淺綠色或褐色，上面布滿明顯的深色垂直條紋和斑塊。它的體型呈魚雷形，是天生的伏擊型掠食者，具有鴨嘴般的吻部和鋒利如剃刀的犬齒。,バードマスケロンジ（オハイオ川水系に生息するマスケロンジの変異型）は、銀色、淡い緑色、または茶色の体に、はっきりとした暗色の垂直な縞やまだら模様が重なっている。魚雷形の待ち伏せ型捕食者としての体つきをしており、アヒルのくちばしのような吻と、かみそりのように鋭い犬歯をもつ。,"O muskellunge listrado (a variante do muskellunge da bacia do rio Ohio) tem um corpo prateado, verde-claro ou castanho, coberto de riscas verticais escuras bem marcadas e de manchas. Predador de emboscada com corpo em forma de torpedo, tem um focinho semelhante a um bico de pato e dentes caninos afiados como navalhas.",条纹北美狗鱼（北美狗鱼在俄亥俄河流域的变种）身体呈银色、浅绿色或褐色，上面布满明显的深色垂直条纹和斑块。它的体型呈鱼雷形，是天生的伏击型掠食者，具有鸭嘴般的吻部和锋利如剃刀的犬齿。
STR_fish_northernsnakehead,Northern Snakehead,Northern Snakehead,Hadohlavec skvrnitý,Argusfleck-Schlangenkopf,Северный змееголов,Wężogłów argus,Amuri kígyófejű hal,Pesce testa di serpente del nord,Pez cabeza de serpiente del norte,Tête de serpent du Nord,烏鱧,カムルチー,Cabeça-de-cobra do norte,乌鳢
STR_fish_northernsnakehead_desc,"The northern snakehead (Channa argus) is a species of snakehead fish native to temperate East Asia, in China, Russia, North Korea, and South Korea. Their natural range goes from the Amur River watershed in Siberia and Manchuria down to Hainan. It is an important food fish and one of the most cultivated in its native region, with 510,000 tonnes annual production worldwide.","The northern snakehead (Channa argus) is a species of snakehead fish native to temperate East Asia, in China, Russia, North Korea, and South Korea. Their natural range goes from the Amur River watershed in Siberia and Manchuria down to Hainan. It is an important food fish and one of the most cultivated in its native region, with 510,000 tonnes annual production worldwide.","Hadohlavec skvrnitý (Channa argus) je druh hadohlavce původní v mírném pásmu východní Asie, v Číně, Rusku, Severní Koreji a Jižní Koreji. Jeho přirozený areál sahá od povodí Amuru na Sibiři a v Mandžusku až po Chaj-nan. Je významnou potravní rybou a v oblasti svého původního výskytu jednou z nejčastěji chovaných ryb; jeho celosvětová roční produkce činí 510 000 tun.","Der Argusfleck-Schlangenkopf (Channa argus) ist ein im gemäßigten Ostasien heimischer Schlangenkopffisch, der in China, Russland, Nordkorea und Südkorea vorkommt. Sein natürliches Verbreitungsgebiet reicht vom Einzugsgebiet des Amur in Sibirien und der Mandschurei bis hinunter nach Hainan. Er ist ein wichtiger Speisefisch und in seiner Heimatregion einer der am häufigsten gezüchteten Fische, mit einer weltweiten Jahresproduktion von 510.000 Tonnen.","Северный змееголов (Channa argus) — вид змееголовых рыб, обитающий в умеренной Восточной Азии, в Китае, России, Северной Корее и Южной Корее. Их естественный ареал простирается от бассейна реки Амур в Сибири и Маньчжурии до Хайнаня. Это важная промысловая рыба и одна из наиболее культивируемых в её родном регионе, с мировой годовой добычей 510 000 тонн.","Wężogłów argus (Channa argus) to gatunek ryby z rodziny żmijogłowowatych, pochodzący z Azji Wschodniej strefy umiarkowanej: z Chin, Rosji, Korei Północnej i Korei Południowej. Jego naturalny zasięg rozciąga się od dorzecza Amuru na Syberii i w Mandżurii po Hajnan. Jest ważną rybą konsumpcyjną i jedną z najczęściej hodowanych ryb w swoim rodzimym regionie; jego roczna produkcja na świecie wynosi 510 000 ton.","Az amuri kígyófejű hal (Channa argus) egy kígyófejű halfaj, amely a mérsékelt övi Kelet-Ázsiában, Kínában, Oroszországban, Észak- és Dél-Koreában honos. Természetes elterjedési területe a szibériai és mandzsúriai Amur folyó vízgyűjtőjétől egészen Hajnanig terjed. Fontos étkezési hal és szülőföldjén az egyik leginkább tenyésztett faj, évi 510 000 tonnás világtermeléssel.","Il pesce testa di serpente del nord (Channa argus) è una specie di pesce testa di serpente originaria dell'Asia orientale temperata, in Cina, Russia, Corea del Nord e Corea del Sud. Il suo areale naturale va dal bacino del fiume Amur, in Siberia e Manciuria, fino a Hainan. È un importante pesce alimentare e uno dei più allevati nella sua regione d'origine, con una produzione mondiale annua di 510.000 tonnellate.","El pez cabeza de serpiente del norte (Channa argus) es una especie de pez cabeza de serpiente originaria de las regiones templadas del este de Asia, en China, Rusia, Corea del Norte y Corea del Sur. Su área de distribución natural va desde la cuenca del río Amur, en Siberia y Manchuria, hasta Hainan. Es un importante pez de consumo y uno de los más cultivados en su región de origen, con una producción mundial anual de 510.000 toneladas.","La tête de serpent du Nord (Channa argus) est une espèce de poisson à tête de serpent originaire de l'Asie de l'Est tempérée, en Chine, en Russie, en Corée du Nord et en Corée du Sud. Son aire de répartition naturelle s'étend du bassin du fleuve Amour, en Sibérie et en Mandchourie, jusqu'à Hainan au sud. C'est un poisson de consommation important et l'un des plus cultivés dans sa région d'origine, avec une production mondiale annuelle de 510 000 tonnes.",烏鱧（Channa argus）是一種鱧科的蛇頭魚，原產於東亞溫帶地區，分佈於中國、俄羅斯、朝鮮和韓國。它的自然分佈範圍從西伯利亞和中國東北的黑龍江（阿穆爾河）流域，向南延伸至海南。它是重要的食用魚，也是原產地區養殖最多的魚類之一，全球年產量達 510000 噸。,"カムルチー（Channa argus）は、東アジアの温帯域、すなわち中国、ロシア、北朝鮮、韓国を原産とするライギョ（スネークヘッド）類の一種である。自然分布域は、シベリアと満州のアムール川流域から南は海南島にまで及ぶ。重要な食用魚で、原産地域では最も多く養殖されている魚の一つであり、世界の年間生産量は510,000トンにのぼる。","O cabeça-de-cobra do norte (Channa argus) é uma espécie de peixe-cabeça-de-cobra nativa das regiões temperadas da Ásia Oriental, na China, na Rússia, na Coreia do Norte e na Coreia do Sul. A sua área de distribuição natural vai da bacia do rio Amur, na Sibéria e na Manchúria, até Hainan. É um importante peixe de consumo e um dos mais cultivados na sua região de origem, com uma produção anual mundial de 510.000 toneladas.",乌鳢（Channa argus）是一种鳢科的蛇头鱼，原产于东亚温带地区，分布于中国、俄罗斯、朝鲜和韩国。它的自然分布范围从西伯利亚和中国东北的黑龙江（阿穆尔河）流域，向南延伸至海南。它是重要的食用鱼，也是原产地区养殖最多的鱼类之一，全球年产量达 510000 吨。
STR_fish_whitegrunt,White Grunt,White Grunt,Chrochtal bílý,Weißgrunzer,Обыкновенная ронка,Hemulon arara,Fehér morgóhal,Grugnitore bianco,Roncador blanco,Gorette blanche,白石鱸,ホワイトグラント,Roncador-branco,白石鲈
STR_fish_whitegrunt_desc,"Haemulon plumierii, the white grunt or common grunt, is a species of ray-finned fish in the family Haemulidae native to the western Atlantic Ocean. It grows to a length of about 30 cm (12 in) and is a silvery-cream color, with narrow yellow and blue longitudinal stripes, but can modify its color somewhat to match its surroundings. It is closely related to the bluestriped grunt and the French grunt, and often schools with these species. It feeds on shrimp, other crustaceans, annelids, and mollusks, and is preyed on by larger piscivores such as barracuda and shark. ","Haemulon plumierii, the white grunt or common grunt, is a species of ray-finned fish in the family Haemulidae native to the western Atlantic Ocean. It grows to a length of about 30 cm (12 in) and is a silvery-cream color, with narrow yellow and blue longitudinal stripes, but can modify its color somewhat to match its surroundings. It is closely related to the bluestriped grunt and the French grunt, and often schools with these species. It feeds on shrimp, other crustaceans, annelids, and mollusks, and is preyed on by larger piscivores such as barracuda and shark.","Haemulon plumierii, chrochtal bílý (anglicky též ""common grunt""), je druh paprskoploutvé ryby z čeledi chrochtalovitých (Haemulidae) původní v západním Atlantském oceánu. Dorůstá délky asi 30 cm (12 palců) a má stříbřitě krémové zbarvení s úzkými žlutými a modrými podélnými pruhy, svou barvu však dokáže do jisté míry přizpůsobit okolí. Je blízce příbuzný s chrochtalem modropásým a chrochtalem žlutopruhým a s těmito druhy často tvoří společná hejna. Živí se krevetami, dalšími korýši, kroužkovci a měkkýši a sám je kořistí větších rybožravých dravců, jako jsou barakudy a žraloci.","Haemulon plumierii, der Weißgrunzer, im Englischen auch ""common grunt"" genannt, ist ein Strahlenflosser aus der Familie Haemulidae, der im westlichen Atlantik heimisch ist. Er wird etwa 30 cm (12 Zoll) lang und ist silbrig-cremefarben mit schmalen gelben und blauen Längsstreifen, kann seine Färbung aber in gewissem Maß an seine Umgebung anpassen. Er ist eng mit dem Blaustreifen-Grunzer und dem Franzosen-Grunzer verwandt und schwimmt oft in gemeinsamen Schwärmen mit diesen Arten. Er ernährt sich von Garnelen, anderen Krebstieren, Ringelwürmern und Weichtieren und wird von größeren Fischfressern wie Barrakudas und Haien gejagt.","Haemulon plumierii, обыкновенная ронка (в английском ""white grunt"" или ""common grunt""), — вид лучепёрых рыб семейства Haemulidae, обитающий в западной части Атлантического океана. Достигает около 30 см (12 дюймов) в длину; окраска серебристо-кремовая с узкими жёлтыми и синими продольными полосами, но рыба может несколько менять цвет, подстраиваясь под окружение. Близкородственна видам Haemulon sciurus (""bluestriped grunt"") и Haemulon flavolineatum (""French grunt"") и часто держится с ними в одних стаях. Питается креветками, другими ракообразными, кольчатыми червями и моллюсками, а сама становится добычей более крупных рыбоядных хищников, таких как барракуды и акулы.","Haemulon plumierii, czyli hemulon arara (ang. ""white grunt"" lub ""common grunt""), to gatunek ryby promieniopłetwej z rodziny luszczowatych (Haemulidae), pochodzący z zachodniej części Oceanu Atlantyckiego. Dorasta do około 30 cm (12 cali) długości i ma srebrzystokremowe ubarwienie z wąskimi żółtymi i niebieskimi pasami podłużnymi, ale potrafi w pewnym stopniu zmieniać barwę, dopasowując się do otoczenia. Jest blisko spokrewniony z hemulonem smużkowym oraz z Haemulon flavolineatum (ang. ""French grunt"") i często tworzy z nimi wspólne ławice. Żywi się krewetkami, innymi skorupiakami, pierścienicami i mięczakami, a polują na niego większe ryby rybożerne, takie jak barakudy i rekiny.","A Haemulon plumierii, vagyis a fehér morgóhal (angolul ""common grunt"" néven is ismert), a Haemulidae családba tartozó sugarasúszójú halfaj, amely az Atlanti-óceán nyugati részén őshonos. Körülbelül 30 cm (12 hüvelyk) hosszúra nő; színe ezüstös krémszín, keskeny sárga és kék hosszanti csíkokkal, de színét a környezetéhez igazodva bizonyos mértékig képes megváltoztatni. Közeli rokona a Haemulon sciurus és a Haemulon flavolineatum fajnak, és gyakran ezekkel közös rajokban úszik. Garnélákkal, más rákfélékkel, gyűrűsférgekkel és puhatestűekkel táplálkozik, őt magát pedig nagyobb halevő ragadozók, például barrakudák és cápák zsákmányolják.","Haemulon plumierii, il grugnitore bianco (in inglese anche ""common grunt""), è una specie di pesce a pinne raggiate della famiglia Haemulidae originaria dell'Oceano Atlantico occidentale. Raggiunge una lunghezza di circa 30 cm (12 pollici) ed è di colore crema argenteo, con sottili strisce longitudinali gialle e blu, ma può modificare in parte la propria colorazione per adattarsi all'ambiente circostante. È strettamente imparentato con il ""bluestriped grunt"" e il ""French grunt"", con cui forma spesso banchi misti. Si nutre di gamberetti, altri crostacei, anellidi e molluschi ed è predato da piscivori più grandi come barracuda e squali.","Haemulon plumierii, el roncador blanco (en inglés también ""common grunt""), es una especie de pez de aletas radiadas de la familia Haemulidae originaria del océano Atlántico occidental. Alcanza unos 30 cm (12 pulgadas) de longitud y es de color crema plateado, con estrechas franjas longitudinales amarillas y azules, aunque puede modificar algo su color para adaptarse a su entorno. Está estrechamente emparentado con Haemulon sciurus y Haemulon flavolineatum, y a menudo forma bancos con estas especies. Se alimenta de camarones, otros crustáceos, anélidos y moluscos, y es presa de piscívoros más grandes, como barracudas y tiburones.","Haemulon plumierii, la gorette blanche (en anglais ""white grunt"" ou ""common grunt""), est une espèce de poisson à nageoires rayonnées de la famille des Haemulidae, originaire de l'ouest de l'océan Atlantique. Il atteint environ 30 cm (12 in) de long et présente une couleur crème argentée, avec d'étroites rayures longitudinales jaunes et bleues, mais il peut modifier quelque peu sa couleur pour s'adapter à son environnement. Il est étroitement apparenté au ""bluestriped grunt"" et au ""French grunt"", avec lesquels il forme souvent des bancs. Il se nourrit de crevettes, d'autres crustacés, d'annélides et de mollusques, et il est la proie de grands piscivores comme les barracudas et les requins.",Haemulon plumierii，即白石鱸，英文又稱「common grunt」，是石鱸科（Haemulidae）的一種輻鰭魚，原產於西大西洋。它的體長可達約 30 公分（12 英寸），體色為帶銀光的乳白色，有狹窄的黃色和藍色縱向條紋，但能稍微改變體色以配合周圍環境。它與 Haemulon sciurus（英文「bluestriped grunt」）和 Haemulon flavolineatum（英文「French grunt」）親緣關係很近，經常與這兩個物種混群活動。它以蝦、其他甲殼動物、環節動物和軟體動物為食，並會被金梭魚和鯊魚等體型較大的食魚性動物捕食。,ホワイトグラント（Haemulon plumierii）は、英語では「コモングラント」とも呼ばれる、西大西洋原産のイサキ科（Haemulidae）の条鰭類の一種である。体長は約30cm（12インチ）になり、体色は銀色がかったクリーム色で、体に沿って走る細い黄色と青色の縞があるが、周囲に合わせて体色をある程度変えることができる。ブルーストライプド・グラントやフレンチ・グラントと近縁で、しばしばこれらの種と群れをつくる。エビやその他の甲殻類、環形動物、軟体動物を食べ、バラクーダやサメなどの大型の魚食動物に捕食される。,"Haemulon plumierii, o roncador-branco (em inglês também ""common grunt""), é uma espécie de peixe de barbatanas raiadas da família Haemulidae, nativa do oeste do Oceano Atlântico. Atinge cerca de 30 cm (12 pol.) de comprimento e tem uma cor creme-prateada, com estreitas riscas longitudinais amarelas e azuis, mas pode alterar um pouco a cor para se confundir com o meio envolvente. É estreitamente aparentado com o ""bluestriped grunt"" e o ""French grunt"", e forma muitas vezes cardumes com estas espécies. Alimenta-se de camarões, outros crustáceos, anelídeos e moluscos, e é presa de piscívoros maiores, como barracudas e tubarões.",Haemulon plumierii，即白石鲈，英文又称「common grunt」，是石鲈科（Haemulidae）的一种辐鳍鱼，原产于西大西洋。它的体长可达约 30 公分（12 英寸），体色为带银光的乳白色，有狭窄的黄色和蓝色纵向条纹，但能稍微改变体色以配合周围环境。它与 Haemulon sciurus（英文「bluestriped grunt」）和 Haemulon flavolineatum（英文「French grunt」）亲缘关系很近，经常与这两个物种混群活动。它以虾、其他甲壳动物、环节动物和软体动物为食，并会被金梭鱼和鲨鱼等体型较大的食鱼性动物捕食。
STR_fish_southernflounder,Southern Flounder,Southern Flounder,Platýs jižní,Südliche Flunder,Южная камбала,Flądra południowa,Déli lepényhal,Passera meridionale,Lenguado del sur,Cardeau du Sud,南方牙鮃,サザンフラウンダー,Solha do sul,南方牙鲆
STR_fish_southernflounder_desc,"Paralichthys lethostigma, the southern flounder, is a species of large-tooth flounder native to the East Coast of the United States and the northern Gulf of Mexico. It is a popular sport fish and is the largest and most commercially valuable flounder in the western North Atlantic Ocean and Gulf of Mexico. It is a ""left-eyed flounder"", meaning the left side is pigmented and is the ""up side"".","Paralichthys lethostigma, the southern flounder, is a species of large-tooth flounder native to the East Coast of the United States and the northern Gulf of Mexico. It is a popular sport fish and is the largest and most commercially valuable flounder in the western North Atlantic Ocean and Gulf of Mexico. It is a ""left-eyed flounder"", meaning the left side is pigmented and is the ""up side"".","Paralichthys lethostigma, platýs jižní, je druh platýse z čeledi Paralichthyidae původní u východního pobřeží Spojených států a na severu Mexického zálivu. Je oblíbenou sportovní rybou a největším a komerčně nejcennějším platýsem v západní části severního Atlantiku a v Mexickém zálivu. Je to takzvaný ""levooký"" platýs, což znamená, že jeho levá strana je pigmentovaná a tvoří ""horní stranu"".","Paralichthys lethostigma, die Südliche Flunder, ist eine großzähnige Flunderart, die an der Ostküste der Vereinigten Staaten und im nördlichen Golf von Mexiko heimisch ist. Sie ist ein beliebter Sportfisch und die größte und kommerziell wertvollste Flunder im westlichen Nordatlantik und im Golf von Mexiko. Sie ist eine ""linksäugige Flunder"", das heißt, ihre linke Seite ist pigmentiert und bildet die ""Oberseite"".","Paralichthys lethostigma, южная камбала, — вид камбал семейства паралихтовых, обитающий у восточного побережья США и в северной части Мексиканского залива. Это популярная спортивная рыба, а также самая крупная и самая ценная для промысла камбала в западной части Северной Атлантики и в Мексиканском заливе. Это ""левоглазая"" камбала: пигментирована у неё левая сторона, которая и является ""верхней"".","Paralichthys lethostigma, czyli flądra południowa, to gatunek ryby płaskiej z rodziny Paralichthyidae (ang. ""large-tooth flounders""), pochodzący ze wschodniego wybrzeża Stanów Zjednoczonych i z północnej części Zatoki Meksykańskiej. Jest popularną rybą wędkarską oraz największą i najcenniejszą gospodarczo flądrą zachodniej części północnego Atlantyku i Zatoki Meksykańskiej. Jest to flądra ""lewostronna"", co oznacza, że pigmentowana jest jej lewa strona, która stanowi ""stronę górną"".","A Paralichthys lethostigma, vagyis a déli lepényhal, a Paralichthyidae családba tartozó lepényhalfaj, amely az Egyesült Államok keleti partvidékén és a Mexikói-öböl északi részén őshonos. Kedvelt sporthal, és az Atlanti-óceán északnyugati részének és a Mexikói-öbölnek a legnagyobb és kereskedelmi szempontból legértékesebb lepényhala. Úgynevezett ""balszemű"" lepényhal, vagyis a bal oldala pigmentált, és ez a ""felső oldala"".","Paralichthys lethostigma, la passera meridionale, è una specie di pesce piatto della famiglia Paralichthyidae originaria della costa orientale degli Stati Uniti e del Golfo del Messico settentrionale. È un pesce molto popolare nella pesca sportiva ed è la passera più grande e di maggior valore commerciale dell'Atlantico nord-occidentale e del Golfo del Messico. È una passera ""dagli occhi a sinistra"", il che significa che il lato sinistro è pigmentato ed è quello rivolto verso l'alto.","Paralichthys lethostigma, el lenguado del sur, es una especie de lenguado de la familia Paralichthyidae originaria de la costa este de Estados Unidos y del norte del golfo de México. Es muy popular en la pesca deportiva y es el lenguado más grande y de mayor valor comercial del Atlántico norte occidental y del golfo de México. Es un lenguado ""de ojos a la izquierda"", lo que significa que el lado izquierdo es el pigmentado y el que queda ""hacia arriba"".","Paralichthys lethostigma, le cardeau du Sud, est une espèce de poisson plat de la famille des Paralichthyidae, originaire de la côte est des États-Unis et du nord du golfe du Mexique. C'est un poisson de pêche sportive populaire, ainsi que le plus grand et le plus précieux commercialement des poissons plats de l'ouest de l'Atlantique Nord et du golfe du Mexique. C'est un poisson plat sénestre (""left-eyed flounder""), c'est-à-dire que son côté gauche est pigmenté et constitue la face supérieure.",Paralichthys lethostigma，即南方牙鮃，是一種牙鮃科比目魚，原產於美國東海岸和墨西哥灣北部。它是很受歡迎的垂釣魚種，也是西北大西洋和墨西哥灣中體型最大、商業價值最高的比目魚。它是一種「左眼比目魚」，也就是說，它的左側帶有色素，是朝上的「上側」。,サザンフラウンダー（Paralichthys lethostigma）は、アメリカ合衆国東海岸とメキシコ湾北部を原産とするヒラメ科の一種である。人気の釣りの対象魚であり、北大西洋西部とメキシコ湾のヒラメ・カレイ類の中で最も大きく、商業的にも最も価値が高い。「左目型」のヒラメで、体の左側に色素があり、そちらが「上側」になる。,"Paralichthys lethostigma, a solha do sul, é uma espécie de solha da família Paralichthyidae, nativa da costa leste dos Estados Unidos e do norte do Golfo do México. É um peixe popular na pesca desportiva e é a maior solha, e a de maior valor comercial, do oeste do Atlântico Norte e do Golfo do México. É uma ""solha de olho esquerdo"", o que significa que o lado esquerdo é pigmentado e é o ""lado de cima"".",Paralichthys lethostigma，即南方牙鲆，是一种牙鲆科比目鱼，原产于美国东海岸和墨西哥湾北部。它是很受欢迎的垂钓鱼种，也是西北大西洋和墨西哥湾中体型最大、商业价值最高的比目鱼。它是一种「左眼比目鱼」，也就是说，它的左侧带有色素，是朝上的「上侧」。
STR_fish_yellowsnapper,Yellowtail Snapper,Yellowtail Snapper,Chňapal žlutoocasý,Gelbschwanz-Schnapper,Желтохвостый луциан,Lucjan żółtoogonowy,Sárgafarkú csattogóhal,Lutiano coda gialla,Rabirrubia,Vivaneau queue jaune,黃尾笛鯛,イエローテイル・スナッパー,Pargo-amarelo,黄尾笛鲷
STR_fish_yellowsnapper_desc,"The yellowtail snapper (Ocyurus chrysurus) is an abundant species of snapper native to the western Atlantic Ocean including the Gulf of Mexico and the Caribbean Sea. Although they have been found as far north as Massachusetts, their normal range is along Florida south to the West Indies and Brazil. This species is mostly found around coral reefs, but may be found in other habitats. ","The yellowtail snapper (Ocyurus chrysurus) is an abundant species of snapper native to the western Atlantic Ocean including the Gulf of Mexico and the Caribbean Sea. Although they have been found as far north as Massachusetts, their normal range is along Florida south to the West Indies and Brazil. This species is mostly found around coral reefs, but may be found in other habitats.","Chňapal žlutoocasý (Ocyurus chrysurus) je hojný druh chňapala původní v západním Atlantském oceánu včetně Mexického zálivu a Karibského moře. Přestože byl zaznamenán až na severu v Massachusetts, jeho běžný areál sahá od Floridy na jih po Západní Indii a Brazílii. Tento druh se vyskytuje převážně v okolí korálových útesů, ale lze jej najít i v jiných prostředích.","Der Gelbschwanz-Schnapper (Ocyurus chrysurus) ist eine häufige Schnapperart, die im westlichen Atlantik einschließlich des Golfs von Mexiko und der Karibik heimisch ist. Zwar wurde er schon bis nach Massachusetts im Norden gefunden, sein normales Verbreitungsgebiet reicht jedoch von Florida südwärts bis zu den Westindischen Inseln und nach Brasilien. Die Art kommt vor allem an Korallenriffen vor, ist aber auch in anderen Lebensräumen zu finden.","Желтохвостый луциан (Ocyurus chrysurus) — многочисленный вид луциановых, обитающий в западной части Атлантического океана, включая Мексиканский залив и Карибское море. Хотя его находили даже на севере, вплоть до Массачусетса, обычно он встречается от Флориды на юг до Вест-Индии и Бразилии. Этот вид держится в основном у коралловых рифов, но может встречаться и в других местах обитания.","Lucjan żółtoogonowy (Ocyurus chrysurus) to liczny gatunek lucjana pochodzący z zachodniego Oceanu Atlantyckiego, w tym Zatoki Meksykańskiej i Morza Karaibskiego. Chociaż znaleziono je tak daleko na północ, jak Massachusetts, ich normalny zasięg rozciąga się wzdłuż Florydy na południe do Indii Zachodnich i Brazylii. Gatunek ten występuje głównie wokół raf koralowych, ale można go znaleźć również w innych siedliskach.","A sárgafarkú csattogóhal (Ocyurus chrysurus) gyakori csattogóhalfaj, amely az Atlanti-óceán nyugati részén, ideértve a Mexikói-öblöt és a Karib-tengert is, őshonos. Bár északon egészen Massachusettsig is előkerült, szokásos elterjedési területe Florida partjaitól délre a Nyugat-Indiai-szigetekig és Brazíliáig terjed. Ez a faj főként korallzátonyok környékén fordul elő, de más élőhelyeken is megtalálható.","Il lutiano coda gialla (Ocyurus chrysurus) è una specie abbondante di lutiano originaria dell'Oceano Atlantico occidentale, compresi il Golfo del Messico e il Mar dei Caraibi. Sebbene sia stato trovato a nord fino al Massachusetts, il suo areale abituale va dalla Florida verso sud fino alle Indie Occidentali e al Brasile. Questa specie vive soprattutto intorno alle barriere coralline, ma si può trovare anche in altri habitat.","La rabirrubia (Ocyurus chrysurus) es una especie abundante de pargo originaria del océano Atlántico occidental, incluidos el golfo de México y el mar Caribe. Aunque se han encontrado ejemplares tan al norte como Massachusetts, su área de distribución habitual se extiende a lo largo de Florida y hacia el sur hasta las Antillas y Brasil. Esta especie se encuentra sobre todo en torno a los arrecifes de coral, pero también puede encontrarse en otros hábitats.","Le vivaneau queue jaune (Ocyurus chrysurus) est une espèce abondante de vivaneau originaire de l'ouest de l'océan Atlantique, golfe du Mexique et mer des Caraïbes compris. Bien qu'on en ait trouvé jusqu'au Massachusetts au nord, son aire de répartition normale s'étend de la Floride, vers le sud, jusqu'aux Antilles et au Brésil. Cette espèce vit surtout autour des récifs coralliens, mais on peut la trouver dans d'autres habitats.",黃尾笛鯛（Ocyurus chrysurus）是一種數量豐富的笛鯛，原產於西大西洋，包括墨西哥灣和加勒比海。雖然最北曾在馬薩諸塞州發現過它們，但其正常分佈範圍是沿佛羅里達州向南至西印度群島和巴西。這個物種大多出現在珊瑚礁周圍，但也可能見於其他棲息環境。,イエローテイル・スナッパー（Ocyurus chrysurus）は、メキシコ湾やカリブ海を含む西大西洋を原産とする、個体数の多いフエダイ類の一種である。北はマサチューセッツ州でも見つかったことがあるが、通常の分布域はフロリダ沿岸から南の西インド諸島、ブラジルにかけてである。主にサンゴ礁の周辺で見られるが、それ以外の環境にいることもある。,"O pargo-amarelo (Ocyurus chrysurus) é uma espécie abundante de pargo nativa do Oceano Atlântico ocidental, incluindo o Golfo do México e o Mar das Caraíbas. Embora tenham sido encontrados tão a norte como Massachusetts, a sua distribuição normal estende-se ao longo da Flórida para sul até às Antilhas e ao Brasil. Esta espécie é encontrada principalmente em torno de recifes de coral, mas pode ser encontrada noutros habitats.",黄尾笛鲷（Ocyurus chrysurus）是一种数量丰富的笛鲷，原产于西大西洋，包括墨西哥湾和加勒比海。虽然最北曾在马萨诸塞州发现过它们，但其正常分布范围是沿佛罗里达州向南至西印度群岛和巴西。这个物种大多出现在珊瑚礁周围，但也可能见于其他栖息环境。
STR_fish_floridacrayfish,Florida Crayfish,Florida Crayfish,Rak floridský,Florida-Flusskrebs,Флоридский рак,Rak florydzki,Floridai folyami rák,Gambero della Florida,Cangrejo de río de Florida,Écrevisse de Floride,佛羅里達螯蝦,フロリダザリガニ,Lagostim da Flórida,佛罗里达螯虾
STR_fish_floridacrayfish_desc,"The Florida crayfish, the blue crayfish, the electric blue crayfish, or the sapphire crayfish, is a species of freshwater crayfish endemic to Florida in the United States. Its natural range is the area east of St. Johns River and all of Florida from Levy County and Marion County southwards, as well as on some of the Florida Keys. It is included on the IUCN Red List as a species of Least Concern. The blue crayfish is frequently kept in a freshwater aquaria.","The Florida crayfish, the blue crayfish, the electric blue crayfish, or the sapphire crayfish, is a species of freshwater crayfish endemic to Florida in the United States. Its natural range is the area east of St. Johns River and all of Florida from Levy County and Marion County southwards, as well as on some of the Florida Keys. It is included on the IUCN Red List as a species of Least Concern. The blue crayfish is frequently kept in freshwater aquaria.","Rak floridský, anglicky nazývaný také ""blue crayfish"", ""electric blue crayfish"" nebo ""sapphire crayfish"", je druh sladkovodního raka endemický pro Floridu ve Spojených státech. Jeho přirozený areál zahrnuje oblast východně od řeky St. Johns a celou Floridu od okresů Levy a Marion směrem na jih a také některé ostrovy Florida Keys. V Červeném seznamu IUCN je veden jako málo dotčený druh. Rak floridský je často chován ve sladkovodních akváriích.","Der Florida-Flusskrebs, im Englischen auch ""blue crayfish"", ""electric blue crayfish"" oder ""sapphire crayfish"" genannt, ist eine Süßwasser-Flusskrebsart, die im US-Bundesstaat Florida endemisch ist. Sein natürliches Verbreitungsgebiet umfasst das Gebiet östlich des St. Johns River und ganz Florida von Levy County und Marion County an südwärts sowie einige der Florida Keys. Auf der Roten Liste der IUCN wird er als nicht gefährdet geführt. Der Florida-Flusskrebs wird häufig in Süßwasseraquarien gehalten.","Флоридский рак, известный также как голубой рак, ""electric blue crayfish"" или ""sapphire crayfish"", — вид пресноводных раков, эндемичный для Флориды (США). Его естественный ареал — территория к востоку от реки Сент-Джонс и вся Флорида к югу от округов Леви и Марион, а также некоторые острова Флорида-Кис. В Красном списке МСОП он значится как вид, вызывающий наименьшие опасения. Голубого рака часто содержат в пресноводных аквариумах.","Rak florydzki, zwany też rakiem niebieskim (ang. także ""electric blue crayfish"" lub ""sapphire crayfish""), to gatunek słodkowodnego raka endemiczny dla Florydy w Stanach Zjednoczonych. Jego naturalny zasięg obejmuje obszar na wschód od rzeki St. Johns i całą Florydę od hrabstw Levy i Marion na południe, a także niektóre wyspy Florida Keys. Na Czerwonej liście IUCN figuruje jako gatunek najmniejszej troski. Rak niebieski jest często hodowany w akwariach słodkowodnych.","A floridai folyami rák, más néven kék rák (angolul ""electric blue crayfish"" vagy ""sapphire crayfish"" néven is ismert), az Egyesült Államokban, Floridában endemikus édesvízi rákfaj. Természetes elterjedési területe a St. Johns folyótól keletre eső terület, valamint Levy és Marion megyétől délre egész Florida, továbbá a Florida Keys néhány szigete. Az IUCN Vörös Listáján nem veszélyeztetett fajként szerepel. A kék rákot gyakran tartják édesvízi akváriumokban.","Il gambero della Florida, detto anche gambero blu o, in inglese, ""electric blue crayfish"" o ""sapphire crayfish"", è una specie di gambero d'acqua dolce endemica della Florida, negli Stati Uniti. Il suo areale naturale comprende la zona a est del fiume St. Johns e tutta la Florida dalle contee di Levy e Marion verso sud, oltre ad alcune delle Florida Keys. È inserito nella Lista rossa IUCN come specie a rischio minimo. Il gambero blu viene spesso allevato in acquari d'acqua dolce.","El cangrejo de río de Florida, también llamado en inglés ""blue crayfish"", ""electric blue crayfish"" o ""sapphire crayfish"", es una especie de cangrejo de río endémica de Florida, en Estados Unidos. Su área de distribución natural comprende la zona al este del río St. Johns y toda Florida desde los condados de Levy y Marion hacia el sur, así como algunos de los cayos de Florida. Figura en la Lista Roja de la UICN como especie de preocupación menor. El cangrejo de río de Florida se mantiene con frecuencia en acuarios de agua dulce.","L'écrevisse de Floride, aussi appelée écrevisse bleue, ou en anglais ""electric blue crayfish"" ou ""sapphire crayfish"", est une espèce d'écrevisse d'eau douce endémique de la Floride, aux États-Unis. Son aire de répartition naturelle comprend la zone située à l'est du fleuve St. Johns et toute la Floride à partir des comtés de Levy et de Marion vers le sud, ainsi que certaines des Florida Keys. Elle figure sur la Liste rouge de l'UICN comme espèce de préoccupation mineure. L'écrevisse bleue est souvent maintenue en aquarium d'eau douce.",佛羅里達螯蝦，英文又稱「blue crayfish」、「electric blue crayfish」或「sapphire crayfish」，是美國佛羅里達州特有的一種淡水螯蝦。它的自然分佈範圍包括聖約翰斯河以東地區、佛羅里達州自利維縣和馬里恩縣以南的全部地區，以及佛羅里達群島中的部分島嶼。它被 IUCN 紅色名錄列為無危物種。佛羅里達螯蝦經常被飼養在淡水水族箱中。,フロリダザリガニは、英語では「ブルー・クレイフィッシュ」「エレクトリックブルー・クレイフィッシュ」「サファイア・クレイフィッシュ」とも呼ばれる、アメリカ合衆国フロリダ州固有の淡水ザリガニの一種である。自然分布域は、セントジョンズ川の東側の地域と、リーヴィ郡およびマリオン郡より南のフロリダ州全域、さらにフロリダキーズの一部である。IUCNレッドリストでは低懸念（LC）の種として掲載されている。フロリダザリガニは淡水の水槽でよく飼育されている。,"O lagostim da Flórida, também chamado lagostim-azul ou, em inglês, ""electric blue crayfish"" ou ""sapphire crayfish"", é uma espécie de lagostim de água doce endémica da Flórida, nos Estados Unidos. A sua área de distribuição natural abrange a zona a leste do rio St. Johns e toda a Flórida dos condados de Levy e Marion para sul, bem como algumas das Florida Keys. Consta da Lista Vermelha da UICN como espécie pouco preocupante. O lagostim-azul é frequentemente mantido em aquários de água doce.",佛罗里达螯虾，英文又称「blue crayfish」、「electric blue crayfish」或「sapphire crayfish」，是美国佛罗里达州特有的一种淡水螯虾。它的自然分布范围包括圣约翰斯河以东地区、佛罗里达州自利维县和马里恩县以南的全部地区，以及佛罗里达群岛中的部分岛屿。它被 IUCN 红色名录列为无危物种。佛罗里达螯虾经常被饲养在淡水水族箱中。
STR_fish_rustycrayfish,Rusty Crayfish,Rusty Crayfish,Rak rusoboký,Rostroter Flusskrebs,Ржавый рак,Rak rdzawy,Rozsdás folyami rák,Gambero rugginoso,Cangrejo de río oxidado,Écrevisse à taches rouges,鏽紋螯蝦,ラスティザリガニ,Lagostim ferrugem,锈纹螯虾
STR_fish_rustycrayfish_desc,"The rusty crayfish (Faxonius rusticus) is a large, aggressive species of freshwater crayfish which is native to the United States, in the Ohio River Basin in parts of Ohio, Kentucky, and Indiana. Its range is rapidly expanding across much of eastern North America, displacing native crayfishes in the process.","The rusty crayfish (Faxonius rusticus) is a large, aggressive species of freshwater crayfish which is native to the United States, in the Ohio River Basin in parts of Ohio, Kentucky, and Indiana. Its range is rapidly expanding across much of eastern North America, displacing native crayfishes in the process.","Rak rusoboký (Faxonius rusticus) je velký, agresivní druh sladkovodního raka pocházející ze Spojených států, z povodí řeky Ohio v částech Ohia, Kentucky a Indiany. Jeho areál se rychle rozšiřuje po velké části východní Severní Ameriky a vytlačuje původní druhy raků.","Der Rostrote Flusskrebs (Faxonius rusticus) ist eine große, aggressive Süßwasser-Flusskrebsart, die in den Vereinigten Staaten im Einzugsgebiet des Ohio in Teilen von Ohio, Kentucky und Indiana heimisch ist. Sein Verbreitungsgebiet dehnt sich rasch über weite Teile des östlichen Nordamerikas aus, wobei er einheimische Flusskrebsarten verdrängt.","Ржавый рак (Faxonius rusticus) — крупный агрессивный вид пресноводных раков, родина которого — США, бассейн реки Огайо в штатах Огайо, Кентукки и Индиана. Его ареал быстро расширяется на большую часть востока Северной Америки, и при этом он вытесняет местных раков.","Rak rdzawy (Faxonius rusticus) to duży, agresywny gatunek słodkowodnego raka pochodzący ze Stanów Zjednoczonych, z dorzecza rzeki Ohio w części stanów Ohio, Kentucky i Indiana. Szybko rozszerza swój zasięg na znaczną część wschodniej Ameryki Północnej, wypierając przy tym rodzime gatunki raków.","A rozsdás folyami rák (Faxonius rusticus) nagy termetű, agresszív édesvízi rákfaj, amely az Egyesült Államokban, az Ohio folyó vízgyűjtőjében, Ohio, Kentucky és Indiana egyes részein őshonos. Elterjedési területe gyorsan bővül Észak-Amerika keleti részének nagy részén, és közben kiszorítja az őshonos rákfajokat.","Il gambero rugginoso (Faxonius rusticus) è una specie di gambero d'acqua dolce grande e aggressiva, originaria degli Stati Uniti, dove vive nel bacino del fiume Ohio, in alcune zone di Ohio, Kentucky e Indiana. Il suo areale si sta espandendo rapidamente in gran parte del Nord America orientale, dove soppianta i gamberi autoctoni.","El cangrejo de río oxidado (Faxonius rusticus) es una especie de cangrejo de río grande y agresiva originaria de Estados Unidos, concretamente de la cuenca del río Ohio, en partes de Ohio, Kentucky e Indiana. Su área de distribución se está expandiendo rápidamente por gran parte del este de Norteamérica, y a su paso desplaza a los cangrejos de río autóctonos.","L'écrevisse à taches rouges (Faxonius rusticus) est une grande espèce d'écrevisse d'eau douce, agressive, originaire des États-Unis, plus précisément du bassin de l'Ohio, dans certaines parties de l'Ohio, du Kentucky et de l'Indiana. Son aire de répartition s'étend rapidement à une grande partie de l'est de l'Amérique du Nord, où elle supplante au passage les écrevisses indigènes.",鏽紋螯蝦（Faxonius rusticus）是一種體型大、具有攻擊性的淡水螯蝦物種，原產於美國俄亥俄河流域的俄亥俄州、肯塔基州和印第安納州部分地區。其分佈範圍正在迅速擴展到北美東部大部分地區，並在此過程中取代了本土螯蝦。,ラスティザリガニ（Faxonius rusticus）は、大型で攻撃的な淡水ザリガニの一種で、アメリカ合衆国のオハイオ州、ケンタッキー州、インディアナ州の一部にまたがるオハイオ川流域を原産とする。分布域は北アメリカ東部の広い範囲へ急速に拡大しており、その過程で在来のザリガニ類を駆逐している。,"O lagostim ferrugem (Faxonius rusticus) é uma espécie grande e agressiva de lagostim de água doce nativa dos Estados Unidos, na Bacia do Rio Ohio em partes de Ohio, Kentucky e Indiana. A sua distribuição está a expandir-se rapidamente por grande parte do leste da América do Norte, deslocando os lagostins nativos no processo.",锈纹螯虾（Faxonius rusticus）是一种体型大、具有攻击性的淡水螯虾物种，原产于美国俄亥俄河流域的俄亥俄州、肯塔基州和印第安纳州部分地区。其分布范围正在迅速扩展到北美东部大部分地区，并在此过程中取代了本土螯虾。
STR_fish_redswampcrayfish,Red Swamp Crayfish,Red Swamp Crayfish,Rak červený,Roter Sumpfkrebs,Красный болотный рак,Rak luizjański,Vörös mocsári rák,Gambero rosso della Louisiana,Cangrejo rojo americano,Écrevisse rouge des marais,克氏原螯蝦,アメリカザリガニ,Lagostim-vermelho-da-luisiana,克氏原螯虾
STR_fish_redswampcrayfish_desc,"Procambarus clarkii, known variously as the red swamp crayfish, Louisiana crawfish or mudbug,[4] is a species of cambarid crayfish native to freshwater bodies of northern Mexico, and southern and southeastern United States, but also introduced elsewhere (both in North America and other continents), where it is often an invasive pest.","Procambarus clarkii, known variously as the red swamp crayfish, Louisiana crawfish or mudbug, is a species of cambarid crayfish native to freshwater bodies of northern Mexico, and southern and southeastern United States, but also introduced elsewhere (both in North America and other continents), where it is often an invasive pest.","Procambarus clarkii, známý jako rak červený, anglicky též ""Louisiana crawfish"" nebo ""mudbug"", je druh raka z čeledi Cambaridae původní ve sladkých vodách severního Mexika a jižních a jihovýchodních Spojených států, který byl však zavlečen i jinam (v Severní Americe i na jiných kontinentech), kde je často invazním škůdcem.","Procambarus clarkii, bekannt als Roter Sumpfkrebs, Louisiana-Flusskrebs oder ""mudbug"", ist eine Flusskrebsart aus der Familie Cambaridae, die in den Süßgewässern im Norden Mexikos sowie im Süden und Südosten der Vereinigten Staaten heimisch ist, aber auch andernorts eingeführt wurde (sowohl in Nordamerika als auch auf anderen Kontinenten), wo sie oft als invasiver Schädling auftritt.","Procambarus clarkii, известный как красный болотный рак, луизианский рак или ""mudbug"", — вид раков семейства Cambaridae, родина которого — пресные водоёмы северной Мексики, юга и юго-востока США. Его также завезли в другие места (как в Северной Америке, так и на других континентах), где он часто становится инвазивным вредителем.","Procambarus clarkii, znany jako rak luizjański, a po angielsku jako ""red swamp crayfish"" lub ""mudbug"", to gatunek raka z rodziny Cambaridae, pochodzący z wód słodkich północnego Meksyku oraz południowych i południowo-wschodnich Stanów Zjednoczonych, ale introdukowany również w innych miejscach (zarówno w Ameryce Północnej, jak i na innych kontynentach), gdzie często jest uciążliwym gatunkiem inwazyjnym.","A Procambarus clarkii, vagyis a vörös mocsári rák (angolul ""Louisiana crawfish"" vagy ""mudbug"" néven is ismert), a Cambaridae családba tartozó rákfaj, amely Észak-Mexikó, valamint az Egyesült Államok déli és délkeleti részének édesvizeiben őshonos, de máshová is betelepítették (Észak-Amerikában és más kontinenseken egyaránt), ahol gyakran invazív kártevő.","Procambarus clarkii, noto come gambero rosso della Louisiana o ""mudbug"", è una specie di gambero della famiglia Cambaridae originaria delle acque dolci del Messico settentrionale e degli Stati Uniti meridionali e sud-orientali, ma introdotta anche altrove (sia in Nord America sia in altri continenti), dove spesso è una specie invasiva e infestante.","Procambarus clarkii, conocido como cangrejo rojo americano, cangrejo de río de Luisiana o mudbug, es una especie de cangrejo de río de la familia Cambaridae nativa de los cuerpos de agua dulce del norte de México y del sur y sureste de los Estados Unidos, pero también introducida en otros lugares (tanto en América del Norte como en otros continentes), donde a menudo es una plaga invasora.","Procambarus clarkii, connu sous le nom d'écrevisse rouge des marais, d'écrevisse de Louisiane ou de mudbug, est une espèce d'écrevisse de la famille des Cambaridae originaire des plans d'eau douce du nord du Mexique et du sud et du sud-est des États-Unis, mais également introduite ailleurs (tant en Amérique du Nord que sur d'autres continents), où elle est souvent un ravageur envahissant.",Procambarus clarkii，即克氏原螯蝦，英文又稱「red swamp crayfish」、「Louisiana crawfish」或「mudbug」，是蝲蛄科的一種螯蝦，原產於墨西哥北部以及美國南部和東南部的淡水水域，但也被引入其他地區（包括北美洲及其他大陸），在當地常成為入侵性的有害生物。,アメリカザリガニ（Procambarus clarkii）は、英語では「レッドスワンプ・クレイフィッシュ」「ルイジアナ・クローフィッシュ」「マッドバグ」などさまざまな名前で知られる、アメリカザリガニ科のザリガニの一種である。メキシコ北部とアメリカ合衆国南部・南東部の淡水域を原産とするが、ほかの地域（北アメリカ内およびほかの大陸）にも持ち込まれており、そこでは侵略的な有害生物となっていることが多い。,"Procambarus clarkii, conhecido como lagostim-vermelho-da-luisiana ou lagostim-vermelho (em inglês ""red swamp crayfish"", ""Louisiana crawfish"" ou ""mudbug""), é uma espécie de lagostim da família Cambaridae nativa dos corpos de água doce do norte do México e do sul e sudeste dos Estados Unidos, mas também introduzida noutros lugares (tanto na América do Norte como noutros continentes), onde é frequentemente uma praga invasiva.",Procambarus clarkii，即克氏原螯虾，英文又称「red swamp crayfish」、「Louisiana crawfish」或「mudbug」，是蝲蛄科的一种螯虾，原产于墨西哥北部以及美国南部和东南部的淡水水域，但也被引入其他地区（包括北美洲及其他大陆），在当地常成为入侵性的有害生物。
STR_fish_monongahelacrayfish,Monongahela Crayfish,Monongahela Crayfish,Rak Monongahela,Monongahela-Flusskrebs,Мононгахельский рак,Rak Monongahela,Monongahela folyami rák,Gambero del Monongahela,Cangrejo de Monongahela,Écrevisse du Monongahela,莫農加希拉螯蝦,モノンガヘラザリガニ,Lagostim do Monongahela,莫农加希拉螯虾
STR_fish_monongahelacrayfish_desc,"Cambarus monongalensis, the blue crayfish or Monongahela crayfish, is a species of burrowing crayfish native to Pennsylvania and West Virginia. It has also been found recently in Ohio. The common name refers to the Monongahela River, with the first specimens being collected from Edgewood Park, Allegheny County, Pennsylvania.","Cambarus monongalensis, the blue crayfish or Monongahela crayfish, is a species of burrowing crayfish native to Pennsylvania and West Virginia. It has also been found recently in Ohio. The common name refers to the Monongahela River, with the first specimens being collected from Edgewood Park, Allegheny County, Pennsylvania.","Cambarus monongalensis, rak Monongahela (anglicky též ""blue crayfish""), je druh hrabavého raka původní v Pensylvánii a Západní Virginii. Nedávno byl zjištěn také v Ohiu. Jeho obecný název odkazuje na řeku Monongahela; první exempláře byly nasbírány v parku Edgewood v okrese Allegheny v Pensylvánii.","Cambarus monongalensis, der Monongahela-Flusskrebs, im Englischen auch ""blue crayfish"" genannt, ist eine grabende Flusskrebsart, die in Pennsylvania und West Virginia heimisch ist. In jüngerer Zeit wurde er auch in Ohio gefunden. Der Trivialname bezieht sich auf den Monongahela River; die ersten Exemplare wurden im Edgewood Park im Allegheny County in Pennsylvania gesammelt.","Cambarus monongalensis, голубой, или мононгахельский, рак — вид роющих раков, обитающий в Пенсильвании и Западной Виргинии. Недавно его обнаружили и в Огайо. Название дано по реке Мононгахела: первые экземпляры были собраны в парке Эджвуд, округ Аллегейни, Пенсильвания.","Cambarus monongalensis, czyli rak Monongahela (ang. także ""blue crayfish""), to gatunek raka kopiącego nory, pochodzący z Pensylwanii i Wirginii Zachodniej. Niedawno stwierdzono go również w Ohio. Nazwa zwyczajowa nawiązuje do rzeki Monongahela; pierwsze okazy zebrano w Edgewood Park w hrabstwie Allegheny w Pensylwanii.","A Cambarus monongalensis, vagyis a Monongahela folyami rák (angolul ""blue crayfish"" néven is ismert), Pennsylvaniában és Nyugat-Virginiában őshonos, üregásó rákfaj. Nemrégiben Ohióban is megtalálták. Köznapi neve a Monongahela folyóra utal; az első példányokat a pennsylvaniai Allegheny megyében, az Edgewood Parkban gyűjtötték.","Cambarus monongalensis, il gambero blu o gambero del Monongahela, è una specie di gambero scavatore originaria della Pennsylvania e della Virginia Occidentale. Di recente è stato trovato anche in Ohio. Il nome comune si riferisce al fiume Monongahela: i primi esemplari furono raccolti nell'Edgewood Park, nella contea di Allegheny, in Pennsylvania.","Cambarus monongalensis, el cangrejo de Monongahela (en inglés también ""blue crayfish""), es una especie de cangrejo de río excavador originaria de Pensilvania y Virginia Occidental. Recientemente también se ha encontrado en Ohio. El nombre común hace referencia al río Monongahela; los primeros ejemplares se recolectaron en el parque Edgewood, en el condado de Allegheny (Pensilvania).","Cambarus monongalensis, l'écrevisse bleue ou écrevisse du Monongahela, est une espèce d'écrevisse fouisseuse originaire de Pennsylvanie et de Virginie-Occidentale. Elle a également été trouvée récemment en Ohio. Le nom commun fait référence à la rivière Monongahela, les premiers spécimens ayant été collectés au parc Edgewood, comté d'Allegheny, Pennsylvanie.",Cambarus monongalensis，即莫農加希拉螯蝦，英文又稱「blue crayfish」，是一種穴居螯蝦，原產於賓夕法尼亞州和西弗吉尼亞州。近年在俄亥俄州也有發現。它的俗名取自莫農加希拉河，最早的標本採集自賓夕法尼亞州阿勒格尼縣的 Edgewood 公園。,モノンガヘラザリガニ（Cambarus monongalensis）は、英語では「ブルー・クレイフィッシュ」とも呼ばれる、ペンシルベニア州とウェストバージニア州を原産とする穴を掘るザリガニの一種である。最近ではオハイオ州でも見つかっている。通称はモノンガヘラ川にちなんだもので、最初の標本はペンシルベニア州アレゲニー郡のエッジウッド・パークで採集された。,"Cambarus monongalensis, o lagostim-azul ou lagostim do Monongahela, é uma espécie de lagostim escavador nativa da Pensilvânia e da Virgínia Ocidental. Foi também encontrado recentemente no Ohio. O nome comum refere-se ao rio Monongahela, tendo os primeiros exemplares sido recolhidos em Edgewood Park, no condado de Allegheny, na Pensilvânia.",Cambarus monongalensis，即莫农加希拉螯虾，英文又称「blue crayfish」，是一种穴居螯虾，原产于宾夕法尼亚州和西弗吉尼亚州。近年在俄亥俄州也有发现。它的俗名取自莫农加希拉河，最早的标本采集自宾夕法尼亚州阿勒格尼县的 Edgewood 公园。
STR_fish_cavecrayfish,Cave Crayfish,Cave Crayfish,Rak jeskynní,Höhlenflusskrebs,Пещерный рак,Rak jaskiniowy,Barlangi folyami rák,Gambero di grotta,Cangrejo cavernícola,Écrevisse cavernicole,洞穴螯蝦,ケーブザリガニ,Lagostim de caverna,洞穴螯虾
STR_fish_cavecrayfish_desc,"Cambarus aculabrum is a rare species of cave-dwelling crayfish known by the common name Benton county cave crayfish. It is native to Arkansas in the United States, where it is known from only four locations. It is a federally listed endangered species of the United States.","Cambarus aculabrum is a rare species of cave-dwelling crayfish known by the common name Benton county cave crayfish. It is native to Arkansas in the United States, where it is known from only four locations. It is a federally listed endangered species of the United States.","Cambarus aculabrum je vzácný druh jeskynního raka, známý pod anglickým názvem ""Benton County cave crayfish"". Je původní v Arkansasu ve Spojených státech, kde je znám pouze ze čtyř lokalit. Ve Spojených státech je na federální úrovni veden jako ohrožený druh.","Cambarus aculabrum ist eine seltene, in Höhlen lebende Flusskrebsart, die unter dem englischen Trivialnamen ""Benton County cave crayfish"" bekannt ist. Sie ist in Arkansas in den Vereinigten Staaten heimisch und dort nur von vier Fundorten bekannt. In den Vereinigten Staaten ist sie auf Bundesebene als vom Aussterben bedrohte Art gelistet.","Cambarus aculabrum — редкий вид пещерных раков, известный под обиходным названием ""пещерный рак округа Бентон"". Обитает в Арканзасе (США), где известен лишь из четырёх мест. Вид внесён в федеральный список исчезающих видов США.","Cambarus aculabrum to rzadki gatunek raka jaskiniowego, znany pod angielską nazwą zwyczajową ""Benton county cave crayfish"". Pochodzi ze stanu Arkansas w Stanach Zjednoczonych, gdzie znany jest tylko z czterech stanowisk. Figuruje na federalnej liście gatunków zagrożonych w Stanach Zjednoczonych.","A Cambarus aculabrum ritka, barlanglakó rákfaj, angol köznapi nevén ""Benton county cave crayfish"". Az Egyesült Államokban, Arkansas államban őshonos, ahol mindössze négy lelőhelyről ismert. Az Egyesült Államokban a szövetségi listán veszélyeztetett fajként szerepel.","Cambarus aculabrum è una rara specie di gambero di grotta, nota con il nome comune inglese ""Benton county cave crayfish"". È originaria dell'Arkansas, negli Stati Uniti, dove è segnalata in sole quattro località. È inserita nell'elenco federale delle specie in pericolo di estinzione degli Stati Uniti.","Cambarus aculabrum es una especie poco común de cangrejo de río cavernícola, conocida en inglés con el nombre común de ""Benton county cave crayfish"". Es originaria de Arkansas, en Estados Unidos, donde solo se conoce en cuatro localidades. Figura en la lista federal de especies en peligro de extinción de Estados Unidos.","Cambarus aculabrum est une espèce rare d'écrevisse cavernicole, connue sous le nom commun anglais de ""Benton County cave crayfish"". Elle est originaire de l'Arkansas, aux États-Unis, où elle n'est connue que dans quatre localités. Elle est inscrite sur la liste fédérale des espèces en danger des États-Unis.",Cambarus aculabrum 是一種罕見的洞穴螯蝦，英文俗稱「Benton county cave crayfish」。它原產於美國阿肯色州，在當地僅有四個已知的分佈地點。它被美國聯邦政府列為瀕危物種。,ケーブザリガニ（Cambarus aculabrum）は、洞窟にすむ希少なザリガニの一種で、英語では「ベントン・カウンティ・ケーブ・クレイフィッシュ」という通称で知られる。アメリカ合衆国アーカンソー州を原産とし、同州ではわずか4か所でしか確認されていない。アメリカ合衆国の連邦政府により絶滅危惧種に指定されている。,"Cambarus aculabrum é uma espécie rara de lagostim cavernícola, conhecida pelo nome comum ""Benton County cave crayfish"". É nativa do Arkansas, nos Estados Unidos, onde só é conhecida em quatro locais. Está classificada a nível federal como espécie em perigo de extinção nos Estados Unidos.",Cambarus aculabrum 是一种罕见的洞穴螯虾，英文俗称「Benton county cave crayfish」。它原产于美国阿肯色州，在当地仅有四个已知的分布地点。它被美国联邦政府列为濒危物种。
STR_fish_stripedbass_fillet,Striped Bass Fillet,Striped Bass Fillet,Filet z mořčáka pruhovaného,Streifenbarsch-Filet,Филе полосатого окуня,Filet ze skalnika prążkowanego,Csíkos sügér filé,Filetto di spigola striata,Filete de lubina rayada,Filet de bar rayé,條紋鱸魚片,ストライプドバスのフィレ,Filete de robalo-listrado,条纹鲈鱼片
STR_fish_neoshobass_fillet,Neosho Bass Fillet,Neosho Bass Fillet,Filet z okounka Neosho,Neosho-Barsch-Filet,Филе окуня Неошо,Filet z bassa Neosho,Neosho sügér filé,Filetto di bass Neosho,Filete de lobina Neosho,Filet d'achigan Neosho,Neosho 黑鱸魚片,ネオショバスのフィレ,Filete de achigã Neosho,Neosho 黑鲈鱼片
STR_fish_muskellunge_fillet,Muskellunge Fillet,Muskellunge Fillet,Filet ze štiky muskalungy,Muskellunge-Filet,Филе маскинонга,Filet z maskinonga,Muskellunge filé,Filetto di muskellunge,Filete de muskellunge,Filet de maskinongé,北美狗魚片,マスケロンジのフィレ,Filete de muskellunge,北美狗鱼片
STR_fish_spottedmuskellunge_fillet,Spotted Muskellunge Fillet,Spotted Muskellunge Fillet,Filet ze skvrnité štiky muskalungy,Filet vom Gefleckten Muskellunge,Филе пятнистого маскинонга,Filet z maskinonga cętkowanego,Foltos muskellunge filé,Filetto di muskellunge maculato,Filete de muskellunge moteado,Filet de maskinongé moucheté,斑點北美狗魚片,スポッテッドマスケロンジのフィレ,Filete de muskellunge malhado,斑点北美狗鱼片
STR_fish_barredmuskellunge_fillet,Barred Muskellunge Fillet,Barred Muskellunge Fillet,Filet z pruhované štiky muskalungy,Filet vom Gestreiften Muskellunge,Филе полосатого маскинонга,Filet z maskinonga pręgowanego,Csíkos muskellunge filé,Filetto di muskellunge a strisce,Filete de muskellunge barrado,Filet de maskinongé barré,條紋北美狗魚片,バードマスケロンジのフィレ,Filete de muskellunge listrado,条纹北美狗鱼片
STR_fish_tigermuskellunge_fillet,Tiger Muskellunge Fillet,Tiger Muskellunge Fillet,Filet z tygří štiky muskalungy,Tigermuskellunge-Filet,Филе тигрового маскинонга,Filet z maskinonga tygrysiego,Tigris muskellunge filé,Filetto di muskellunge tigre,Filete de muskellunge tigre,Filet de maskinongé tigré,虎北美狗魚片,タイガーマスケロンジのフィレ,Filete de muskellunge tigre,虎北美狗鱼片
STR_fish_northernsnakehead_fillet,Northern Snakehead Fillet,Northern Snakehead Fillet,Filet z hadohlavce skvrnitého,Schlangenkopf-Filet,Филе змееголова,Filet z wężogłowa,Amuri kígyófejű hal filé,Filetto di pesce testa di serpente del nord,Filete de pez cabeza de serpiente del norte,Filet de tête de serpent du Nord,烏鱧魚片,カムルチーのフィレ,Filete de cabeça-de-cobra,乌鳢鱼片
STR_fish_whitegrunt_fillet,White Grunt Fillet,White Grunt Fillet,Filet z bílého chrochtala,Weißgrunzer-Filet,Филе обыкновенной ронки,Filet z hemulona arara,Fehér morgóhal filé,Filetto di grugnitore bianco,Filete de roncador blanco,Filet de gorette blanche,白石鱸魚片,ホワイトグラントのフィレ,Filete de roncador-branco,白石鲈鱼片
STR_fish_southernflounder_fillet,Southern Flounder Fillet,Southern Flounder Fillet,Filet z platýse jižního,Filet der Südlichen Flunder,Филе южной камбалы,Filet z flądry południowej,Déli lepényhal filé,Filetto di passera meridionale,Filete de lenguado del sur,Filet de cardeau du Sud,南方牙鮃魚片,サザンフラウンダーのフィレ,Filete de solha do sul,南方牙鲆鱼片
STR_fish_yellowsnapper_fillet,Yellowtail Snapper Fillet,Yellowtail Snapper Fillet,Filet z chňapala žlutoocasého,Gelbschwanz-Schnapper-Filet,Филе желтохвостого луциана,Filet z lucjana żółtoogonowego,Sárgafarkú csattogóhal filé,Filetto di lutiano coda gialla,Filete de rabirrubia,Filet de vivaneau queue jaune,黃尾笛鯛片,イエローテイル・スナッパーのフィレ,Filete de pargo-amarelo,黄尾笛鲷片
STR_fish_YellowCaviar,Yellow Caviar,Yellow Caviar,Žlutý kaviár,Gelber Kaviar,Жёлтая икра,Żółty kawior,Sárga kaviár,Caviale giallo,Caviar amarillo,Caviar jaune,黃魚子醬,イエローキャビア,Caviar amarelo,黄鱼子酱
STR_fish_YellowCaviar_desc,"Yellow caviar is the salt-cured roe of the northern pike and its relatives, the muskellunges. Pike roe is small, golden yellow and mild, and in Russia, Finland and Sweden it has long been salted and eaten like caviar, on bread or blini. Strictly speaking, caviar means the roe of wild sturgeon, so roe from other fish is usually sold under its own name or as a caviar substitute.","Yellow caviar is the salt-cured roe of the northern pike and its relatives, the muskellunges. Pike roe is small, golden yellow and mild, and in Russia, Finland and Sweden it has long been salted and eaten like caviar, on bread or blini. Strictly speaking, caviar means the roe of wild sturgeon, so roe from other fish is usually sold under its own name or as a caviar substitute.","Žlutý kaviár jsou nasolené jikry štiky obecné a jejích příbuzných, štik muskalung. Štičí jikry jsou drobné, zlatožluté a jemné chuti; v Rusku, Finsku a Švédsku se odedávna solí a jedí podobně jako kaviár, na chlebu nebo na blinech. Přesně vzato se kaviárem rozumějí jikry divokých jeseterů, a proto se jikry jiných ryb obvykle prodávají pod vlastním názvem nebo jako náhražka kaviáru.","Gelber Kaviar ist der gesalzene Rogen des Hechts und seiner Verwandten, der Muskellunges. Hechtrogen ist feinkörnig, goldgelb und mild; in Russland, Finnland und Schweden wird er seit Langem gesalzen und wie Kaviar gegessen, auf Brot oder Blini. Streng genommen bezeichnet Kaviar nur den Rogen wild lebender Störe, daher wird Rogen anderer Fische meist unter eigenem Namen oder als Kaviarersatz verkauft.","Жёлтая икра — это солёная икра щуки и её родственников, маскинонгов. Щучья икра мелкая, золотисто-жёлтая и нежная на вкус; в России, Финляндии и Швеции её издавна солят и едят как деликатес — на хлебе или с блинами. В строгом смысле кавиаром называют только икру диких осетровых, поэтому икру других рыб обычно продают под собственным названием или как заменитель чёрной икры.","Żółty kawior to solona ikra szczupaka i jego krewniaków, maskinongów. Ikra szczupaka jest drobna, złotożółta i ma łagodny smak; w Rosji, Finlandii i Szwecji od dawna się ją soli i je jak kawior, na chlebie lub z blinami. Ściśle biorąc, kawiorem nazywa się ikrę dzikich jesiotrów, dlatego ikrę innych ryb sprzedaje się zwykle pod własną nazwą albo jako namiastkę kawioru.","A sárga kaviár a csuka és rokonai, a muskellunge-ok sózott ikrája. A csukaikra apró szemű, aranysárga és enyhe ízű; Oroszországban, Finnországban és Svédországban régóta sózzák, és kaviárként fogyasztják, kenyéren vagy blinivel. Szigorúan véve kaviárnak csak a vadon élő tokfélék ikráját nevezik, ezért más halak ikráját többnyire saját néven vagy kaviárpótlóként árusítják.","Il caviale giallo è costituito dalle uova salate del luccio e dei suoi parenti, i muskellunge. Le uova di luccio sono piccole, giallo oro e dal sapore delicato; in Russia, Finlandia e Svezia vengono salate da tempo e consumate come il caviale, sul pane o sui blini. A rigore, il termine caviale indica le uova di storione selvatico, perciò le uova di altri pesci sono di solito vendute con il proprio nome o come surrogato del caviale.","El caviar amarillo son las huevas saladas del lucio y de sus parientes, los muskellunge. Las huevas de lucio son pequeñas, de color amarillo dorado y sabor suave, y en Rusia, Finlandia y Suecia se salan desde hace mucho tiempo para comerlas como el caviar, sobre pan o con blinis. En sentido estricto, el caviar son las huevas de esturión salvaje, por lo que las huevas de otros peces suelen venderse con su propio nombre o como sucedáneo de caviar.","Le caviar jaune est constitué des œufs salés du grand brochet et de ses cousins, les maskinongés. Les œufs de brochet sont petits, jaune doré et d'un goût doux ; en Russie, en Finlande et en Suède, on les sale depuis longtemps pour les manger comme du caviar, sur du pain ou des blinis. Au sens strict, le caviar désigne les œufs d'esturgeon sauvage : les œufs d'autres poissons sont donc généralement vendus sous leur propre nom ou comme succédané de caviar.",黃魚子醬是用白斑狗魚及其近親北美狗魚的魚卵鹽漬而成。白斑狗魚的魚卵顆粒細小、呈金黃色、味道溫和；在俄羅斯、芬蘭和瑞典，人們很早就把它鹽漬後像魚子醬一樣食用，抹在麵包上或配布林餅。嚴格來說，魚子醬專指野生鱘魚的魚卵，因此其他魚類的魚卵通常以自己的名稱出售，或作為魚子醬的替代品。,イエローキャビアは、ノーザン・パイクとその近縁種であるマスケロンジの卵を塩漬けにしたものである。パイクの卵は粒が小さく黄金色で味がまろやかで、ロシアやフィンランド、スウェーデンでは古くから塩漬けにして、キャビアのようにパンやブリヌイにのせて食べられてきた。厳密にはキャビアとは野生のチョウザメの卵を指すため、ほかの魚の卵はふつう独自の名前で、あるいはキャビアの代用品として売られている。,"O caviar amarelo são as ovas salgadas do lúcio e dos seus parentes, os muskellunges. As ovas de lúcio são pequenas, amarelo-douradas e de sabor suave, e na Rússia, na Finlândia e na Suécia há muito que são salgadas e comidas como caviar, sobre pão ou com blinis. Em rigor, caviar designa as ovas de esturjão selvagem, pelo que as ovas de outros peixes são geralmente vendidas com o seu próprio nome ou como sucedâneo de caviar.",黄鱼子酱是用白斑狗鱼及其近亲北美狗鱼的鱼卵盐渍而成。白斑狗鱼的鱼卵颗粒细小、呈金黄色、味道温和；在俄罗斯、芬兰和瑞典，人们很早就把它盐渍后像鱼子酱一样食用，抹在面包上或配布林饼。严格来说，鱼子酱专指野生鲟鱼的鱼卵，因此其他鱼类的鱼卵通常以自己的名称出售，或作为鱼子酱的替代品。
STR_fish_BlackCaviar,Black Caviar,Black Caviar,Černý kaviár,Schwarzer Kaviar,Чёрная икра,Czarny kawior,Fekete kaviár,Caviale nero,Caviar negro,Caviar noir,黑魚子醬,ブラックキャビア,Caviar preto,黑鱼子酱
STR_fish_BlackCaviar_desc,"Caviar or caviare is a food consisting of salt-cured roe of the family Acipenseridae (sturgeon). Caviar is considered a delicacy and is eaten as a garnish or spread. Traditionally, the term caviar refers only to roe from wild sturgeon in the Caspian Sea and Black Sea (beluga, ossetra and sevruga caviars). The term caviar can also describe the roe of other species of sturgeon or other fish such as paddlefish, salmon, steelhead, trout, lumpfish, whitefish, or carp.","Caviar or caviare is a food consisting of salt-cured roe of the family Acipenseridae (sturgeon). Caviar is considered a delicacy and is eaten as a garnish or spread. Traditionally, the term caviar refers only to roe from wild sturgeon in the Caspian Sea and Black Sea (beluga, ossetra and sevruga caviars). The term caviar can also describe the roe of other species of sturgeon or other fish such as paddlefish, salmon, steelhead, trout, lumpfish, whitefish, or carp.","Kaviár je potravina tvořená nasolenými jikrami ryb z čeledi jeseterovitých (Acipenseridae). Kaviár je považován za delikatesu a jí se jako ozdoba pokrmů nebo jako pomazánka. Tradičně se označení kaviár vztahuje pouze na jikry divokých jeseterů z Kaspického a Černého moře (kaviár beluga, ossetra a sevruga). Termín kaviár však může označovat i jikry jiných druhů jeseterů nebo jiných ryb, jako jsou veslonosi, lososi, pstruzi duhoví (steelhead), pstruzi, hranáči, síhové nebo kapři.","Kaviar ist ein Lebensmittel aus gesalzenem Rogen von Fischen der Familie Acipenseridae (Störe). Kaviar gilt als Delikatesse und wird als Garnitur oder Aufstrich gegessen. Traditionell bezeichnet der Begriff Kaviar nur den Rogen wilder Störe aus dem Kaspischen und dem Schwarzen Meer (Beluga-, Ossetra- und Sevruga-Kaviar). Der Begriff Kaviar kann auch den Rogen anderer Störarten oder anderer Fische bezeichnen, etwa von Löffelstör, Lachs, Steelhead, Forelle, Seehase, Felchen oder Karpfen.","Икра (caviar, или caviare) — продукт из посоленной икры рыб семейства осетровых (Acipenseridae). Икра считается деликатесом; её подают как украшение блюд или как намазку. Традиционно словом caviar называют только икру диких осетровых из Каспийского и Чёрного морей (белужью, осетровую и севрюжью). Однако этот термин может обозначать и икру других видов осетровых или других рыб, таких как веслонос, лосось, стальноголовый лосось, форель, пинагор, сиг или карп.","Kawior to produkt spożywczy z solonej ikry ryb z rodziny jesiotrowatych (Acipenseridae). Uchodzi za przysmak i podaje się go jako dodatek do potraw lub do smarowania. Tradycyjnie nazwa kawior odnosi się wyłącznie do ikry dzikich jesiotrów z Morza Kaspijskiego i Morza Czarnego (kawior z bieługi, osietra i siewrugi). Mianem kawioru można określać również ikrę innych gatunków jesiotrów lub innych ryb, takich jak wiosłonos, łosoś, troć tęczowa, pstrąg, taszka, sieja czy karp.","A kaviár a tokfélék (Acipenseridae) sózással tartósított ikrájából készült étel. Csemegének tartják, és díszítésként vagy kenhető formában fogyasztják. Hagyományosan a kaviár elnevezés csak a Kaszpi-tenger és a Fekete-tenger vadon élő tokféléinek ikrájára vonatkozik (beluga, oszetra és szevruga kaviár). A kaviár szó azonban más tokfélék vagy más halak, például a kanalastok, a lazac, a tengerjáró szivárványos pisztráng, a pisztráng, a csonkahal, a marénák vagy a ponty ikráját is jelölheti.","Il caviale è un alimento composto da uova di pesce salate della famiglia degli storioni (Acipenseridae). Il caviale è considerato una prelibatezza e viene consumato come guarnizione o spalmato. Tradizionalmente il termine caviale si riferisce solo alle uova di storione selvatico del Mar Caspio e del Mar Nero (caviale beluga, ossetra e sevruga). Il termine caviale può anche descrivere le uova di altre specie di storione o di altri pesci come pesce spatola, salmone, trota steelhead, trota, lompo, coregone o carpa.","El caviar o cavial es un alimento que consiste en huevas curadas en sal de peces de la familia Acipenseridae (esturiones). El caviar se considera un manjar y se consume como guarnición o untado. Tradicionalmente, el término caviar se refiere solo a las huevas de esturión salvaje del mar Caspio y el mar Negro (caviar beluga, ossetra y sevruga). El término caviar también puede designar las huevas de otras especies de esturión o de otros peces, como el pez espátula, el salmón, el steelhead, la trucha, el lumpo, el corégono o la carpa.","Le caviar est un aliment composé d'œufs d'esturgeons (famille des Acipenseridae) salés pour leur conservation. Considéré comme un mets raffiné, il se consomme en garniture ou à tartiner. Traditionnellement, le terme caviar désigne uniquement les œufs d'esturgeons sauvages de la mer Caspienne et de la mer Noire (caviars béluga, osciètre et sévruga). Il peut aussi désigner les œufs d'autres espèces d'esturgeons ou d'autres poissons, comme le poisson-spatule, le saumon, la truite steelhead, la truite, le lompe, le corégone ou la carpe.",魚子醬（英文 caviar 或 caviare）是以鱘科（Acipenseridae）魚類的魚卵經鹽漬製成的食品。魚子醬被視為珍饈，可作為點綴配料或抹醬食用。傳統上，魚子醬一詞僅指裡海和黑海野生鱘魚的魚卵（即 beluga、ossetra 和 sevruga 魚子醬）。魚子醬一詞也可用來指其他鱘魚物種或其他魚類的魚卵，例如匙吻鱘、鮭魚、硬頭鱒、鱒魚、圓鰭魚、白鮭或鯉魚。,キャビア（caviarまたはcaviare）は、チョウザメ科（Acipenseridae）の魚の卵を塩漬けにした食品である。キャビアは珍味とされ、付け合わせやスプレッドとして食べられる。伝統的には、キャビアという言葉はカスピ海と黒海の野生のチョウザメの卵（ベルーガ、オシェトラ、セヴルーガの各キャビア）だけを指す。キャビアという言葉は、ほかの種類のチョウザメや、ヘラチョウザメ、サケ、スティールヘッド、マス、ランプフィッシュ、ホワイトフィッシュ、コイといったほかの魚の卵を指すこともある。,"O caviar é um alimento que consiste em ovas curadas em sal de peixes da família Acipenseridae (esturjões). O caviar é considerado uma iguaria e é consumido como guarnição ou em pasta. Tradicionalmente, o termo caviar refere-se apenas às ovas de esturjões selvagens do Mar Cáspio e do Mar Negro (caviares beluga, ossetra e sevruga). O termo caviar também pode designar as ovas de outras espécies de esturjão ou de outros peixes, como o peixe-espátula, o salmão, a ""steelhead"", a truta, o lumpo, o corégono ou a carpa.",鱼子酱（英文 caviar 或 caviare）是以鲟科（Acipenseridae）鱼类的鱼卵经盐渍制成的食品。鱼子酱被视为珍馐，可作为点缀配料或抹酱食用。传统上，鱼子酱一词仅指里海和黑海野生鲟鱼的鱼卵（即 beluga、ossetra 和 sevruga 鱼子酱）。鱼子酱一词也可用来指其他鲟鱼物种或其他鱼类的鱼卵，例如匙吻鲟、鲑鱼、硬头鳟、鳟鱼、圆鳍鱼、白鲑或鲤鱼。
STR_tools_curlytailjig1,Curly Tail Jig #1,Curly Tail Jig #1,Twister #1,Twister #1,Твистер №1,Twister z zakręconym ogonem #1,Göndör farkú twister #1,Jig coda riccia #1,Jig de cola rizada #1,Jig à queue frisée #1,捲尾鉛頭鉤 #1,カーリーテール・ジグ #1,Jig de cauda encaracolada #1,卷尾铅头钩 #1
STR_tools_curlytailjig2,Curly Tail Jig #2,Curly Tail Jig #2,Twister #2,Twister #2,Твистер №2,Twister z zakręconym ogonem #2,Göndör farkú twister #2,Jig coda riccia #2,Jig de cola rizada #2,Jig à queue frisée #2,捲尾鉛頭鉤 #2,カーリーテール・ジグ #2,Jig de cauda encaracolada #2,卷尾铅头钩 #2
STR_tools_curlytailjig3,Curly Tail Jig #3,Curly Tail Jig #3,Twister #3,Twister #3,Твистер №3,Twister z zakręconym ogonem #3,Göndör farkú twister #3,Jig coda riccia #3,Jig de cola rizada #3,Jig à queue frisée #3,捲尾鉛頭鉤 #3,カーリーテール・ジグ #3,Jig de cauda encaracolada #3,卷尾铅头钩 #3
STR_tools_curlytailjig4,Curly Tail Jig #4,Curly Tail Jig #4,Twister #4,Twister #4,Твистер №4,Twister z zakręconym ogonem #4,Göndör farkú twister #4,Jig coda riccia #4,Jig de cola rizada #4,Jig à queue frisée #4,捲尾鉛頭鉤 #4,カーリーテール・ジグ #4,Jig de cauda encaracolada #4,卷尾铅头钩 #4
STR_tools_curlytailjig_desc,"A curly tail jig (often called a ""grub"") is a highly versatile, soft plastic fishing lure with a round body and a thin, curved ""J"" shaped tail. When retrieved through the water, the tail flutters and swims wildly, creating a lifelike action and subtle vibration that attracts fish. ","A curly tail jig (often called a ""grub"") is a highly versatile, soft plastic fishing lure with a round body and a thin, curved ""J"" shaped tail. When retrieved through the water, the tail flutters and swims wildly, creating a lifelike action and subtle vibration that attracts fish.","Twister (často nazývaný ""grub"") je velmi univerzální měkká plastová nástraha s kulatým tělem a tenkým, zahnutým ocasem ve tvaru písmene ""J"". Při tažení vodou ocas vlaje a divoce se pohybuje, čímž vytváří živý pohyb a jemné vibrace, které lákají ryby.","Ein Twister (oft ""Grub"" genannt) ist ein äußerst vielseitiger Weichplastik-Angelköder mit einem runden Körper und einem dünnen, gebogenen ""J""-förmigen Schwanz. Beim Einholen durch das Wasser flattert und schlängelt sich der Schwanz wild, was eine lebensechte Bewegung und subtile Vibration erzeugt, die Fische anlockt.","Твистер (в английском часто ""grub"") — очень универсальная мягкая пластиковая приманка с круглым телом и тонким изогнутым хвостом в форме буквы ""J"". При проводке хвост активно трепещет и извивается, создавая реалистичную игру и лёгкую вибрацию, которая привлекает рыбу.","Twister (często nazywany też ""grub"") to bardzo uniwersalna przynęta z miękkiego plastiku, z okrągłym korpusem i cienkim, zakrzywionym ogonem w kształcie litery ""J"". Podczas prowadzenia w wodzie ogon intensywnie faluje i trzepocze, nadając przynęcie realistyczną pracę i wytwarzając delikatne wibracje, które przyciągają ryby.","A göndör farkú twister (gyakran ""grub""-nak nevezik) egy rendkívül sokoldalú, puha műanyag horgász csali, kerek testtel és vékony, ívelt ""J"" alakú farokkal. Amikor a vízben behúzzák, a farok vadul lobog és úszik, élethű mozgást és finom rezgést keltve, amely vonzza a halakat.","Il jig coda riccia (spesso chiamato ""grub"") è un'esca artificiale in plastica morbida molto versatile, con un corpo tondeggiante e una coda sottile ricurva a forma di ""J"". Durante il recupero la coda sfarfalla e si agita vivacemente, creando un movimento realistico e una leggera vibrazione che attirano i pesci.","Un jig de cola rizada (a menudo llamado ""grub"") es un señuelo de plástico blando muy versátil, con el cuerpo redondo y una cola fina y curvada en forma de ""J"". Al recogerlo en el agua, la cola ondea y se agita con fuerza, creando un movimiento realista y una sutil vibración que atraen a los peces.","Le jig à queue frisée (souvent appelé ""grub"") est un leurre souple en plastique très polyvalent, doté d'un corps rond et d'une fine queue recourbée en forme de ""J"". Lorsqu'on le ramène dans l'eau, sa queue ondule et s'agite vivement, ce qui lui donne une nage réaliste et produit de subtiles vibrations qui attirent les poissons.",捲尾鉛頭鉤（常被稱為「grub」）是一種用途極廣的軟塑膠假餌，身體呈圓形，尾巴細長彎曲，呈「J」字形。在水中收線時，尾巴會劇烈顫動，像在游泳般狂亂擺動，產生逼真的泳姿和細微的振動來吸引魚。,カーリーテール・ジグ（よく「グラブ」とも呼ばれる）は、丸いボディと、細くカーブした「J」字形のテールをもつ、汎用性の非常に高いソフトプラスチック製のルアーである。水中を引いてくると、テールが激しくはためいて泳ぐように動き、生き物のような動きと繊細な振動を生み出して魚を引き寄せる。,"O jig de cauda encaracolada (muitas vezes chamado ""grub"") é uma isca de pesca de plástico macio muito versátil, com um corpo redondo e uma cauda fina e curva em forma de ""J"". Quando a isca é recolhida na água, a cauda agita-se e ondula freneticamente, criando um movimento realista e uma vibração subtil que atraem os peixes.",卷尾铅头钩（常被称为「grub」）是一种用途极广的软塑胶假饵，身体呈圆形，尾巴细长弯曲，呈「J」字形。在水中收线时，尾巴会剧烈颤动，像在游泳般狂乱摆动，产生逼真的泳姿和细微的振动来吸引鱼。
STR_tools_cooler,Cooler,Cooler,Chladicí box,Kühlbox,Термобокс,Lodówka turystyczna,Hűtőláda,Borsa frigo,Nevera portátil,Glacière,保冷箱,クーラーボックス,Caixa térmica,保冷箱
STR_tools_cooler_desc,An insulated cooler for storing fish fillets. Slows or completely stops their natural decay so your catch stays fresh much longer than in a regular container.,An insulated cooler for storing fish fillets. Slows or completely stops their natural decay so your catch stays fresh much longer than in a regular container.,"Izolovaný chladicí box pro skladování rybích filetů. Zpomaluje nebo úplně zastavuje jejich přirozený rozklad, takže váš úlovek zůstane mnohem déle čerstvý než v běžné nádobě.","Eine isolierte Kühlbox zur Aufbewahrung von Fischfilets. Verlangsamt oder stoppt deren natürlichen Zerfall vollständig, damit dein Fang viel länger frisch bleibt als in einem normalen Behälter.","Термобокс с теплоизоляцией для хранения рыбного филе. Замедляет или полностью останавливает естественную порчу, поэтому ваш улов остаётся свежим гораздо дольше, чем в обычном контейнере.","Izolowana lodówka turystyczna do przechowywania filetów rybnych. Spowalnia lub całkowicie zatrzymuje ich naturalny rozkład, dzięki czemu twój połów pozostaje świeży znacznie dłużej niż w zwykłym pojemniku.","Szigetelt hűtőláda halfilék tárolására. Lelassítja vagy teljesen megállítja a természetes bomlásukat, így a fogásod sokkal tovább marad friss, mint egy normál tárolóban.","Un contenitore termico per conservare i filetti di pesce. Ne rallenta o ne blocca del tutto il naturale deterioramento, così il pescato resta fresco molto più a lungo che in un normale recipiente.",Una nevera portátil aislada para guardar filetes de pescado. Ralentiza o detiene por completo su descomposición natural para que tu captura se mantenga fresca mucho más tiempo que en un recipiente normal.,Une glacière isolée pour ranger les filets de poisson. Ralentit ou arrête complètement leur décomposition naturelle pour que votre prise reste fraîche bien plus longtemps que dans un contenant ordinaire.,隔熱保冷箱，用於存放魚片。減緩或完全停止它們的自然腐敗，使您的漁獲比在普通容器中保鮮得更久。,魚のフィレを保存するための断熱クーラーボックス。フィレの自然な腐敗を遅らせるか完全に止めるため、普通の容器に入れるよりも釣った魚をずっと長く新鮮に保てる。,"Uma caixa térmica isolada para guardar filetes de peixe. Abranda ou interrompe por completo a sua decomposição natural, para que o seu pescado se mantenha fresco durante muito mais tempo do que num recipiente comum.",隔热保冷箱，用于存放鱼片。减缓或完全停止它们的自然腐败，使您的渔获比在普通容器中保鲜得更久。
STR_tools_bluecooler,Blue Cooler,Blue Cooler,Modrý chladicí box,Blaue Kühlbox,Синий термобокс,Niebieska lodówka turystyczna,Kék hűtőláda,Borsa frigo blu,Nevera portátil azul,Glacière bleue,藍色保冷箱,青いクーラーボックス,Caixa térmica azul,蓝色保冷箱
STR_tools_redcooler,Red Cooler,Red Cooler,Červený chladicí box,Rote Kühlbox,Красный термобокс,Czerwona lodówka turystyczna,Piros hűtőláda,Borsa frigo rossa,Nevera portátil roja,Glacière rouge,紅色保冷箱,赤いクーラーボックス,Caixa térmica vermelha,红色保冷箱
STR_tools_yellowcooler,Yellow Cooler,Yellow Cooler,Žlutý chladicí box,Gelbe Kühlbox,Жёлтый термобокс,Żółta lodówka turystyczna,Sárga hűtőláda,Borsa frigo gialla,Nevera portátil amarilla,Glacière jaune,黃色保冷箱,黄色いクーラーボックス,Caixa térmica amarela,黄色保冷箱
STR_tools_orangecooler,Orange Cooler,Orange Cooler,Oranžový chladicí box,Orange Kühlbox,Оранжевый термобокс,Pomarańczowa lodówka turystyczna,Narancssárga hűtőláda,Borsa frigo arancione,Nevera portátil naranja,Glacière orange,橙色保冷箱,オレンジのクーラーボックス,Caixa térmica laranja,橙色保冷箱
STR_tools_browncooler,Brown Cooler,Brown Cooler,Hnědý chladicí box,Braune Kühlbox,Коричневый термобокс,Brązowa lodówka turystyczna,Barna hűtőláda,Borsa frigo marrone,Nevera portátil marrón,Glacière marron,棕色保冷箱,茶色のクーラーボックス,Caixa térmica castanha,棕色保冷箱
STR_tools_purplecooler,Purple Cooler,Purple Cooler,Fialový chladicí box,Lila Kühlbox,Фиолетовый термобокс,Fioletowa lodówka turystyczna,Lila hűtőláda,Borsa frigo viola,Nevera portátil morada,Glacière violette,紫色保冷箱,紫のクーラーボックス,Caixa térmica roxa,紫色保冷箱
STR_tools_pinkcooler,Pink Cooler,Pink Cooler,Růžový chladicí box,Rosa Kühlbox,Розовый термобокс,Różowa lodówka turystyczna,Rózsaszín hűtőláda,Borsa frigo rosa,Nevera portátil rosa,Glacière rose,粉色保冷箱,ピンクのクーラーボックス,Caixa térmica cor-de-rosa,粉色保冷箱
STR_tools_limecooler,Lime Cooler,Lime Cooler,Limetkový chladicí box,Limettengrüne Kühlbox,Лаймовый термобокс,Limonkowa lodówka turystyczna,Limezöld hűtőláda,Borsa frigo lime,Nevera portátil verde lima,Glacière vert lime,萊姆色保冷箱,ライムのクーラーボックス,Caixa térmica verde-lima,青柠色保冷箱
STR_tools_lightbluecooler,Light Blue Cooler,Light Blue Cooler,Světle modrý chladicí box,Hellblaue Kühlbox,Голубой термобокс,Jasnoniebieska lodówka turystyczna,Világoskék hűtőláda,Borsa frigo azzurra,Nevera portátil celeste,Glacière bleu clair,淺藍色保冷箱,ライトブルーのクーラーボックス,Caixa térmica azul-claro,浅蓝色保冷箱
STR_tools_greencooler,Green Cooler,Green Cooler,Zelený chladicí box,Grüne Kühlbox,Зелёный термобокс,Zielona lodówka turystyczna,Zöld hűtőláda,Borsa frigo verde,Nevera portátil verde,Glacière verte,綠色保冷箱,緑のクーラーボックス,Caixa térmica verde,绿色保冷箱
STR_tools_camocooler,Camouflage Cooler,Camouflage Cooler,Maskovací chladicí box,Tarn-Kühlbox,Камуфляжный термобокс,Lodówka turystyczna maskująca,Terepmintás hűtőláda,Borsa frigo mimetica,Nevera portátil de camuflaje,Glacière camouflage,迷彩保冷箱,カモフラージュのクーラーボックス,Caixa térmica camuflada,迷彩保冷箱
str_vehicles_jonboat,Jon Boat,Jon Boat,Pramice,Flachbodenboot,Плоскодонка,Łódź płaskodenna,Lapos fenekű csónak,Barca a fondo piatto,Barca de fondo plano,Barque à fond plat,平底船,ジョンボート,Barco de fundo chato,平底船
str_vehicles_jonboat_desc,A small flat-bottomed aluminum boat well suited for fishing on calm inland waters.,A small flat-bottomed aluminum boat well suited for fishing on calm inland waters.,Malý hliníkový člun s plochým dnem vhodný k rybaření na klidných vnitrozemských vodách.,Ein kleines Aluminiumboot mit flachem Boden. Ideal zum Angeln auf ruhigen Binnengewässern.,Небольшая алюминиевая лодка с плоским дном. Отлично подходит для рыбалки на спокойных внутренних водоёмах.,Mała aluminiowa łódź o płaskim dnie. Idealna do wędkowania na spokojnych wodach śródlądowych.,"Kis, lapos fenekű alumíniumcsónak, amely kiválóan alkalmas horgászatra nyugodt belföldi vizeken.",Una piccola barca in alluminio a fondo piatto. Ideale per pescare su acque interne calme.,Una pequeña barca de aluminio de fondo plano. Ideal para pescar en aguas interiores tranquilas.,Une petite barque en aluminium à fond plat. Idéale pour pêcher sur des eaux intérieures calmes.,一種小型平底鋁製船。非常適合在平靜的內陸水域釣魚。,平底の小型アルミボート。穏やかな内水面での釣りに最適。,Um pequeno barco de alumínio de fundo chato. Ideal para pescar em águas interiores calmas.,一种小型平底铝制船。非常适合在平静的内陆水域钓鱼。
str_vehicles_jonboat_deck,Deck Mount,Deck Mount,Držák na palubě,Deckhalterung,Крепление на палубе,Mocowanie pokładowe,Fedélzeti tartó,Supporto sul ponte,Soporte de cubierta,Support de pont,甲板固定座,デッキマウント,Suporte de convés,甲板固定座
